batch_id,corpus_name,source_archive,file_name,file_path,title_original,title_normalized,publication,publication_normalized,date,byline,word_count,body_char_count,body_hash_exact,duplicate_group_id,duplicate_category,keep_drop_review,drop_reason,kept_representative_of_group,representative_selection_reason,malformed_flag,malformed_reason,notes,section,low_value_flag,low_value_reason
2024-12,Main Corpus,2024-12(50).ZIP,Abschiebung kann Probleme bringen Asyl In Ostfriesland leben rund 5500 Syrer   Die meisten sind beru.PDF,C:\PythonProjects\AfD-project\Corpora\Main Corpus\2024-12\raw_unarchive\Abschiebung kann Probleme bringen Asyl In Ostfriesland leben rund 5500 Syrer   Die meisten sind beru.PDF,Abschiebung kann Probleme bringen; Asyl In Ostfriesland leben rund 5500 Syrer Die meisten sind berufstätig,abschiebung kann probleme bringen asyl in ostfriesland leben rund 5500 syrer die meisten sind berufstätig,Nordwest-Zeitung,nordwestzeitung,17. Dezember 2024,,587,4139,c0d31ae8d7baf11d781ae4ce1c223a889ad61967,,unique,keep,,no,,no,,,OSTFRIESLAND; S. 6,no,
2024-12,Main Corpus,2024-12(50).ZIP,Asylanträge von Syrern liegen vorerst auf Eis Bamf Aufgrund der unklaren Lage in dem Land stoppt das.PDF,C:\PythonProjects\AfD-project\Corpora\Main Corpus\2024-12\raw_unarchive\Asylanträge von Syrern liegen vorerst auf Eis Bamf Aufgrund der unklaren Lage in dem Land stoppt das.PDF,Asylanträge von Syrern liegen vorerst auf Eis Bamf Aufgrund der unklaren Lage in dem Land stoppt das,asylanträge von syrern liegen vorerst auf eis bamf aufgrund der unklaren lage in dem land stoppt das,Südwest Presse,südwest presse,Dienstag 10. Dezember 2024,,309,2183,04e06b85f8df8b35719954292027c3cafb1b6a18,,unique,keep,,no,,no,,,POLITIK; S. 1; Band 80; Ausg. 286,no,
2024-12,Main Corpus,2024-12(50).ZIP,"Bamf stoppt Asylverfahren von Syrern Aus NRW heißt es, für neue Bewertungen sei es nach dem Umsturz.PDF","C:\PythonProjects\AfD-project\Corpora\Main Corpus\2024-12\raw_unarchive\Bamf stoppt Asylverfahren von Syrern Aus NRW heißt es, für neue Bewertungen sei es nach dem Umsturz.PDF","Bamf stoppt Asylverfahren von Syrern Aus NRW heißt es, für neue Bewertungen sei es nach dem Umsturz",bamf stoppt asylverfahren von syrern aus nrw heisst es für neue bewertungen sei es nach dem umsturz,Rheinische Post,rheinische post,Dienstag 10. Dezember 2024,unbekannt,326,2228,895165c9cb350443803a21af3828f8b2445bc8b1,,unique,keep,,no,,no,,,S. 1,no,
2024-12,Main Corpus,2024-12(50).ZIP,Brüssel will nicht handeln Nach dem Sturz des Assad-Regimes in Syrien finden die EU-Mitgliedsstaaten.PDF,C:\PythonProjects\AfD-project\Corpora\Main Corpus\2024-12\raw_unarchive\Brüssel will nicht handeln Nach dem Sturz des Assad-Regimes in Syrien finden die EU-Mitgliedsstaaten.PDF,Brüssel will nicht handeln Nach dem Sturz des Assad-Regimes in Syrien finden die EU-Mitgliedsstaaten keine,brüssel will nicht handeln nach dem sturz des assadregimes in syrien finden die eumitgliedsstaaten keine,"taz, die tageszeitung",taz die tageszeitung,Donnerstag 12. Dezember 2024,Eric Bonse,563,4124,89e054568881de480341c8da411e6e28d2f532b7,,unique,keep,,no,,no,,,AUSLAND; S. 10,no,
2024-12,Main Corpus,2024-12(50).ZIP,Bundesamt setzt Asyl-Prüfungen für Syrer aus 46.000 Verfahren liegen auf Eis. Wie sieht Rot-Grün ein.PDF,C:\PythonProjects\AfD-project\Corpora\Main Corpus\2024-12\raw_unarchive\Bundesamt setzt Asyl-Prüfungen für Syrer aus 46.000 Verfahren liegen auf Eis. Wie sieht Rot-Grün ein.PDF,Bundesamt setzt Asyl-Prüfungen für Syrer aus 46.000 Verfahren liegen auf Eis. Wie sieht Rot-Grün eine,bundesamt setzt asylprüfungen für syrer aus 46000 verfahren liegen auf eis wie sieht rotgrün eine,Die Welt,die welt,Dienstag 10. Dezember 2024,Marcel Leubecher,688,4951,bcc3fe0d36a3ecbd7d33841c202ecaded381e0d7,,unique,keep,,no,,no,,,Titel; S. 1; Ausg. 240,no,
2024-12,Main Corpus,2024-12(50).ZIP,Bürgergeldbezug_ Anteil der Ausländer wächst Fluchtbewegungen wirken sich auf die Gruppe der Empfäng.PDF,C:\PythonProjects\AfD-project\Corpora\Main Corpus\2024-12\raw_unarchive\Bürgergeldbezug_ Anteil der Ausländer wächst Fluchtbewegungen wirken sich auf die Gruppe der Empfäng.PDF,Bürgergeldbezug: Anteil der Ausländer wächst Fluchtbewegungen wirken sich auf die Gruppe der Empfänger,bürgergeldbezug anteil der ausländer wächst fluchtbewegungen wirken sich auf die gruppe der empfänger,Die Welt,die welt,Montag 16. Dezember 2024,Jan Klauth,598,4349,4c3bb9cc89838f974d40fa51740e27f2d2c7bb56,,unique,keep,,no,,no,,,Wirtschaft; S. 10; Ausg. 244,no,
2024-12,Main Corpus,2024-12(50).ZIP,CDU will finanziellen Anreiz für Rückführung Fast eine Million Syrer leben in Deutschland. Nach Assa(2).PDF,C:\PythonProjects\AfD-project\Corpora\Main Corpus\2024-12\raw_unarchive\CDU will finanziellen Anreiz für Rückführung Fast eine Million Syrer leben in Deutschland. Nach Assa(2).PDF,CDU will finanziellen Anreiz für Rückführung Fast eine Million Syrer leben in Deutschland. Nach Assads Sturz,cdu will finanziellen anreiz für rückführung fast eine million syrer leben in deutschland nach assads sturz,Rheinische Post,rheinische post,Dienstag 10. Dezember 2024,"Jan Drebes, Timo Sieg",736,5369,e98db96a29303f25dac89b50bad5f8a546e7eaaf,variant_001,regional_variant,drop,regional_variant,no,,no,,Dropped in favor of representative file: CDU will finanziellen Anreiz für Rückführung Fast eine Million Syrer leben in Deutschland. Nach Assa.PDF (variant_001).,S. 3,no,
2024-12,Main Corpus,2024-12(50).ZIP,CDU will finanziellen Anreiz für Rückführung Fast eine Million Syrer leben in Deutschland. Nach Assa.PDF,C:\PythonProjects\AfD-project\Corpora\Main Corpus\2024-12\raw_unarchive\CDU will finanziellen Anreiz für Rückführung Fast eine Million Syrer leben in Deutschland. Nach Assa.PDF,CDU will finanziellen Anreiz für Rückführung; Fast eine Million Syrer leben in Deutschland. Nach Assads Sturz,cdu will finanziellen anreiz für rückführung fast eine million syrer leben in deutschland nach assads sturz,Rheinische Post,rheinische post,Dienstag 10. Dezember 2024,"Jan Drebes, Timo Sieg",736,5369,b1074815ef413a6ce10b9764645a9ddf59315c80,variant_001,regional_variant,keep,,yes,cleanest_parsed_version,no,,Representative kept for variant_001.,S. 3,no,
2024-12,Main Corpus,2024-12(50).ZIP,Das Recht auf Wahrheit Über 100.000 Menschen wurden Opfer der systematischen Folterungen unter Basch.PDF,C:\PythonProjects\AfD-project\Corpora\Main Corpus\2024-12\raw_unarchive\Das Recht auf Wahrheit Über 100.000 Menschen wurden Opfer der systematischen Folterungen unter Basch.PDF,Das Recht auf Wahrheit Über 100.000 Menschen wurden Opfer der systematischen Folterungen unter Baschar,das recht auf wahrheit über 100000 menschen wurden opfer der systematischen folterungen unter baschar,Welt am Sonntag,welt am sonntag,15. Dezember 2024,Eva Marie Kogel,945,6661,84090b1b8502390a97d277506d6f88fa8e324385,,unique,keep,,no,,no,,,FORUM; LEITARTIKEL; S. 12; Ausg. 50,yes,commentary_noncore
2024-12,Main Corpus,2024-12(50).ZIP,Debatte über Flüchtlinge.PDF,C:\PythonProjects\AfD-project\Corpora\Main Corpus\2024-12\raw_unarchive\Debatte über Flüchtlinge.PDF,Debatte über Flüchtlinge,debatte über flüchtlinge,Frankfurter Rundschau,frankfurter rundschau,Dienstag 10. Dezember 2024,,612,4229,814ff890b92806368fa4b5e1bb5688e0b3df3b30,,unique,keep,,no,,no,,,POLITIK; S. 2,no,
2024-12,Main Corpus,2024-12(50).ZIP,Debatte über Verbleib der Syrer CDU für Unterstützung der Ausreise. Bundesamt stoppt Entscheidungen.PDF,C:\PythonProjects\AfD-project\Corpora\Main Corpus\2024-12\raw_unarchive\Debatte über Verbleib der Syrer CDU für Unterstützung der Ausreise. Bundesamt stoppt Entscheidungen.PDF,Debatte über Verbleib der Syrer; CDU für Unterstützung der Ausreise. Bundesamt stoppt Entscheidungen über,debatte über verbleib der syrer cdu für unterstützung der ausreise bundesamt stoppt entscheidungen über,Berliner Zeitung,berliner zeitung,10. Dezember 2024,"Paul HoFfmann, Cedric Rehman",820,5783,cdad53aa2d2235ebbd8bc859d90a0b8b90ad1f29,,unique,keep,,no,,no,,,TITEL; S. 1,no,
2024-12,Main Corpus,2024-12(50).ZIP,Deutschland gewährte Asyl trotz wiederholter Drohungen Vor dem Attentat von Magdeburg haben Sicherhe(2).PDF,C:\PythonProjects\AfD-project\Corpora\Main Corpus\2024-12\raw_unarchive\Deutschland gewährte Asyl trotz wiederholter Drohungen Vor dem Attentat von Magdeburg haben Sicherhe(2).PDF,Deutschland gewährte Asyl trotz wiederholter Drohungen Vor dem Attentat von Magdeburg haben,deutschland gewährte asyl trotz wiederholter drohungen vor dem attentat von magdeburg haben,Rheinische Post,rheinische post,Dienstag 24. Dezember 2024,Sina Zehrfeld,364,2718,cc7daced83443682cd47ab8b77807c93d20346b0,exact_001,duplicate_exact,drop,duplicate_exact,no,,no,,Dropped in favor of representative file: Deutschland gewährte Asyl trotz wiederholter Drohungen Vor dem Attentat von Magdeburg haben Sicherhe.PDF (exact_001).,S. 5,no,
2024-12,Main Corpus,2024-12(50).ZIP,Deutschland gewährte Asyl trotz wiederholter Drohungen Vor dem Attentat von Magdeburg haben Sicherhe.PDF,C:\PythonProjects\AfD-project\Corpora\Main Corpus\2024-12\raw_unarchive\Deutschland gewährte Asyl trotz wiederholter Drohungen Vor dem Attentat von Magdeburg haben Sicherhe.PDF,Deutschland gewährte Asyl trotz wiederholter Drohungen Vor dem Attentat von Magdeburg haben,deutschland gewährte asyl trotz wiederholter drohungen vor dem attentat von magdeburg haben,Rheinische Post,rheinische post,Dienstag 24. Dezember 2024,Sina Zehrfeld,364,2718,cc7daced83443682cd47ab8b77807c93d20346b0,exact_001,duplicate_exact,keep,,yes,cleanest_parsed_version,no,,Representative kept for exact_001.,S. 5,no,
2024-12,Main Corpus,2024-12(50).ZIP,Ein Schock für das ganze Land.PDF,C:\PythonProjects\AfD-project\Corpora\Main Corpus\2024-12\raw_unarchive\Ein Schock für das ganze Land.PDF,Ein Schock für das ganze Land,ein schock für das ganze land,Südwest Presse,südwest presse,Dienstag 31. Dezember 2024,,369,2624,947c6227c659b030e3f85cc9fe03f111d482643c,,unique,keep,,no,,no,,,SÜDWESTUMSCHAU; S. 6; Band 80; Ausg. 302,no,
2024-12,Main Corpus,2024-12(50).ZIP,"Einbürgern und abschieben 1,3 Millionen Menschen mit syrischem Hintergrund leben in Deutschland. Fas.PDF","C:\PythonProjects\AfD-project\Corpora\Main Corpus\2024-12\raw_unarchive\Einbürgern und abschieben 1,3 Millionen Menschen mit syrischem Hintergrund leben in Deutschland. Fas.PDF","Einbürgern und abschieben 1,3 Millionen Menschen mit syrischem Hintergrund leben in Deutschland. Fast 90",einbürgern und abschieben 13 millionen menschen mit syrischem hintergrund leben in deutschland fast 90,Berliner Zeitung,berliner zeitung,13. Dezember 2024,Anne-Kattrin Palmer,610,4489,677d1d0c2983061817c57ade0990734c49ab9368,,unique,keep,,no,,no,,,POLITIK; S. 13,no,
2024-12,Main Corpus,2024-12(50).ZIP,Es fehlt nur noch der Strom Container Altheim_Alb kann 35 Flüchtlinge wegen Verzögerungen erst viel.PDF,C:\PythonProjects\AfD-project\Corpora\Main Corpus\2024-12\raw_unarchive\Es fehlt nur noch der Strom Container Altheim_Alb kann 35 Flüchtlinge wegen Verzögerungen erst viel.PDF,Es fehlt nur noch der Strom Container Altheim/Alb kann 35 Flüchtlinge wegen Verzögerungen erst viel später,es fehlt nur noch der strom container altheimalb kann 35 flüchtlinge wegen verzögerungen erst viel später,Südwest Presse,südwest presse,Samstag 21. Dezember 2024,,325,2218,743f4925e11845386db8cb18e2e29e8e65b7b794,,unique,keep,,no,,no,,,ALB^-DONAU^-KREIS und REGION; S. 26; Band 80; Ausg. 296,no,
2024-12,Main Corpus,2024-12(50).ZIP,EU streitet über Abschiebung von Flüchtlingen nach Syrien Die Innenminister sind uneins über die Fra.PDF,C:\PythonProjects\AfD-project\Corpora\Main Corpus\2024-12\raw_unarchive\EU streitet über Abschiebung von Flüchtlingen nach Syrien Die Innenminister sind uneins über die Fra.PDF,"EU streitet über Abschiebung von Flüchtlingen nach Syrien; Die Innenminister sind uneins über die Frage, ob",eu streitet über abschiebung von flüchtlingen nach syrien die innenminister sind uneins über die frage ob,Die Welt,die welt,Freitag 13. Dezember 2024,Christoph B. Schiltz,647,4745,36f8aa6cf8badc4d834f55849aa09b525383669c,,unique,keep,,no,,no,,,Titel; S. 1; Ausg. 243,no,
2024-12,Main Corpus,2024-12(50).ZIP,Filiz Polat lobt Arbeit des Refugiums Migration Grünen-Politikerin zu Besuch in Brake   Mehr Digital.PDF,C:\PythonProjects\AfD-project\Corpora\Main Corpus\2024-12\raw_unarchive\Filiz Polat lobt Arbeit des Refugiums Migration Grünen-Politikerin zu Besuch in Brake   Mehr Digital.PDF,Filiz Polat lobt Arbeit des Refugiums; Migration Grünen-Politikerin zu Besuch in Brake Mehr Digitalisierung,filiz polat lobt arbeit des refugiums migration grünenpolitikerin zu besuch in brake mehr digitalisierung,Nordwest-Zeitung,nordwestzeitung,17. Dezember 2024,,251,1872,d8824ecadca8b6d0799813b80ecffd8471bc8c7f,,unique,keep,,no,,no,,,BRAKE; S. 21,no,
2024-12,Main Corpus,2024-12(50).ZIP,Für Abschiebung kommen viele Syrer nicht infrage Seit dem Sturz des Assad-Regimes diskutiert die Pol.PDF,C:\PythonProjects\AfD-project\Corpora\Main Corpus\2024-12\raw_unarchive\Für Abschiebung kommen viele Syrer nicht infrage Seit dem Sturz des Assad-Regimes diskutiert die Pol.PDF,Für Abschiebung kommen viele Syrer nicht infrage; Seit dem Sturz des Assad-Regimes diskutiert die Politik,für abschiebung kommen viele syrer nicht infrage seit dem sturz des assadregimes diskutiert die politik,Die Welt,die welt,Montag 16. Dezember 2024,Ricarda Breyton,710,5398,88722bfa0b298b515f5170e94696771655ca6cba,,unique,keep,,no,,no,,,Titel; S. 1; Ausg. 244,no,
2024-12,Main Corpus,2024-12(50).ZIP,Geflüchtete in den Arbeitsmarkt integrieren Auf dem deutschen Arbeitsmarkt fehlen Mitarbeiter. Nicht.PDF,C:\PythonProjects\AfD-project\Corpora\Main Corpus\2024-12\raw_unarchive\Geflüchtete in den Arbeitsmarkt integrieren Auf dem deutschen Arbeitsmarkt fehlen Mitarbeiter. Nicht.PDF,Geflüchtete in den Arbeitsmarkt integrieren; Auf dem deutschen Arbeitsmarkt fehlen Mitarbeiter. Nicht nur,geflüchtete in den arbeitsmarkt integrieren auf dem deutschen arbeitsmarkt fehlen mitarbeiter nicht nur,Rheinische Post,rheinische post,Freitag 20. Dezember 2024,Martin Brock-Konzen,858,6068,49442aa3386f69f521b500dec5b1f116811ccaa9,,unique,keep,,no,,no,,,S. 18,no,
2024-12,Main Corpus,2024-12(50).ZIP,Geflüchtete in Heimen ohne Integrationschance Der Verein Flüchtlingshilfe Langenfeld beklagt in sein.PDF,C:\PythonProjects\AfD-project\Corpora\Main Corpus\2024-12\raw_unarchive\Geflüchtete in Heimen ohne Integrationschance Der Verein Flüchtlingshilfe Langenfeld beklagt in sein.PDF,Geflüchtete in Heimen ohne Integrationschance; Der Verein Flüchtlingshilfe Langenfeld beklagt in seinem,geflüchtete in heimen ohne integrationschance der verein flüchtlingshilfe langenfeld beklagt in seinem,Rheinische Post,rheinische post,Samstag 28. Dezember 2024,Dorothee Schmidt-Elmendorff,818,6317,0402a7b0526660a458889b29471b9c3f04c8209b,,unique,keep,,no,,no,,,S. 24,no,
2024-12,Main Corpus,2024-12(50).ZIP,Geflüchtete klagen.PDF,C:\PythonProjects\AfD-project\Corpora\Main Corpus\2024-12\raw_unarchive\Geflüchtete klagen.PDF,Geflüchtete klagen,geflüchtete klagen,Der Tagesspiegel,der tagesspiegel,Freitag 20. Dezember 2024,,204,1552,a0a44f2985c35b3d78b0778b91e5a02d0a868407,,unique,keep,,no,,no,,,BRANDENBURG; Brandenburg; S. B11,no,
2024-12,Main Corpus,2024-12(50).ZIP,"Gegen die Abschiebedebatte Dass der Bund Asylverfahren von Syrer_innen gestoppt hat, sei falsch, fin.PDF","C:\PythonProjects\AfD-project\Corpora\Main Corpus\2024-12\raw_unarchive\Gegen die Abschiebedebatte Dass der Bund Asylverfahren von Syrer_innen gestoppt hat, sei falsch, fin.PDF","Gegen die Abschiebedebatte Dass der Bund Asylverfahren von Syrer*innen gestoppt hat, sei falsch, findet der",gegen die abschiebedebatte dass der bund asylverfahren von syrerinnen gestoppt hat sei falsch findet der,"taz, die tageszeitung",taz die tageszeitung,Donnerstag 12. Dezember 2024,Uta Schleiermacher,648,4656,0facd6d0f52fd22303cd7820999a07918248c74d,,unique,keep,,no,,no,,,BERLIN AKTUELL; S. 21,no,
2024-12,Main Corpus,2024-12(50).ZIP,Gentges_ Fluchtgrund entfällt Syrien Wann ist der richtige Zeitpunkt für die Rückkehr Geflüchteter_.PDF,C:\PythonProjects\AfD-project\Corpora\Main Corpus\2024-12\raw_unarchive\Gentges_ Fluchtgrund entfällt Syrien Wann ist der richtige Zeitpunkt für die Rückkehr Geflüchteter_.PDF,Gentges: Fluchtgrund entfällt Syrien Wann ist der richtige Zeitpunkt für die Rückkehr Geflüchteter? Auch im,gentges fluchtgrund entfällt syrien wann ist der richtige zeitpunkt für die rückkehr geflüchteter auch im,Südwest Presse,südwest presse,Mittwoch 11. Dezember 2024,,665,4782,9c23914a2dcf9179bf5140eca59b5c134c483147,,unique,keep,,no,,no,,,SÜDWESTUMSCHAU; S. 5; Band 80; Ausg. 287,no,
2024-12,Main Corpus,2024-12(50).ZIP,Hessen gibt erste Bezahlkarten aus.PDF,C:\PythonProjects\AfD-project\Corpora\Main Corpus\2024-12\raw_unarchive\Hessen gibt erste Bezahlkarten aus.PDF,Hessen gibt erste Bezahlkarten aus,hessen gibt erste bezahlkarten aus,Frankfurter Rundschau,frankfurter rundschau,Samstag 14. Dezember 2024,,471,3391,8550eef0b43628ec276afbf5929ad527778a5998,,unique,keep,,no,,no,,,HESSEN; S. D4,no,
2024-12,Main Corpus,2024-12(50).ZIP,Ist die Bezahlkarte rassistisch oder smart_ In Hessen und Baden-Württemberg werden die ersten Bankka.PDF,C:\PythonProjects\AfD-project\Corpora\Main Corpus\2024-12\raw_unarchive\Ist die Bezahlkarte rassistisch oder smart_ In Hessen und Baden-Württemberg werden die ersten Bankka.PDF,Ist die Bezahlkarte rassistisch oder smart? In Hessen und Baden-Württemberg werden die ersten Bankkarten,ist die bezahlkarte rassistisch oder smart in hessen und badenwürttemberg werden die ersten bankkarten,"taz, die tageszeitung",taz die tageszeitung,Montag 23. Dezember 2024,"Benno Stieber, Ya mur Ekim Çay",537,4106,6274c4302a8b8142a0ba81e70a3512b9bd6633fa,,unique,keep,,no,,no,,,INLAND; S. 4,no,
2024-12,Main Corpus,2024-12(50).ZIP,Italien bleibt für Geflüchtete zuständig EuGH_ Deutschland ist nicht automatisch für Dublin-Flüchtli.PDF,C:\PythonProjects\AfD-project\Corpora\Main Corpus\2024-12\raw_unarchive\Italien bleibt für Geflüchtete zuständig EuGH_ Deutschland ist nicht automatisch für Dublin-Flüchtli.PDF,Italien bleibt für Geflüchtete zuständig; EuGH: Deutschland ist nicht automatisch für Dublin-Flüchtlinge,italien bleibt für geflüchtete zuständig eugh deutschland ist nicht automatisch für dublinflüchtlinge,"taz, die tageszeitung",taz die tageszeitung,Freitag 20. Dezember 2024,Christian Rath,270,2042,5b6f36e982ee01ddb9d63a14281c922b55444909,,unique,keep,,no,,no,,,INLAND; S. 6,no,
2024-12,Main Corpus,2024-12(50).ZIP,Kriminelle Migranten.PDF,C:\PythonProjects\AfD-project\Corpora\Main Corpus\2024-12\raw_unarchive\Kriminelle Migranten.PDF,Kriminelle Migranten,kriminelle migranten,Der Tagesspiegel,der tagesspiegel,Samstag 28. Dezember 2024,,381,2795,d77dea0fddebea0ec796a35437c39fb00547b31e,,unique,keep,,no,,no,,,BRANDENBURG; Brandenburg; S. B14,no,
2024-12,Main Corpus,2024-12(50).ZIP,Lauterbach_ Syrische Ärzte sind unabkömmlich Über 6000 Mediziner praktizieren in Deutschland. Klinik.PDF,C:\PythonProjects\AfD-project\Corpora\Main Corpus\2024-12\raw_unarchive\Lauterbach_ Syrische Ärzte sind unabkömmlich Über 6000 Mediziner praktizieren in Deutschland. Klinik.PDF,Lauterbach: Syrische Ärzte sind unabkömmlich Über 6000 Mediziner praktizieren in Deutschland.,lauterbach syrische ärzte sind unabkömmlich über 6000 mediziner praktizieren in deutschland,Berliner Zeitung,berliner zeitung,12. Dezember 2024,Franz Becchi,397,2994,07526487fbc556b99bba5bdec7ed052ce2e49c3a,,unique,keep,,no,,no,,,POLITIK; S. 13,no,
2024-12,Main Corpus,2024-12(50).ZIP,"Länger im Land, eher erwerbstätig 86 Prozent der Flüchtlinge gingen nach acht Jahren in Deutschland(2).PDF","C:\PythonProjects\AfD-project\Corpora\Main Corpus\2024-12\raw_unarchive\Länger im Land, eher erwerbstätig 86 Prozent der Flüchtlinge gingen nach acht Jahren in Deutschland(2).PDF","Länger im Land, eher erwerbstätig 86 Prozent der Flüchtlinge gingen nach acht Jahren in Deutschland einer",länger im land eher erwerbstätig 86 prozent der flüchtlinge gingen nach acht jahren in deutschland einer,Rheinische Post,rheinische post,Donnerstag 5. Dezember 2024,Timo Sieg,414,3121,2a5463e663aa4f842fbbae0ce0fa282219bfa8c4,variant_002,regional_variant,drop,regional_variant,no,,no,,"Dropped in favor of representative file: Länger im Land, eher erwerbstätig 86 Prozent der Flüchtlinge gingen nach acht Jahren in Deutschland.PDF (variant_002).",S. 4,no,
2024-12,Main Corpus,2024-12(50).ZIP,"Länger im Land, eher erwerbstätig 86 Prozent der Flüchtlinge gingen nach acht Jahren in Deutschland.PDF","C:\PythonProjects\AfD-project\Corpora\Main Corpus\2024-12\raw_unarchive\Länger im Land, eher erwerbstätig 86 Prozent der Flüchtlinge gingen nach acht Jahren in Deutschland.PDF","Länger im Land, eher erwerbstätig; 86 Prozent der Flüchtlinge gingen nach acht Jahren in Deutschland einer",länger im land eher erwerbstätig 86 prozent der flüchtlinge gingen nach acht jahren in deutschland einer,Rheinische Post,rheinische post,Donnerstag 5. Dezember 2024,Timo Sieg,414,3121,46f2305cd85afbaf076b234197d78916a571f1d3,variant_002,regional_variant,keep,,yes,cleanest_parsed_version,no,,Representative kept for variant_002.,S. 4,no,
2024-12,Main Corpus,2024-12(50).ZIP,Mitten im Wahlkampf.PDF,C:\PythonProjects\AfD-project\Corpora\Main Corpus\2024-12\raw_unarchive\Mitten im Wahlkampf.PDF,Mitten im Wahlkampf,mitten im wahlkampf,Der Tagesspiegel,der tagesspiegel,Dienstag 10. Dezember 2024,,619,4504,0a6d2815219798039fc237bc28730b57a34f42bb,,unique,keep,,no,,no,,,POLITIK; Politik; S. 4,no,
2024-12,Main Corpus,2024-12(50).ZIP,Nach Assads Sturz.PDF,C:\PythonProjects\AfD-project\Corpora\Main Corpus\2024-12\raw_unarchive\Nach Assads Sturz.PDF,Nach Assads Sturz,nach assads sturz,Der Tagesspiegel,der tagesspiegel,Dienstag 10. Dezember 2024,,373,2786,51ac195dee6f2fa4f8d711217cd74c4477deae5d,,unique,keep,,no,,no,,,TITELSEITE; Titelseite; S. 1,no,
2024-12,Main Corpus,2024-12(50).ZIP,Nun kommt es drauf an _ Reaktionen in Deutschland Union sieht Hoffnung auf Rückkehr von syrischen Fl.PDF,C:\PythonProjects\AfD-project\Corpora\Main Corpus\2024-12\raw_unarchive\Nun kommt es drauf an _ Reaktionen in Deutschland Union sieht Hoffnung auf Rückkehr von syrischen Fl.PDF,Nun kommt es drauf an : Reaktionen in Deutschland Union sieht Hoffnung auf Rückkehr von syrischen,nun kommt es drauf an  reaktionen in deutschland union sieht hoffnung auf rückkehr von syrischen,Die Welt,die welt,Montag 9. Dezember 2024,Johannes Wiedemann,570,4176,ec6f9062b295e94a23395f3d0790221795a94c00,,unique,keep,,no,,no,,,Titel; S. 1; Ausg. 239,no,
2024-12,Main Corpus,2024-12(50).ZIP,Pressestimmen.PDF,C:\PythonProjects\AfD-project\Corpora\Main Corpus\2024-12\raw_unarchive\Pressestimmen.PDF,Pressestimmen,pressestimmen,Nordwest-Zeitung,nordwestzeitung,24. Dezember 2024,,219,1619,b910cdf63a2adac9b62571d025845bce6eb6a8c0,,unique,drop,commentary_noncore,no,,no,,,MEINUNG; S. 18,yes,commentary_noncore
2024-12,Main Corpus,2024-12(50).ZIP,Schicksal der Flüchtlinge.PDF,C:\PythonProjects\AfD-project\Corpora\Main Corpus\2024-12\raw_unarchive\Schicksal der Flüchtlinge.PDF,Schicksal der Flüchtlinge,schicksal der flüchtlinge,Der Tagesspiegel,der tagesspiegel,Donnerstag 12. Dezember 2024,,1072,8050,9be69c246db590dbe444dbfa909ac00f48fde3c9,,unique,keep,,no,,no,,,POLITIK; Politik; S. 9,no,
2024-12,Main Corpus,2024-12(50).ZIP,So sieht das Asylrecht für Syrer jetzt aus Regierungswechsel Eine Rückkehr von Flüchtlingen aus Deut.PDF,C:\PythonProjects\AfD-project\Corpora\Main Corpus\2024-12\raw_unarchive\So sieht das Asylrecht für Syrer jetzt aus Regierungswechsel Eine Rückkehr von Flüchtlingen aus Deut.PDF,So sieht das Asylrecht für Syrer jetzt aus Regierungswechsel Eine Rückkehr von Flüchtlingen aus Deutschland,so sieht das asylrecht für syrer jetzt aus regierungswechsel eine rückkehr von flüchtlingen aus deutschland,Nordwest-Zeitung,nordwestzeitung,11. Dezember 2024,,406,3017,310e46eda94eedc19e1d4d86dfd54246943794c6,,unique,keep,,no,,no,,,NACHRICHTEN POLITIK; S. 13,no,
2024-12,Main Corpus,2024-12(50).ZIP,Stadtverwaltung beobachtet weitere Entwicklung.PDF,C:\PythonProjects\AfD-project\Corpora\Main Corpus\2024-12\raw_unarchive\Stadtverwaltung beobachtet weitere Entwicklung.PDF,Stadtverwaltung beobachtet weitere Entwicklung,stadtverwaltung beobachtet weitere entwicklung,Rheinische Post,rheinische post,Dienstag 17. Dezember 2024,Wolfgang Weitzdörfer,296,2095,6005a0c5f44342fe5c9c0b3e53f7e5d235f8f57b,,unique,keep,,no,,no,,,S. 23,no,
2024-12,Main Corpus,2024-12(50).ZIP,"Syrer in Deutschland_ Schrille Debatte, kein Plan.PDF","C:\PythonProjects\AfD-project\Corpora\Main Corpus\2024-12\raw_unarchive\Syrer in Deutschland_ Schrille Debatte, kein Plan.PDF","Syrer in Deutschland: Schrille Debatte, kein Plan",syrer in deutschland schrille debatte kein plan,Die Welt,die welt,Donnerstag 19. Dezember 2024,Jan Klauth,690,4886,90ad7ba4caf453386e38b88001fc1283418afa52,,unique,drop,commentary_noncore,no,,no,,,POLITIK; KOMMENTAR; S. 7; Ausg. 247,yes,commentary_noncore
2024-12,Main Corpus,2024-12(50).ZIP,Taschengeld für Migranten Berlins Flüchtlingskoordinator Broemme fordert einen härteren Kurs bei Zuw.PDF,C:\PythonProjects\AfD-project\Corpora\Main Corpus\2024-12\raw_unarchive\Taschengeld für Migranten Berlins Flüchtlingskoordinator Broemme fordert einen härteren Kurs bei Zuw.PDF,Taschengeld für Migranten Berlins Flüchtlingskoordinator Broemme fordert einen härteren Kurs bei,taschengeld für migranten berlins flüchtlingskoordinator broemme fordert einen härteren kurs bei,Berliner Zeitung,berliner zeitung,09. Dezember 2024,Anne-Kattrin Palmer,762,5586,07d899f963b732401ed2c1cd768de67c477a0085,,unique,keep,,no,,no,,,TITEL; S. 1,no,
2024-12,Main Corpus,2024-12(50).ZIP,Ukraine -Flüchtlinge_ Schweiz verschärft den Kurs Der Schutzstatus soll nicht mehr automatisch gewäh.PDF,C:\PythonProjects\AfD-project\Corpora\Main Corpus\2024-12\raw_unarchive\Ukraine -Flüchtlinge_ Schweiz verschärft den Kurs Der Schutzstatus soll nicht mehr automatisch gewäh.PDF,Ukraine-Flüchtlinge: Schweiz verschärft den Kurs; Der Schutzstatus soll nicht mehr automatisch gewährt,ukraineflüchtlinge schweiz verschärft den kurs der schutzstatus soll nicht mehr automatisch gewährt,Die Welt,die welt,Freitag 6. Dezember 2024,Marcel Leubecher,851,6181,18cd9406024bf0540ef089812c6cb0fd9988b001,,unique,keep,,no,,no,,,Politik; S. 4; Ausg. 238,no,
2024-12,Main Corpus,2024-12(50).ZIP,Viele offene Fragen zur Rückkehr syrischer Flüchtlinge(2).PDF,C:\PythonProjects\AfD-project\Corpora\Main Corpus\2024-12\raw_unarchive\Viele offene Fragen zur Rückkehr syrischer Flüchtlinge(2).PDF,Viele offene Fragen zur Rückkehr syrischer Flüchtlinge,viele offene fragen zur rückkehr syrischer flüchtlinge,Rheinische Post,rheinische post,Donnerstag 12. Dezember 2024,"Jan Drebes, Birgit Marschall",532,4004,6d1aa6af91eecc0436addb7408488fab79d27e71,exact_002,duplicate_exact,drop,duplicate_exact,no,,no,,Dropped in favor of representative file: Viele offene Fragen zur Rückkehr syrischer Flüchtlinge.PDF (exact_002).,S. 6,no,
2024-12,Main Corpus,2024-12(50).ZIP,Viele offene Fragen zur Rückkehr syrischer Flüchtlinge.PDF,C:\PythonProjects\AfD-project\Corpora\Main Corpus\2024-12\raw_unarchive\Viele offene Fragen zur Rückkehr syrischer Flüchtlinge.PDF,Viele offene Fragen zur Rückkehr syrischer Flüchtlinge,viele offene fragen zur rückkehr syrischer flüchtlinge,Rheinische Post,rheinische post,Donnerstag 12. Dezember 2024,"Jan Drebes, Birgit Marschall",532,4004,6d1aa6af91eecc0436addb7408488fab79d27e71,exact_002,duplicate_exact,keep,,yes,cleanest_parsed_version,no,,Representative kept for exact_002.,S. 6,no,
2024-12,Main Corpus,2024-12(50).ZIP,Warum Syrer jetzt schon freiwillig zurückkehren In Europa werden Rückführungen syrischer Flüchtlinge.PDF,C:\PythonProjects\AfD-project\Corpora\Main Corpus\2024-12\raw_unarchive\Warum Syrer jetzt schon freiwillig zurückkehren In Europa werden Rückführungen syrischer Flüchtlinge.PDF,Warum Syrer jetzt schon freiwillig zurückkehren In Europa werden Rückführungen syrischer Flüchtlinge in ihr,warum syrer jetzt schon freiwillig zurückkehren in europa werden rückführungen syrischer flüchtlinge in ihr,Die Welt,die welt,Montag 16. Dezember 2024,Carolina Drüten,897,5904,3d8133f375bf1770961e06b140c2cc221e45aff2,,unique,keep,,no,,no,,,Politik; S. 2; Ausg. 244,no,
2024-12,Main Corpus,2024-12(50).ZIP,"Was wird Jetzt aus Uns_ Fast eine Million Syrer leben in Deutschland. Manche sehnen sich danach, zur.PDF","C:\PythonProjects\AfD-project\Corpora\Main Corpus\2024-12\raw_unarchive\Was wird Jetzt aus Uns_ Fast eine Million Syrer leben in Deutschland. Manche sehnen sich danach, zur.PDF","Was wird Jetzt aus Uns? Fast eine Million Syrer leben in Deutschland. Manche sehnen sich danach,",was wird jetzt aus uns fast eine million syrer leben in deutschland manche sehnen sich danach,Die ZEIT (inklusive ZEIT Magazin),die zeit inklusive zeit magazin,12. Dezember 2024,"Majd El-Safadi, Paul Middelhoff, Marlon Saadi",1474,10034,d84db6b14f0aae5c53fec408a2339081a28dcf86,,unique,keep,,no,,no,,,POLITIK;Was wird Jetzt aus Uns?; S. 4-5; Ausg. 53,no,
2024-12,Main Corpus,2024-12(50).ZIP,Wenn Deutsche die Flüchtlinge sind Ein erschreckendes Gedankenexperiment erlebten in dieser Woche Sc.PDF,C:\PythonProjects\AfD-project\Corpora\Main Corpus\2024-12\raw_unarchive\Wenn Deutsche die Flüchtlinge sind Ein erschreckendes Gedankenexperiment erlebten in dieser Woche Sc.PDF,Wenn Deutsche die Flüchtlinge sind Ein erschreckendes Gedankenexperiment erlebten in dieser Woche,wenn deutsche die flüchtlinge sind ein erschreckendes gedankenexperiment erlebten in dieser woche,Rheinische Post,rheinische post,Freitag 20. Dezember 2024,Cristina Segovia-Buendía,717,4953,134408e8eeee8a0bd0677a29d5b558635d35cef1,,unique,keep,,no,,no,,,S. 26,no,
2024-12,Main Corpus,2024-12(50).ZIP,Wie geht es für Flüchtlinge weiter_ Regierungswechsel Wer eine rasche Rückkehr von Deutschland nach.PDF,C:\PythonProjects\AfD-project\Corpora\Main Corpus\2024-12\raw_unarchive\Wie geht es für Flüchtlinge weiter_ Regierungswechsel Wer eine rasche Rückkehr von Deutschland nach.PDF,Wie geht es für Flüchtlinge weiter? Regierungswechsel Wer eine rasche Rückkehr von Deutschland nach,wie geht es für flüchtlinge weiter regierungswechsel wer eine rasche rückkehr von deutschland nach,Nordwest-Zeitung,nordwestzeitung,10. Dezember 2024,,431,3148,58cf88237c9d8cae67dd6503792357c8870cdaf8,,unique,keep,,no,,no,,,HINTERGRUND; S. 15,no,
2024-12,Main Corpus,2024-12(50).ZIP,Wir sind als Land nicht nachhaltig Sozialstaat und Migration in Deutschland seien derzeit nicht vere.PDF,C:\PythonProjects\AfD-project\Corpora\Main Corpus\2024-12\raw_unarchive\Wir sind als Land nicht nachhaltig Sozialstaat und Migration in Deutschland seien derzeit nicht vere.PDF,"Wir sind als Land nicht nachhaltig Sozialstaat und Migration in Deutschland seien derzeit nicht vereinbar, sagt",wir sind als land nicht nachhaltig sozialstaat und migration in deutschland seien derzeit nicht vereinbar sagt,Berliner Zeitung,berliner zeitung,23. Dezember 2024,,1661,11685,6e5e025c701cc03523cdb78c978040a16e426966,,unique,keep,,no,,no,,,HINTERGRUND; S. 20,no,
2024-12,Main Corpus,2024-12(50).ZIP,"Zukunft statt Abschiebung für Mo (18) Wenn ein junger Mann ein hervorragender Auszubildender ist, di.PDF","C:\PythonProjects\AfD-project\Corpora\Main Corpus\2024-12\raw_unarchive\Zukunft statt Abschiebung für Mo (18) Wenn ein junger Mann ein hervorragender Auszubildender ist, di.PDF","Zukunft statt Abschiebung für Mo (18); Wenn ein junger Mann ein hervorragender Auszubildender ist, die",zukunft statt abschiebung für mo 18 wenn ein junger mann ein hervorragender auszubildender ist die,Rheinische Post,rheinische post,Mittwoch 11. Dezember 2024,,904,6148,f77c15a81b2ff653650ce70f9c821bef4684ec58,,unique,keep,,no,,no,,,S. 24,no,
2024-12,Main Corpus,2024-12(50).ZIP,„Kurzsichtig und schädlich“.PDF,C:\PythonProjects\AfD-project\Corpora\Main Corpus\2024-12\raw_unarchive\„Kurzsichtig und schädlich“.PDF,„Kurzsichtig und schädlich“,kurzsichtig und schädlich,Frankfurter Rundschau,frankfurter rundschau,Freitag 27. Dezember 2024,,262,1970,9b50dab5474b4ece0c56acff3dbc38ad5050e6c8,,unique,keep,,no,,no,,,HOCHTAUNUS; S. F10,no,
