corpus_type,corpus_name,batch_id,date_start,date_end,source_archive,protocol_version,raw_count_if_available,kept_count_if_available,dropped_count_if_available,qc_summary_path,clean_summary_path,article_registry_path,status,notes
main_monthly,Main Corpus,2013-01,2013-01-01,2013-01-31,2013-01(42).ZIP,v2,0,38,4,Corpora\Main Corpus\2013-01\qc\qc_summary.md,Corpora\Main Corpus\2013-01\qc\clean_corpus_summary.md,Corpora\Main Corpus\2013-01\qc\article_registry.csv,frozen,
main_monthly,Main Corpus,2013-02,2013-02-01,2013-02-28,2013-02(71).ZIP,v2,0,54,17,Corpora\Main Corpus\2013-02\qc\qc_summary.md,Corpora\Main Corpus\2013-02\qc\clean_corpus_summary.md,Corpora\Main Corpus\2013-02\qc\article_registry.csv,frozen,
main_monthly,Main Corpus,2013-03,2013-03-01,2013-03-31,2013-03(90).ZIP,v2,0,83,7,Corpora\Main Corpus\2013-03\qc\qc_summary.md,Corpora\Main Corpus\2013-03\qc\clean_corpus_summary.md,Corpora\Main Corpus\2013-03\qc\article_registry.csv,frozen,
main_monthly,Main Corpus,2013-04,2013-04-01,2013-04-30,2013-04(67).ZIP,v2,0,58,9,Corpora\Main Corpus\2013-04\qc\qc_summary.md,Corpora\Main Corpus\2013-04\qc\clean_corpus_summary.md,Corpora\Main Corpus\2013-04\qc\article_registry.csv,frozen,
main_monthly,Main Corpus,2013-05,2013-05-01,2013-05-31,2013-05(84).ZIP,v2,0,70,14,Corpora\Main Corpus\2013-05\qc\qc_summary.md,Corpora\Main Corpus\2013-05\qc\clean_corpus_summary.md,Corpora\Main Corpus\2013-05\qc\article_registry.csv,frozen,
main_monthly,Main Corpus,2013-06,2013-06-01,2013-06-30,2013-06(109).ZIP,v2,0,93,16,Corpora\Main Corpus\2013-06\qc\qc_summary.md,Corpora\Main Corpus\2013-06\qc\clean_corpus_summary.md,Corpora\Main Corpus\2013-06\qc\article_registry.csv,frozen,
main_monthly,Main Corpus,2013-07,2013-07-01,2013-07-31,2013-07(128).ZIP,v2,0,112,16,Corpora\Main Corpus\2013-07\qc\qc_summary.md,Corpora\Main Corpus\2013-07\qc\clean_corpus_summary.md,Corpora\Main Corpus\2013-07\qc\article_registry.csv,frozen,
main_monthly,Main Corpus,2013-08,2013-08-01,2013-08-31,2013-08(172).ZIP,v2,0,154,18,Corpora\Main Corpus\2013-08\qc\qc_summary.md,Corpora\Main Corpus\2013-08\qc\clean_corpus_summary.md,Corpora\Main Corpus\2013-08\qc\article_registry.csv,frozen,
main_monthly,Main Corpus,2013-09,2013-09-01,2013-09-30,2013-09(91).ZIP,v2,0,80,11,Corpora\Main Corpus\2013-09\qc\qc_summary.md,Corpora\Main Corpus\2013-09\qc\clean_corpus_summary.md,Corpora\Main Corpus\2013-09\qc\article_registry.csv,frozen,
main_monthly,Main Corpus,2013-10,2013-10-01,2013-10-31,2013-10(141).ZIP,v2,0,125,16,Corpora\Main Corpus\2013-10\qc\qc_summary.md,Corpora\Main Corpus\2013-10\qc\clean_corpus_summary.md,Corpora\Main Corpus\2013-10\qc\article_registry.csv,frozen,
main_monthly,Main Corpus,2013-11,2013-11-01,2013-11-30,2013-11(136).ZIP,v2,0,117,19,Corpora\Main Corpus\2013-11\qc\qc_summary.md,Corpora\Main Corpus\2013-11\qc\clean_corpus_summary.md,Corpora\Main Corpus\2013-11\qc\article_registry.csv,frozen,
main_monthly,Main Corpus,2013-12,2013-12-01,2013-12-31,2013-12(50).ZIP,v2,0,45,5,Corpora\Main Corpus\2013-12\qc\qc_summary.md,Corpora\Main Corpus\2013-12\qc\clean_corpus_summary.md,Corpora\Main Corpus\2013-12\qc\article_registry.csv,frozen,
main_monthly,Main Corpus,2014-01,2014-01-01,2014-01-31,2014-01(50).ZIP,v2,0,45,5,Corpora\Main Corpus\2014-01\qc\qc_summary.md,Corpora\Main Corpus\2014-01\qc\clean_corpus_summary.md,Corpora\Main Corpus\2014-01\qc\article_registry.csv,frozen,
main_monthly,Main Corpus,2014-02,2014-02-01,2014-02-28,2014-02(50).ZIP,v2,0,46,4,Corpora\Main Corpus\2014-02\qc\qc_summary.md,Corpora\Main Corpus\2014-02\qc\clean_corpus_summary.md,Corpora\Main Corpus\2014-02\qc\article_registry.csv,frozen,
main_monthly,Main Corpus,2014-03,2014-03-01,2014-03-31,2014-03(50).ZIP,v2,0,46,4,Corpora\Main Corpus\2014-03\qc\qc_summary.md,Corpora\Main Corpus\2014-03\qc\clean_corpus_summary.md,Corpora\Main Corpus\2014-03\qc\article_registry.csv,frozen,
main_monthly,Main Corpus,2014-04,2014-04-01,2014-04-30,2014-04(50).ZIP,v2,0,48,2,Corpora\Main Corpus\2014-04\qc\qc_summary.md,Corpora\Main Corpus\2014-04\qc\clean_corpus_summary.md,Corpora\Main Corpus\2014-04\qc\article_registry.csv,frozen,
main_monthly,Main Corpus,2014-05,2014-05-01,2014-05-31,2014-05(50).ZIP,v2,0,45,5,Corpora\Main Corpus\2014-05\qc\qc_summary.md,Corpora\Main Corpus\2014-05\qc\clean_corpus_summary.md,Corpora\Main Corpus\2014-05\qc\article_registry.csv,frozen,
main_monthly,Main Corpus,2014-06,2014-06-01,2014-06-30,2014-06(50).ZIP,v2,0,49,1,Corpora\Main Corpus\2014-06\qc\qc_summary.md,Corpora\Main Corpus\2014-06\qc\clean_corpus_summary.md,Corpora\Main Corpus\2014-06\qc\article_registry.csv,frozen,
main_monthly,Main Corpus,2014-07,2014-07-01,2014-07-31,2014-07(50).ZIP,v2,0,44,6,Corpora\Main Corpus\2014-07\qc\qc_summary.md,Corpora\Main Corpus\2014-07\qc\clean_corpus_summary.md,Corpora\Main Corpus\2014-07\qc\article_registry.csv,frozen,
main_monthly,Main Corpus,2014-08,2014-08-01,2014-08-31,2014-08(50).ZIP,v2,0,45,5,Corpora\Main Corpus\2014-08\qc\qc_summary.md,Corpora\Main Corpus\2014-08\qc\clean_corpus_summary.md,Corpora\Main Corpus\2014-08\qc\article_registry.csv,frozen,
main_monthly,Main Corpus,2014-09,2014-09-01,2014-09-30,2014-09(89).ZIP,v2,0,80,9,Corpora\Main Corpus\2014-09\qc\qc_summary.md,Corpora\Main Corpus\2014-09\qc\clean_corpus_summary.md,Corpora\Main Corpus\2014-09\qc\article_registry.csv,frozen,
main_monthly,Main Corpus,2014-10,2014-10-01,2014-10-31,2014-10(50).ZIP,v2,0,45,5,Corpora\Main Corpus\2014-10\qc\qc_summary.md,Corpora\Main Corpus\2014-10\qc\clean_corpus_summary.md,Corpora\Main Corpus\2014-10\qc\article_registry.csv,frozen,
main_monthly,Main Corpus,2014-11,2014-11-01,2014-11-30,2014-11(95).ZIP,v2,0,84,11,Corpora\Main Corpus\2014-11\qc\qc_summary.md,Corpora\Main Corpus\2014-11\qc\clean_corpus_summary.md,Corpora\Main Corpus\2014-11\qc\article_registry.csv,frozen,
main_monthly,Main Corpus,2014-12,2014-12-01,2014-12-31,2014-12(50).ZIP,v2,0,47,3,Corpora\Main Corpus\2014-12\qc\qc_summary.md,Corpora\Main Corpus\2014-12\qc\clean_corpus_summary.md,Corpora\Main Corpus\2014-12\qc\article_registry.csv,frozen,
main_monthly,Main Corpus,2015-01,2015-01-01,2015-01-31,2015-01(50).ZIP,v2,0,47,3,Corpora\Main Corpus\2015-01\qc\qc_summary.md,Corpora\Main Corpus\2015-01\qc\clean_corpus_summary.md,Corpora\Main Corpus\2015-01\qc\article_registry.csv,frozen,
main_monthly,Main Corpus,2015-02,2015-02-01,2015-02-28,2015-02(50).ZIP,v2,0,46,4,Corpora\Main Corpus\2015-02\qc\qc_summary.md,Corpora\Main Corpus\2015-02\qc\clean_corpus_summary.md,Corpora\Main Corpus\2015-02\qc\article_registry.csv,frozen,
main_monthly,Main Corpus,2015-03,2015-03-01,2015-03-31,2015-03(50).ZIP,v2,0,48,2,Corpora\Main Corpus\2015-03\qc\qc_summary.md,Corpora\Main Corpus\2015-03\qc\clean_corpus_summary.md,Corpora\Main Corpus\2015-03\qc\article_registry.csv,frozen,
main_monthly,Main Corpus,2015-04,2015-04-01,2015-04-30,2015-04(50).ZIP,v2,0,45,5,Corpora\Main Corpus\2015-04\qc\qc_summary.md,Corpora\Main Corpus\2015-04\qc\clean_corpus_summary.md,Corpora\Main Corpus\2015-04\qc\article_registry.csv,frozen,
main_monthly,Main Corpus,2015-05,2015-05-01,2015-05-31,2015-05(91).ZIP,v2,0,85,6,Corpora\Main Corpus\2015-05\qc\qc_summary.md,Corpora\Main Corpus\2015-05\qc\clean_corpus_summary.md,Corpora\Main Corpus\2015-05\qc\article_registry.csv,frozen,
main_monthly,Main Corpus,2015-06,2015-06-01,2015-06-30,2015-06(96).ZIP,v2,0,86,10,Corpora\Main Corpus\2015-06\qc\qc_summary.md,Corpora\Main Corpus\2015-06\qc\clean_corpus_summary.md,Corpora\Main Corpus\2015-06\qc\article_registry.csv,frozen,
main_monthly,Main Corpus,2015-07,2015-07-01,2015-07-31,2015-07(90).ZIP,v2,0,78,12,Corpora\Main Corpus\2015-07\qc\qc_summary.md,Corpora\Main Corpus\2015-07\qc\clean_corpus_summary.md,Corpora\Main Corpus\2015-07\qc\article_registry.csv,frozen,
main_monthly,Main Corpus,2015-08,2015-08-01,2015-08-31,2015-08(100).ZIP,v2,0,89,11,Corpora\Main Corpus\2015-08\qc\qc_summary.md,Corpora\Main Corpus\2015-08\qc\clean_corpus_summary.md,Corpora\Main Corpus\2015-08\qc\article_registry.csv,frozen,
main_monthly,Main Corpus,2015-09,2015-09-01,2015-09-30,2015-09(96).ZIP,v2,0,86,10,Corpora\Main Corpus\2015-09\qc\qc_summary.md,Corpora\Main Corpus\2015-09\qc\clean_corpus_summary.md,Corpora\Main Corpus\2015-09\qc\article_registry.csv,frozen,
main_monthly,Main Corpus,2015-10,2015-10-01,2015-10-31,2015-10(100).ZIP,v2,0,85,15,Corpora\Main Corpus\2015-10\qc\qc_summary.md,Corpora\Main Corpus\2015-10\qc\clean_corpus_summary.md,Corpora\Main Corpus\2015-10\qc\article_registry.csv,frozen,
main_monthly,Main Corpus,2015-11,2015-11-01,2015-11-30,2015-11(97).ZIP,v2,0,91,6,Corpora\Main Corpus\2015-11\qc\qc_summary.md,Corpora\Main Corpus\2015-11\qc\clean_corpus_summary.md,Corpora\Main Corpus\2015-11\qc\article_registry.csv,frozen,
main_monthly,Main Corpus,2015-12,2015-12-01,2015-12-31,2015-12(97).ZIP,v2,0,91,6,Corpora\Main Corpus\2015-12\qc\qc_summary.md,Corpora\Main Corpus\2015-12\qc\clean_corpus_summary.md,Corpora\Main Corpus\2015-12\qc\article_registry.csv,frozen,
main_monthly,Main Corpus,2016-01,2016-01-01,2016-01-31,2016-01(94).ZIP,v2,0,79,15,Corpora\Main Corpus\2016-01\qc\qc_summary.md,Corpora\Main Corpus\2016-01\qc\clean_corpus_summary.md,Corpora\Main Corpus\2016-01\qc\article_registry.csv,frozen,
main_monthly,Main Corpus,2016-02,2016-02-01,2016-02-29,2016-02(96).ZIP,v2,0,86,10,Corpora\Main Corpus\2016-02\qc\qc_summary.md,Corpora\Main Corpus\2016-02\qc\clean_corpus_summary.md,Corpora\Main Corpus\2016-02\qc\article_registry.csv,frozen,
main_monthly,Main Corpus,2016-03,2016-03-01,2016-03-31,2016-03(97).ZIP,v2,0,89,8,Corpora\Main Corpus\2016-03\qc\qc_summary.md,Corpora\Main Corpus\2016-03\qc\clean_corpus_summary.md,Corpora\Main Corpus\2016-03\qc\article_registry.csv,frozen,
main_monthly,Main Corpus,2016-04,2016-04-01,2016-04-30,2016-04(50).ZIP,v2,0,49,1,Corpora\Main Corpus\2016-04\qc\qc_summary.md,Corpora\Main Corpus\2016-04\qc\clean_corpus_summary.md,Corpora\Main Corpus\2016-04\qc\article_registry.csv,frozen,
main_monthly,Main Corpus,2016-05,2016-05-01,2016-05-31,2016-05(50).ZIP,v2,0,47,3,Corpora\Main Corpus\2016-05\qc\qc_summary.md,Corpora\Main Corpus\2016-05\qc\clean_corpus_summary.md,Corpora\Main Corpus\2016-05\qc\article_registry.csv,frozen,
main_monthly,Main Corpus,2016-06,2016-06-01,2016-06-30,2016-06(50).ZIP,v2,0,44,6,Corpora\Main Corpus\2016-06\qc\qc_summary.md,Corpora\Main Corpus\2016-06\qc\clean_corpus_summary.md,Corpora\Main Corpus\2016-06\qc\article_registry.csv,frozen,
main_monthly,Main Corpus,2016-07,2016-07-01,2016-07-31,2016-07(50).ZIP,v2,0,46,4,Corpora\Main Corpus\2016-07\qc\qc_summary.md,Corpora\Main Corpus\2016-07\qc\clean_corpus_summary.md,Corpora\Main Corpus\2016-07\qc\article_registry.csv,frozen,
main_monthly,Main Corpus,2016-08,2016-08-01,2016-08-31,2016-08(50).ZIP,v2,0,44,6,Corpora\Main Corpus\2016-08\qc\qc_summary.md,Corpora\Main Corpus\2016-08\qc\clean_corpus_summary.md,Corpora\Main Corpus\2016-08\qc\article_registry.csv,frozen,
main_monthly,Main Corpus,2016-09,2016-09-01,2016-09-30,2016-09(50).ZIP,v2,0,46,4,Corpora\Main Corpus\2016-09\qc\qc_summary.md,Corpora\Main Corpus\2016-09\qc\clean_corpus_summary.md,Corpora\Main Corpus\2016-09\qc\article_registry.csv,frozen,
main_monthly,Main Corpus,2016-10,2016-10-01,2016-10-31,2016-10(50).ZIP,v2,0,46,4,Corpora\Main Corpus\2016-10\qc\qc_summary.md,Corpora\Main Corpus\2016-10\qc\clean_corpus_summary.md,Corpora\Main Corpus\2016-10\qc\article_registry.csv,frozen,
main_monthly,Main Corpus,2016-11,2016-11-01,2016-11-30,2016-11(50).ZIP,v2,0,49,1,Corpora\Main Corpus\2016-11\qc\qc_summary.md,Corpora\Main Corpus\2016-11\qc\clean_corpus_summary.md,Corpora\Main Corpus\2016-11\qc\article_registry.csv,frozen,
main_monthly,Main Corpus,2016-12,2016-12-01,2016-12-31,2016-12(50).ZIP,v2,0,47,3,Corpora\Main Corpus\2016-12\qc\qc_summary.md,Corpora\Main Corpus\2016-12\qc\clean_corpus_summary.md,Corpora\Main Corpus\2016-12\qc\article_registry.csv,frozen,
main_monthly,Main Corpus,2017-01,2017-01-01,2017-01-31,2017-01(50).ZIP,v2,0,43,7,Corpora\Main Corpus\2017-01\qc\qc_summary.md,Corpora\Main Corpus\2017-01\qc\clean_corpus_summary.md,Corpora\Main Corpus\2017-01\qc\article_registry.csv,frozen,
main_monthly,Main Corpus,2017-02,2017-02-01,2017-02-28,2017-02(50).ZIP,v2,0,45,5,Corpora\Main Corpus\2017-02\qc\qc_summary.md,Corpora\Main Corpus\2017-02\qc\clean_corpus_summary.md,Corpora\Main Corpus\2017-02\qc\article_registry.csv,frozen,
main_monthly,Main Corpus,2017-03,2017-03-01,2017-03-31,2017-03(50).ZIP,v2,0,45,5,Corpora\Main Corpus\2017-03\qc\qc_summary.md,Corpora\Main Corpus\2017-03\qc\clean_corpus_summary.md,Corpora\Main Corpus\2017-03\qc\article_registry.csv,frozen,
main_monthly,Main Corpus,2017-04,2017-04-01,2017-04-30,2017-04(50).ZIP,v2,0,43,7,Corpora\Main Corpus\2017-04\qc\qc_summary.md,Corpora\Main Corpus\2017-04\qc\clean_corpus_summary.md,Corpora\Main Corpus\2017-04\qc\article_registry.csv,frozen,
main_monthly,Main Corpus,2017-05,2017-05-01,2017-05-31,2017-05(50).ZIP,v2,0,46,4,Corpora\Main Corpus\2017-05\qc\qc_summary.md,Corpora\Main Corpus\2017-05\qc\clean_corpus_summary.md,Corpora\Main Corpus\2017-05\qc\article_registry.csv,frozen,
main_monthly,Main Corpus,2017-06,2017-06-01,2017-06-30,2017-06(50).ZIP,v2,0,41,9,Corpora\Main Corpus\2017-06\qc\qc_summary.md,Corpora\Main Corpus\2017-06\qc\clean_corpus_summary.md,Corpora\Main Corpus\2017-06\qc\article_registry.csv,frozen,
main_monthly,Main Corpus,2017-07,2017-07-01,2017-07-31,2017-07(50).ZIP,v2,0,48,2,Corpora\Main Corpus\2017-07\qc\qc_summary.md,Corpora\Main Corpus\2017-07\qc\clean_corpus_summary.md,Corpora\Main Corpus\2017-07\qc\article_registry.csv,frozen,
main_monthly,Main Corpus,2017-08,2017-08-01,2017-08-31,2017-08(50).ZIP,v2,0,45,5,Corpora\Main Corpus\2017-08\qc\qc_summary.md,Corpora\Main Corpus\2017-08\qc\clean_corpus_summary.md,Corpora\Main Corpus\2017-08\qc\article_registry.csv,frozen,
main_monthly,Main Corpus,2017-09,2017-09-01,2017-09-30,2017-09(50).ZIP,v2,0,45,5,Corpora\Main Corpus\2017-09\qc\qc_summary.md,Corpora\Main Corpus\2017-09\qc\clean_corpus_summary.md,Corpora\Main Corpus\2017-09\qc\article_registry.csv,frozen,
main_monthly,Main Corpus,2017-10,2017-10-01,2017-10-31,2017-10(50).ZIP,v2,0,43,7,Corpora\Main Corpus\2017-10\qc\qc_summary.md,Corpora\Main Corpus\2017-10\qc\clean_corpus_summary.md,Corpora\Main Corpus\2017-10\qc\article_registry.csv,frozen,
main_monthly,Main Corpus,2017-11,2017-11-01,2017-11-30,2017-11(50).ZIP,v2,0,45,5,Corpora\Main Corpus\2017-11\qc\qc_summary.md,Corpora\Main Corpus\2017-11\qc\clean_corpus_summary.md,Corpora\Main Corpus\2017-11\qc\article_registry.csv,frozen,
main_monthly,Main Corpus,2017-12,2017-12-01,2017-12-31,2017-12(50).ZIP,v2,0,45,5,Corpora\Main Corpus\2017-12\qc\qc_summary.md,Corpora\Main Corpus\2017-12\qc\clean_corpus_summary.md,Corpora\Main Corpus\2017-12\qc\article_registry.csv,frozen,
main_monthly,Main Corpus,2018-01,2018-01-01,2018-01-31,2018-01(50).ZIP,v2,0,45,5,Corpora\Main Corpus\2018-01\qc\qc_summary.md,Corpora\Main Corpus\2018-01\qc\clean_corpus_summary.md,Corpora\Main Corpus\2018-01\qc\article_registry.csv,frozen,
main_monthly,Main Corpus,2018-02,2018-02-01,2018-02-28,2018-02(50).ZIP,v2,0,44,6,Corpora\Main Corpus\2018-02\qc\qc_summary.md,Corpora\Main Corpus\2018-02\qc\clean_corpus_summary.md,Corpora\Main Corpus\2018-02\qc\article_registry.csv,frozen,
main_monthly,Main Corpus,2018-03,2018-03-01,2018-03-31,2018-03(97).ZIP,v2,0,82,15,Corpora\Main Corpus\2018-03\qc\qc_summary.md,Corpora\Main Corpus\2018-03\qc\clean_corpus_summary.md,Corpora\Main Corpus\2018-03\qc\article_registry.csv,frozen,
main_monthly,Main Corpus,2018-04,2018-04-01,2018-04-30,2018-04(95).ZIP,v2,0,85,10,Corpora\Main Corpus\2018-04\qc\qc_summary.md,Corpora\Main Corpus\2018-04\qc\clean_corpus_summary.md,Corpora\Main Corpus\2018-04\qc\article_registry.csv,frozen,
main_monthly,Main Corpus,2018-05,2018-05-01,2018-05-31,2018-05(50).ZIP,v2,0,44,6,Corpora\Main Corpus\2018-05\qc\qc_summary.md,Corpora\Main Corpus\2018-05\qc\clean_corpus_summary.md,Corpora\Main Corpus\2018-05\qc\article_registry.csv,frozen,
main_monthly,Main Corpus,2018-06,2018-06-01,2018-06-30,2018-06(98).ZIP,v2,0,84,14,Corpora\Main Corpus\2018-06\qc\qc_summary.md,Corpora\Main Corpus\2018-06\qc\clean_corpus_summary.md,Corpora\Main Corpus\2018-06\qc\article_registry.csv,frozen,
main_monthly,Main Corpus,2018-07,2018-07-01,2018-07-31,2018-07(50).ZIP,v2,0,45,5,Corpora\Main Corpus\2018-07\qc\qc_summary.md,Corpora\Main Corpus\2018-07\qc\clean_corpus_summary.md,Corpora\Main Corpus\2018-07\qc\article_registry.csv,frozen,
main_monthly,Main Corpus,2018-08,2018-08-01,2018-08-31,2018-08(98).ZIP,v2,0,82,16,Corpora\Main Corpus\2018-08\qc\qc_summary.md,Corpora\Main Corpus\2018-08\qc\clean_corpus_summary.md,Corpora\Main Corpus\2018-08\qc\article_registry.csv,frozen,
main_monthly,Main Corpus,2018-09,2018-09-01,2018-09-30,2018-09(50).ZIP,v2,0,45,5,Corpora\Main Corpus\2018-09\qc\qc_summary.md,Corpora\Main Corpus\2018-09\qc\clean_corpus_summary.md,Corpora\Main Corpus\2018-09\qc\article_registry.csv,frozen,
main_monthly,Main Corpus,2018-10,2018-10-01,2018-10-31,2018-10(94).ZIP,v2,0,64,30,Corpora\Main Corpus\2018-10\qc\qc_summary.md,Corpora\Main Corpus\2018-10\qc\clean_corpus_summary.md,Corpora\Main Corpus\2018-10\qc\article_registry.csv,frozen,
main_monthly,Main Corpus,2018-11,2018-11-01,2018-11-30,2018-11(90).ZIP,v2,0,40,50,Corpora\Main Corpus\2018-11\qc\qc_summary.md,Corpora\Main Corpus\2018-11\qc\clean_corpus_summary.md,Corpora\Main Corpus\2018-11\qc\article_registry.csv,frozen,
main_monthly,Main Corpus,2018-12,2018-12-01,2018-12-31,2018-12(98).ZIP,v2,0,48,50,Corpora\Main Corpus\2018-12\qc\qc_summary.md,Corpora\Main Corpus\2018-12\qc\clean_corpus_summary.md,Corpora\Main Corpus\2018-12\qc\article_registry.csv,frozen,
main_monthly,Main Corpus,2019-01,2019-01-01,2019-01-31,2019-01(150).ZIP,v2,0,42,108,Corpora\Main Corpus\2019-01\qc\qc_summary.md,Corpora\Main Corpus\2019-01\qc\clean_corpus_summary.md,Corpora\Main Corpus\2019-01\qc\article_registry.csv,frozen,
main_monthly,Main Corpus,2019-02,2019-02-01,2019-02-28,2019-02(95).ZIP,v2,0,75,20,Corpora\Main Corpus\2019-02\qc\qc_summary.md,Corpora\Main Corpus\2019-02\qc\clean_corpus_summary.md,Corpora\Main Corpus\2019-02\qc\article_registry.csv,frozen,
main_monthly,Main Corpus,2019-03,2019-03-01,2019-03-31,2019-03(99).ZIP,v2,0,76,23,Corpora\Main Corpus\2019-03\qc\qc_summary.md,Corpora\Main Corpus\2019-03\qc\clean_corpus_summary.md,Corpora\Main Corpus\2019-03\qc\article_registry.csv,frozen,
main_monthly,Main Corpus,2019-04,2019-04-01,2019-04-30,2019-04(94).ZIP,v2,0,78,16,Corpora\Main Corpus\2019-04\qc\qc_summary.md,Corpora\Main Corpus\2019-04\qc\clean_corpus_summary.md,Corpora\Main Corpus\2019-04\qc\article_registry.csv,frozen,
main_monthly,Main Corpus,2019-05,2019-05-01,2019-05-31,2019-05(64).ZIP,v2,0,54,10,Corpora\Main Corpus\2019-05\qc\qc_summary.md,Corpora\Main Corpus\2019-05\qc\clean_corpus_summary.md,Corpora\Main Corpus\2019-05\qc\article_registry.csv,frozen,
main_monthly,Main Corpus,2019-06,2019-06-01,2019-06-30,2019-06(73).ZIP,v2,0,57,16,Corpora\Main Corpus\2019-06\qc\qc_summary.md,Corpora\Main Corpus\2019-06\qc\clean_corpus_summary.md,Corpora\Main Corpus\2019-06\qc\article_registry.csv,frozen,
main_monthly,Main Corpus,2019-07,2019-07-01,2019-07-31,2019-07(50).ZIP,v2,0,48,2,Corpora\Main Corpus\2019-07\qc\qc_summary.md,Corpora\Main Corpus\2019-07\qc\clean_corpus_summary.md,Corpora\Main Corpus\2019-07\qc\article_registry.csv,frozen,
main_monthly,Main Corpus,2019-08,2019-08-01,2019-08-31,2019-08(50).ZIP,v2,0,42,8,Corpora\Main Corpus\2019-08\qc\qc_summary.md,Corpora\Main Corpus\2019-08\qc\clean_corpus_summary.md,Corpora\Main Corpus\2019-08\qc\article_registry.csv,frozen,
main_monthly,Main Corpus,2019-09,2019-09-01,2019-09-30,2019-09(50).ZIP,v2,0,42,8,Corpora\Main Corpus\2019-09\qc\qc_summary.md,Corpora\Main Corpus\2019-09\qc\clean_corpus_summary.md,Corpora\Main Corpus\2019-09\qc\article_registry.csv,frozen,
main_monthly,Main Corpus,2019-10,2019-10-01,2019-10-31,2019-10(50).ZIP,v2,0,46,4,Corpora\Main Corpus\2019-10\qc\qc_summary.md,Corpora\Main Corpus\2019-10\qc\clean_corpus_summary.md,Corpora\Main Corpus\2019-10\qc\article_registry.csv,frozen,
main_monthly,Main Corpus,2019-11,2019-11-01,2019-11-30,2019-11(50).ZIP,v2,0,46,4,Corpora\Main Corpus\2019-11\qc\qc_summary.md,Corpora\Main Corpus\2019-11\qc\clean_corpus_summary.md,Corpora\Main Corpus\2019-11\qc\article_registry.csv,frozen,
main_monthly,Main Corpus,2019-12,2019-12-01,2019-12-31,2019-12(50).ZIP,v2,0,41,9,Corpora\Main Corpus\2019-12\qc\qc_summary.md,Corpora\Main Corpus\2019-12\qc\clean_corpus_summary.md,Corpora\Main Corpus\2019-12\qc\article_registry.csv,frozen,
main_monthly,Main Corpus,2020-01,2020-01-01,2020-01-31,2020-01(50).ZIP,v2,0,41,9,Corpora\Main Corpus\2020-01\qc\qc_summary.md,Corpora\Main Corpus\2020-01\qc\clean_corpus_summary.md,Corpora\Main Corpus\2020-01\qc\article_registry.csv,frozen,
main_monthly,Main Corpus,2020-02,2020-02-01,2020-02-29,2020-02(50).ZIP,v2,0,45,5,Corpora\Main Corpus\2020-02\qc\qc_summary.md,Corpora\Main Corpus\2020-02\qc\clean_corpus_summary.md,Corpora\Main Corpus\2020-02\qc\article_registry.csv,frozen,
main_monthly,Main Corpus,2020-03,2020-03-01,2020-03-31,2020-03(50).ZIP,v2,0,43,7,Corpora\Main Corpus\2020-03\qc\qc_summary.md,Corpora\Main Corpus\2020-03\qc\clean_corpus_summary.md,Corpora\Main Corpus\2020-03\qc\article_registry.csv,frozen,
main_monthly,Main Corpus,2020-04,2020-04-01,2020-04-30,2020-04(50).ZIP,v2,0,45,5,Corpora\Main Corpus\2020-04\qc\qc_summary.md,Corpora\Main Corpus\2020-04\qc\clean_corpus_summary.md,Corpora\Main Corpus\2020-04\qc\article_registry.csv,frozen,
main_monthly,Main Corpus,2020-05,2020-05-01,2020-05-31,2020-05(50).ZIP,v2,0,44,6,Corpora\Main Corpus\2020-05\qc\qc_summary.md,Corpora\Main Corpus\2020-05\qc\clean_corpus_summary.md,Corpora\Main Corpus\2020-05\qc\article_registry.csv,frozen,
main_monthly,Main Corpus,2020-06,2020-06-01,2020-06-30,2020-06(50).ZIP,v2,0,43,7,Corpora\Main Corpus\2020-06\qc\qc_summary.md,Corpora\Main Corpus\2020-06\qc\clean_corpus_summary.md,Corpora\Main Corpus\2020-06\qc\article_registry.csv,frozen,
main_monthly,Main Corpus,2020-07,2020-07-01,2020-07-31,2020-07(50).ZIP,v2,0,41,9,Corpora\Main Corpus\2020-07\qc\qc_summary.md,Corpora\Main Corpus\2020-07\qc\clean_corpus_summary.md,Corpora\Main Corpus\2020-07\qc\article_registry.csv,frozen,
main_monthly,Main Corpus,2020-08,2020-08-01,2020-08-31,2020-08(50).ZIP,v2,0,42,8,Corpora\Main Corpus\2020-08\qc\qc_summary.md,Corpora\Main Corpus\2020-08\qc\clean_corpus_summary.md,Corpora\Main Corpus\2020-08\qc\article_registry.csv,frozen,
main_monthly,Main Corpus,2020-09,2020-09-01,2020-09-30,2020-09(99).ZIP,v2,0,82,17,Corpora\Main Corpus\2020-09\qc\qc_summary.md,Corpora\Main Corpus\2020-09\qc\clean_corpus_summary.md,Corpora\Main Corpus\2020-09\qc\article_registry.csv,frozen,
main_monthly,Main Corpus,2020-10,2020-10-01,2020-10-31,2020-10(50).ZIP,v2,0,44,6,Corpora\Main Corpus\2020-10\qc\qc_summary.md,Corpora\Main Corpus\2020-10\qc\clean_corpus_summary.md,Corpora\Main Corpus\2020-10\qc\article_registry.csv,frozen,
main_monthly,Main Corpus,2020-11,2020-11-01,2020-11-30,2020-11(48).ZIP,v2,0,45,3,Corpora\Main Corpus\2020-11\qc\qc_summary.md,Corpora\Main Corpus\2020-11\qc\clean_corpus_summary.md,Corpora\Main Corpus\2020-11\qc\article_registry.csv,frozen,
main_monthly,Main Corpus,2020-12,2020-12-01,2020-12-31,2020-12(50).ZIP,v2,0,43,7,Corpora\Main Corpus\2020-12\qc\qc_summary.md,Corpora\Main Corpus\2020-12\qc\clean_corpus_summary.md,Corpora\Main Corpus\2020-12\qc\article_registry.csv,frozen,
main_monthly,Main Corpus,2021-01,2021-01-01,2021-01-31,2021-01(50).ZIP,v2,0,43,7,Corpora\Main Corpus\2021-01\qc\qc_summary.md,Corpora\Main Corpus\2021-01\qc\clean_corpus_summary.md,Corpora\Main Corpus\2021-01\qc\article_registry.csv,frozen,
main_monthly,Main Corpus,2021-02,2021-02-01,2021-02-28,2021-02(44).ZIP,v2,0,39,5,Corpora\Main Corpus\2021-02\qc\qc_summary.md,Corpora\Main Corpus\2021-02\qc\clean_corpus_summary.md,Corpora\Main Corpus\2021-02\qc\article_registry.csv,frozen,
main_monthly,Main Corpus,2021-03,2021-03-01,2021-03-31,2021-03(50).ZIP,v2,0,44,6,Corpora\Main Corpus\2021-03\qc\qc_summary.md,Corpora\Main Corpus\2021-03\qc\clean_corpus_summary.md,Corpora\Main Corpus\2021-03\qc\article_registry.csv,frozen,
main_monthly,Main Corpus,2021-04,2021-04-01,2021-04-30,2021-04(50).ZIP,v2,0,42,8,Corpora\Main Corpus\2021-04\qc\qc_summary.md,Corpora\Main Corpus\2021-04\qc\clean_corpus_summary.md,Corpora\Main Corpus\2021-04\qc\article_registry.csv,frozen,
main_monthly,Main Corpus,2021-05,2021-05-01,2021-05-31,2021-05(55).ZIP,v2,0,41,14,Corpora\Main Corpus\2021-05\qc\qc_summary.md,Corpora\Main Corpus\2021-05\qc\clean_corpus_summary.md,Corpora\Main Corpus\2021-05\qc\article_registry.csv,frozen,
main_monthly,Main Corpus,2021-06,2021-06-01,2021-06-30,2021-06(50).ZIP,v2,0,42,8,Corpora\Main Corpus\2021-06\qc\qc_summary.md,Corpora\Main Corpus\2021-06\qc\clean_corpus_summary.md,Corpora\Main Corpus\2021-06\qc\article_registry.csv,frozen,
main_monthly,Main Corpus,2021-07,2021-07-01,2021-07-31,2021-07(50).ZIP,v2,0,43,7,Corpora\Main Corpus\2021-07\qc\qc_summary.md,Corpora\Main Corpus\2021-07\qc\clean_corpus_summary.md,Corpora\Main Corpus\2021-07\qc\article_registry.csv,frozen,
main_monthly,Main Corpus,2021-08,2021-08-01,2021-08-31,2021-08(50).ZIP,v2,0,42,8,Corpora\Main Corpus\2021-08\qc\qc_summary.md,Corpora\Main Corpus\2021-08\qc\clean_corpus_summary.md,Corpora\Main Corpus\2021-08\qc\article_registry.csv,frozen,
main_monthly,Main Corpus,2021-09,2021-09-01,2021-09-30,2021-09(75).ZIP,v2,0,63,12,Corpora\Main Corpus\2021-09\qc\qc_summary.md,Corpora\Main Corpus\2021-09\qc\clean_corpus_summary.md,Corpora\Main Corpus\2021-09\qc\article_registry.csv,frozen,
main_monthly,Main Corpus,2021-10,2021-10-01,2021-10-31,2021-10(50).ZIP,v2,0,45,5,Corpora\Main Corpus\2021-10\qc\qc_summary.md,Corpora\Main Corpus\2021-10\qc\clean_corpus_summary.md,Corpora\Main Corpus\2021-10\qc\article_registry.csv,frozen,
main_monthly,Main Corpus,2021-11,2021-11-01,2021-11-30,2021-11(50).ZIP,v2,0,48,2,Corpora\Main Corpus\2021-11\qc\qc_summary.md,Corpora\Main Corpus\2021-11\qc\clean_corpus_summary.md,Corpora\Main Corpus\2021-11\qc\article_registry.csv,frozen,
main_monthly,Main Corpus,2021-12,2021-12-01,2021-12-31,2021-12(50).ZIP,v2,0,44,6,Corpora\Main Corpus\2021-12\qc\qc_summary.md,Corpora\Main Corpus\2021-12\qc\clean_corpus_summary.md,Corpora\Main Corpus\2021-12\qc\article_registry.csv,frozen,
main_monthly,Main Corpus,2022-01,2022-01-01,2022-01-31,2022-01(58).ZIP,v2,0,44,14,Corpora\Main Corpus\2022-01\qc\qc_summary.md,Corpora\Main Corpus\2022-01\qc\clean_corpus_summary.md,Corpora\Main Corpus\2022-01\qc\article_registry.csv,frozen,
main_monthly,Main Corpus,2022-02,2022-02-01,2022-02-28,2022-02(50).ZIP,v2,0,42,8,Corpora\Main Corpus\2022-02\qc\qc_summary.md,Corpora\Main Corpus\2022-02\qc\clean_corpus_summary.md,Corpora\Main Corpus\2022-02\qc\article_registry.csv,frozen,
main_monthly,Main Corpus,2022-03,2022-03-01,2022-03-31,2022-03(50).ZIP,v2,0,43,7,Corpora\Main Corpus\2022-03\qc\qc_summary.md,Corpora\Main Corpus\2022-03\qc\clean_corpus_summary.md,Corpora\Main Corpus\2022-03\qc\article_registry.csv,frozen,
main_monthly,Main Corpus,2022-04,2022-04-01,2022-04-30,2022-04(50).ZIP,v2,0,48,2,Corpora\Main Corpus\2022-04\qc\qc_summary.md,Corpora\Main Corpus\2022-04\qc\clean_corpus_summary.md,Corpora\Main Corpus\2022-04\qc\article_registry.csv,frozen,
main_monthly,Main Corpus,2022-05,2022-05-01,2022-05-31,2022-05(50).ZIP,v2,0,43,7,Corpora\Main Corpus\2022-05\qc\qc_summary.md,Corpora\Main Corpus\2022-05\qc\clean_corpus_summary.md,Corpora\Main Corpus\2022-05\qc\article_registry.csv,frozen,
main_monthly,Main Corpus,2022-06,2022-06-01,2022-06-30,2022-06(50).ZIP,v2,0,43,7,Corpora\Main Corpus\2022-06\qc\qc_summary.md,Corpora\Main Corpus\2022-06\qc\clean_corpus_summary.md,Corpora\Main Corpus\2022-06\qc\article_registry.csv,frozen,
main_monthly,Main Corpus,2022-07,2022-07-01,2022-07-31,2022-07(78).ZIP,v2,0,57,21,Corpora\Main Corpus\2022-07\qc\qc_summary.md,Corpora\Main Corpus\2022-07\qc\clean_corpus_summary.md,Corpora\Main Corpus\2022-07\qc\article_registry.csv,frozen,
main_monthly,Main Corpus,2022-08,2022-08-01,2022-08-31,2022-08(94).ZIP,v2,0,72,22,Corpora\Main Corpus\2022-08\qc\qc_summary.md,Corpora\Main Corpus\2022-08\qc\clean_corpus_summary.md,Corpora\Main Corpus\2022-08\qc\article_registry.csv,frozen,
main_monthly,Main Corpus,2022-09,2022-09-01,2022-09-30,2022-09(50).ZIP,v2,0,42,8,Corpora\Main Corpus\2022-09\qc\qc_summary.md,Corpora\Main Corpus\2022-09\qc\clean_corpus_summary.md,Corpora\Main Corpus\2022-09\qc\article_registry.csv,frozen,
main_monthly,Main Corpus,2022-10,2022-10-01,2022-10-31,2022-10(99).ZIP,v2,0,79,20,Corpora\Main Corpus\2022-10\qc\qc_summary.md,Corpora\Main Corpus\2022-10\qc\clean_corpus_summary.md,Corpora\Main Corpus\2022-10\qc\article_registry.csv,frozen,
main_monthly,Main Corpus,2022-11,2022-11-01,2022-11-30,2022-11(50).ZIP,v2,0,43,7,Corpora\Main Corpus\2022-11\qc\qc_summary.md,Corpora\Main Corpus\2022-11\qc\clean_corpus_summary.md,Corpora\Main Corpus\2022-11\qc\article_registry.csv,frozen,
main_monthly,Main Corpus,2022-12,2022-12-01,2022-12-31,2022-12(50).ZIP,v2,0,45,5,Corpora\Main Corpus\2022-12\qc\qc_summary.md,Corpora\Main Corpus\2022-12\qc\clean_corpus_summary.md,Corpora\Main Corpus\2022-12\qc\article_registry.csv,frozen,
main_monthly,Main Corpus,2023-01,2023-01-01,2023-01-31,2023-01(100).ZIP,v2,0,84,16,Corpora\Main Corpus\2023-01\qc\qc_summary.md,Corpora\Main Corpus\2023-01\qc\clean_corpus_summary.md,Corpora\Main Corpus\2023-01\qc\article_registry.csv,frozen,
main_monthly,Main Corpus,2023-02,2023-02-01,2023-02-28,2023-02(50).ZIP,v2,0,41,9,Corpora\Main Corpus\2023-02\qc\qc_summary.md,Corpora\Main Corpus\2023-02\qc\clean_corpus_summary.md,Corpora\Main Corpus\2023-02\qc\article_registry.csv,frozen,
main_monthly,Main Corpus,2023-03,2023-03-01,2023-03-31,2023-03(50).ZIP,v2,0,43,7,Corpora\Main Corpus\2023-03\qc\qc_summary.md,Corpora\Main Corpus\2023-03\qc\clean_corpus_summary.md,Corpora\Main Corpus\2023-03\qc\article_registry.csv,frozen,
main_monthly,Main Corpus,2023-04,2023-04-01,2023-04-30,2023-04(50).ZIP,v2,0,46,4,Corpora\Main Corpus\2023-04\qc\qc_summary.md,Corpora\Main Corpus\2023-04\qc\clean_corpus_summary.md,Corpora\Main Corpus\2023-04\qc\article_registry.csv,frozen,
main_monthly,Main Corpus,2023-05,2023-05-01,2023-05-31,2023-05(50).ZIP,v2,0,42,8,Corpora\Main Corpus\2023-05\qc\qc_summary.md,Corpora\Main Corpus\2023-05\qc\clean_corpus_summary.md,Corpora\Main Corpus\2023-05\qc\article_registry.csv,frozen,
main_monthly,Main Corpus,2023-06,2023-06-01,2023-06-30,2023-06(50).ZIP,v2,0,46,4,Corpora\Main Corpus\2023-06\qc\qc_summary.md,Corpora\Main Corpus\2023-06\qc\clean_corpus_summary.md,Corpora\Main Corpus\2023-06\qc\article_registry.csv,frozen,
main_monthly,Main Corpus,2023-07,2023-07-01,2023-07-31,2023-07(50).ZIP,v2,0,41,9,Corpora\Main Corpus\2023-07\qc\qc_summary.md,Corpora\Main Corpus\2023-07\qc\clean_corpus_summary.md,Corpora\Main Corpus\2023-07\qc\article_registry.csv,frozen,
main_monthly,Main Corpus,2023-08,2023-08-01,2023-08-31,2023-08(100).ZIP,v2,0,79,21,Corpora\Main Corpus\2023-08\qc\qc_summary.md,Corpora\Main Corpus\2023-08\qc\clean_corpus_summary.md,Corpora\Main Corpus\2023-08\qc\article_registry.csv,frozen,
main_monthly,Main Corpus,2023-09,2023-09-01,2023-09-30,2023-09(100).ZIP,v2,0,81,19,Corpora\Main Corpus\2023-09\qc\qc_summary.md,Corpora\Main Corpus\2023-09\qc\clean_corpus_summary.md,Corpora\Main Corpus\2023-09\qc\article_registry.csv,frozen,
main_monthly,Main Corpus,2023-10,2023-10-01,2023-10-31,2023-10(99).ZIP,v2,0,76,23,Corpora\Main Corpus\2023-10\qc\qc_summary.md,Corpora\Main Corpus\2023-10\qc\clean_corpus_summary.md,Corpora\Main Corpus\2023-10\qc\article_registry.csv,frozen,
main_monthly,Main Corpus,2023-11,2023-11-01,2023-11-30,2023-11(50).ZIP,v2,0,44,6,Corpora\Main Corpus\2023-11\qc\qc_summary.md,Corpora\Main Corpus\2023-11\qc\clean_corpus_summary.md,Corpora\Main Corpus\2023-11\qc\article_registry.csv,frozen,
main_monthly,Main Corpus,2023-12,2023-12-01,2023-12-31,2023-12(50).ZIP,v2,0,46,4,Corpora\Main Corpus\2023-12\qc\qc_summary.md,Corpora\Main Corpus\2023-12\qc\clean_corpus_summary.md,Corpora\Main Corpus\2023-12\qc\article_registry.csv,frozen,
main_monthly,Main Corpus,2024-01,2024-01-01,2024-01-31,2024-01(50).ZIP,v2,0,42,8,Corpora\Main Corpus\2024-01\qc\qc_summary.md,Corpora\Main Corpus\2024-01\qc\clean_corpus_summary.md,Corpora\Main Corpus\2024-01\qc\article_registry.csv,frozen,
main_monthly,Main Corpus,2024-02,2024-02-01,2024-02-29,2024-02(50).ZIP,v2,0,41,9,Corpora\Main Corpus\2024-02\qc\qc_summary.md,Corpora\Main Corpus\2024-02\qc\clean_corpus_summary.md,Corpora\Main Corpus\2024-02\qc\article_registry.csv,frozen,
main_monthly,Main Corpus,2024-03,2024-03-01,2024-03-31,2024-03(50).ZIP,v2,0,41,9,Corpora\Main Corpus\2024-03\qc\qc_summary.md,Corpora\Main Corpus\2024-03\qc\clean_corpus_summary.md,Corpora\Main Corpus\2024-03\qc\article_registry.csv,frozen,
main_monthly,Main Corpus,2024-04,2024-04-01,2024-04-30,2024-04(50).ZIP,v2,0,43,7,Corpora\Main Corpus\2024-04\qc\qc_summary.md,Corpora\Main Corpus\2024-04\qc\clean_corpus_summary.md,Corpora\Main Corpus\2024-04\qc\article_registry.csv,frozen,
main_monthly,Main Corpus,2024-05,2024-05-01,2024-05-31,2024-05(82).ZIP,v2,0,66,16,Corpora\Main Corpus\2024-05\qc\qc_summary.md,Corpora\Main Corpus\2024-05\qc\clean_corpus_summary.md,Corpora\Main Corpus\2024-05\qc\article_registry.csv,frozen,
main_monthly,Main Corpus,2024-06,2024-06-01,2024-06-30,2024-06(99).ZIP,v2,0,81,18,Corpora\Main Corpus\2024-06\qc\qc_summary.md,Corpora\Main Corpus\2024-06\qc\clean_corpus_summary.md,Corpora\Main Corpus\2024-06\qc\article_registry.csv,frozen,
main_monthly,Main Corpus,2024-07,2024-07-01,2024-07-31,2024-07(50).ZIP,v2,0,45,5,Corpora\Main Corpus\2024-07\qc\qc_summary.md,Corpora\Main Corpus\2024-07\qc\clean_corpus_summary.md,Corpora\Main Corpus\2024-07\qc\article_registry.csv,frozen,
main_monthly,Main Corpus,2024-08,2024-08-01,2024-08-31,2024-08(100).ZIP,v2,0,75,25,Corpora\Main Corpus\2024-08\qc\qc_summary.md,Corpora\Main Corpus\2024-08\qc\clean_corpus_summary.md,Corpora\Main Corpus\2024-08\qc\article_registry.csv,frozen,
main_monthly,Main Corpus,2024-09,2024-09-01,2024-09-30,2024-09(50).ZIP,v2,0,42,8,Corpora\Main Corpus\2024-09\qc\qc_summary.md,Corpora\Main Corpus\2024-09\qc\clean_corpus_summary.md,Corpora\Main Corpus\2024-09\qc\article_registry.csv,frozen,
main_monthly,Main Corpus,2024-10,2024-10-01,2024-10-31,2024-10(50).ZIP,v2,0,48,2,Corpora\Main Corpus\2024-10\qc\qc_summary.md,Corpora\Main Corpus\2024-10\qc\clean_corpus_summary.md,Corpora\Main Corpus\2024-10\qc\article_registry.csv,frozen,
main_monthly,Main Corpus,2024-11,2024-11-01,2024-11-30,2024-11(50).ZIP,v2,0,43,7,Corpora\Main Corpus\2024-11\qc\qc_summary.md,Corpora\Main Corpus\2024-11\qc\clean_corpus_summary.md,Corpora\Main Corpus\2024-11\qc\article_registry.csv,frozen,
main_monthly,Main Corpus,2024-12,2024-12-01,2024-12-31,2024-12(50).ZIP,v2,0,44,6,Corpora\Main Corpus\2024-12\qc\qc_summary.md,Corpora\Main Corpus\2024-12\qc\clean_corpus_summary.md,Corpora\Main Corpus\2024-12\qc\article_registry.csv,frozen,
main_monthly,Main Corpus,2025-01,2025-01-01,2025-01-31,2025-01(98).ZIP,v2,0,78,20,Corpora\Main Corpus\2025-01\qc\qc_summary.md,Corpora\Main Corpus\2025-01\qc\clean_corpus_summary.md,Corpora\Main Corpus\2025-01\qc\article_registry.csv,frozen,
main_monthly,Main Corpus,2025-02,2025-02-01,2025-02-28,2025-02(97).ZIP,v2,0,75,22,Corpora\Main Corpus\2025-02\qc\qc_summary.md,Corpora\Main Corpus\2025-02\qc\clean_corpus_summary.md,Corpora\Main Corpus\2025-02\qc\article_registry.csv,frozen,
main_monthly,Main Corpus,2025-03,2025-03-01,2025-03-31,2025-03(99).ZIP,v2,0,81,18,Corpora\Main Corpus\2025-03\qc\qc_summary.md,Corpora\Main Corpus\2025-03\qc\clean_corpus_summary.md,Corpora\Main Corpus\2025-03\qc\article_registry.csv,frozen,
main_monthly,Main Corpus,2025-04,2025-04-01,2025-04-30,2025-04(78).ZIP,v2,0,66,12,Corpora\Main Corpus\2025-04\qc\qc_summary.md,Corpora\Main Corpus\2025-04\qc\clean_corpus_summary.md,Corpora\Main Corpus\2025-04\qc\article_registry.csv,frozen,
main_monthly,Main Corpus,2025-05,2025-05-01,2025-05-31,2025-05(50).ZIP,v2,0,45,5,Corpora\Main Corpus\2025-05\qc\qc_summary.md,Corpora\Main Corpus\2025-05\qc\clean_corpus_summary.md,Corpora\Main Corpus\2025-05\qc\article_registry.csv,frozen,
main_monthly,Main Corpus,2025-06,2025-06-01,2025-06-30,2025-06(50).ZIP,v2,0,44,6,Corpora\Main Corpus\2025-06\qc\qc_summary.md,Corpora\Main Corpus\2025-06\qc\clean_corpus_summary.md,Corpora\Main Corpus\2025-06\qc\article_registry.csv,frozen,
main_monthly,Main Corpus,2025-07,2025-07-01,2025-07-31,2025-07(100).ZIP,v2,0,73,27,Corpora\Main Corpus\2025-07\qc\qc_summary.md,Corpora\Main Corpus\2025-07\qc\clean_corpus_summary.md,Corpora\Main Corpus\2025-07\qc\article_registry.csv,frozen,
main_monthly,Main Corpus,2025-08,2025-08-01,2025-08-31,2025-08(95).ZIP,v2,0,72,22,Corpora\Main Corpus\2025-08\qc\qc_summary.md,Corpora\Main Corpus\2025-08\qc\clean_corpus_summary.md,Corpora\Main Corpus\2025-08\qc\article_registry.csv,frozen,
main_monthly,Main Corpus,2025-09,2025-09-01,2025-09-30,2025-09(99).ZIP,v2,0,76,23,Corpora\Main Corpus\2025-09\qc\qc_summary.md,Corpora\Main Corpus\2025-09\qc\clean_corpus_summary.md,Corpora\Main Corpus\2025-09\qc\article_registry.csv,frozen,
main_monthly,Main Corpus,2025-10,2025-10-01,2025-10-31,2025-10(86).ZIP,v2,0,72,14,Corpora\Main Corpus\2025-10\qc\qc_summary.md,Corpora\Main Corpus\2025-10\qc\clean_corpus_summary.md,Corpora\Main Corpus\2025-10\qc\article_registry.csv,frozen,
main_monthly,Main Corpus,2025-11,2025-11-01,2025-11-30,2025-11(83).ZIP,v2,0,73,10,Corpora\Main Corpus\2025-11\qc\qc_summary.md,Corpora\Main Corpus\2025-11\qc\clean_corpus_summary.md,Corpora\Main Corpus\2025-11\qc\article_registry.csv,frozen,
main_monthly,Main Corpus,2025-12,2025-12-01,2025-12-31,2025-12(113).ZIP,v2,0,88,25,Corpora\Main Corpus\2025-12\qc\qc_summary.md,Corpora\Main Corpus\2025-12\qc\clean_corpus_summary.md,Corpora\Main Corpus\2025-12\qc\article_registry.csv,frozen,
shock,Cologne,cologne,2016-01-04,2016-01-17,Cologne(113).ZIP,v2,0,82,31,Corpora\Cologne\qc\qc_summary.md,Corpora\Cologne\qc\clean_corpus_summary.md,Corpora\Cologne\qc\article_registry.csv,frozen_with_warning,warnings=raw_unarchive_empty
shock,Chemnitz,chemnitz_core,2018-08-28,2018-09-01,Chemnitz_core(32).ZIP;Chemnitz_extra(159).ZIP,v2,32,12,20,Corpora\Chemnitz\qc\core\qc_summary.md,Corpora\Chemnitz\qc\core\clean_corpus_summary.md,Corpora\Chemnitz\qc\core\article_registry.csv,frozen,
shock,Chemnitz,chemnitz_extra,2018-08-01,2018-09-30,Chemnitz_core(32).ZIP;Chemnitz_extra(159).ZIP,v2,0,119,40,Corpora\Chemnitz\qc\extra\qc_summary.md,Corpora\Chemnitz\qc\extra\clean_corpus_summary.md,Corpora\Chemnitz\qc\extra\article_registry.csv,needs_manual_check,missing=Corpora\Chemnitz\qc\extra\article_registry.csv; warnings=raw_unarchive_empty
shock,Corrective Revelation,corrective_revelation,2024-01-11,2024-01-24,Corrective Revelation(22).ZIP,v2,0,17,5,Corpora\Corrective Revelation\qc\qc_summary.md,Corpora\Corrective Revelation\qc\clean_corpus_summary.md,Corpora\Corrective Revelation\qc\article_registry.csv,frozen_with_warning,warnings=raw_unarchive_empty
