month,year_month,month_dt,year,month_num,afd_poll_support_mean,afd_poll_support_median,afd_poll_support_min,afd_poll_support_max,afd_poll_support_sd,n_polls,n_pollsters,first_poll_date,last_poll_date,source
2017-01,2017-01,2017-01-01,2017,1,12.186666666666667,12.0,11.0,14.5,1.1394652045503426,15,7,2017-01-11 00:00:00,2017-01-31 12:00:00,DAWUM
2017-02,2017-02,2017-02-01,2017,2,10.356521739130434,10.0,8.0,13.0,1.3747152058638188,23,10,2017-02-01 00:00:00,2017-02-26 12:00:00,DAWUM
2017-03,2017-03,2017-03-01,2017,3,9.529166666666667,9.2,7.0,11.5,1.408508050220598,24,9,2017-03-01 00:00:00,2017-03-29 00:00:00,DAWUM
2017-04,2017-04,2017-04-01,2017,4,9.064285714285715,9.0,7.0,11.0,0.834982495143321,28,9,2017-04-01 00:00:00,2017-04-30 00:00:00,DAWUM
2017-05,2017-05,2017-05-01,2017,5,8.258620689655173,8.0,7.0,10.0,0.9310198867675447,29,10,2017-05-01 12:00:00,2017-05-31 00:00:00,DAWUM
2017-06,2017-06,2017-06-01,2017,6,7.896,8.0,6.5,9.0,0.80802227692063,25,9,2017-06-02 12:00:00,2017-06-30 12:00:00,DAWUM
2017-07,2017-07,2017-07-01,2017,7,8.132142857142856,8.0,7.0,10.0,0.8654065931275144,28,10,2017-07-01 12:00:00,2017-07-30 00:00:00,DAWUM
2017-08,2017-08,2017-08-01,2017,8,8.687096774193549,8.7,7.0,11.0,1.0088745992387986,31,10,2017-08-02 00:00:00,2017-08-30 00:00:00,DAWUM
2017-09,2017-09,2017-09-01,2017,9,10.45625,10.75,8.0,13.0,1.299860414342322,32,10,2017-09-01 12:00:00,2017-09-27 12:00:00,DAWUM
2017-10,2017-10,2017-10-01,2017,10,12.105263157894736,12.0,11.0,13.0,0.6578362547106202,19,7,2017-10-01 00:00:00,2017-10-28 00:00:00,DAWUM
2017-11,2017-11,2017-11-01,2017,11,12.245833333333332,12.0,10.0,14.0,1.1317470783153643,24,9,2017-11-01 00:00:00,2017-11-29 12:00:00,DAWUM
2017-12,2017-12,2017-12-01,2017,12,12.615,13.0,11.0,14.5,0.9847655344774897,20,9,2017-12-02 12:00:00,2017-12-31 00:00:00,DAWUM
2018-01,2018-01,2018-01-01,2018,1,12.75,13.0,10.0,14.0,1.0883583093466094,22,7,2018-01-02 12:00:00,2018-01-31 00:00:00,DAWUM
2018-02,2018-02,2018-02-01,2018,2,14.131818181818181,14.0,12.0,16.0,1.2194402945756024,22,9,2018-02-03 12:00:00,2018-02-28 00:00:00,DAWUM
2018-03,2018-03,2018-03-01,2018,3,13.757142857142856,13.0,12.0,15.4,1.1395487828835715,21,10,2018-03-04 00:00:00,2018-03-30 00:00:00,DAWUM
2018-04,2018-04,2018-04-01,2018,4,13.675,13.5,12.0,15.5,1.2489469248341305,20,8,2018-04-01 12:00:00,2018-04-29 00:00:00,DAWUM
2018-05,2018-05,2018-05-01,2018,5,14.184999999999999,14.0,11.5,16.0,1.1922005306420385,20,9,2018-05-01 00:00:00,2018-05-30 00:00:00,DAWUM
2018-06,2018-06,2018-06-01,2018,6,14.930000000000001,15.0,13.0,16.5,1.1553536710735626,20,8,2018-06-02 12:00:00,2018-06-30 12:00:00,DAWUM
2018-07,2018-07,2018-07-01,2018,7,16.095238095238095,16.0,14.0,17.5,1.067930798542766,21,8,2018-07-01 00:00:00,2018-07-31 00:00:00,DAWUM
2018-08,2018-08,2018-08-01,2018,8,15.463157894736844,15.8,14.0,17.0,1.2486483920694185,19,8,2018-08-01 00:00:00,2018-08-29 00:00:00,DAWUM
2018-09,2018-09,2018-09-01,2018,9,16.244,16.0,13.0,18.5,1.438193311067743,25,9,2018-09-01 12:00:00,2018-09-29 12:00:00,DAWUM
2018-10,2018-10,2018-10-01,2018,10,15.657894736842104,16.0,13.0,18.0,1.434230645279778,19,8,2018-10-03 00:00:00,2018-10-31 12:00:00,DAWUM
2018-11,2018-11,2018-11-01,2018,11,14.645,15.0,12.0,16.5,1.2415927800929525,20,8,2018-11-01 12:00:00,2018-11-28 12:00:00,DAWUM
2018-12,2018-12,2018-12-01,2018,12,14.058823529411764,14.0,12.0,16.0,1.0289915108550531,17,8,2018-12-01 12:00:00,2018-12-24 00:00:00,DAWUM
2019-01,2019-01,2019-01-01,2019,1,13.568181818181818,14.0,11.0,16.0,1.2372728704065872,22,9,2019-01-02 12:00:00,2019-01-30 00:00:00,DAWUM
2019-02,2019-02,2019-02-01,2019,2,13.004545454545456,13.0,11.0,14.5,0.9296580388853037,22,9,2019-02-02 12:00:00,2019-02-28 00:00:00,DAWUM
2019-03,2019-03,2019-03-01,2019,3,12.8,13.0,11.0,14.5,0.9787209698591857,20,8,2019-03-03 00:00:00,2019-03-31 00:00:00,DAWUM
2019-04,2019-04,2019-04-01,2019,4,12.936842105263159,13.0,12.0,14.0,0.7174108743064183,19,8,2019-04-02 00:00:00,2019-04-29 12:00:00,DAWUM
2019-05,2019-05,2019-05-01,2019,5,13.088235294117647,13.0,11.0,14.0,0.7548860451594469,17,7,2019-05-01 00:00:00,2019-05-29 00:00:00,DAWUM
2019-06,2019-06,2019-06-01,2019,6,12.918181818181818,13.0,10.7,14.0,0.8421267655035614,22,9,2019-06-01 12:00:00,2019-06-30 00:00:00,DAWUM
2019-07,2019-07,2019-07-01,2019,7,13.085714285714285,13.0,11.5,14.5,0.9133924207511878,21,9,2019-07-02 00:00:00,2019-07-31 00:00:00,DAWUM
2019-08,2019-08,2019-08-01,2019,8,13.78125,14.0,12.0,15.0,0.9303897032964196,16,6,2019-08-03 12:00:00,2019-08-31 12:00:00,DAWUM
2019-09,2019-09,2019-09-01,2019,9,14.254545454545456,14.0,12.0,16.0,1.1261934506609814,22,9,2019-09-01 00:00:00,2019-09-29 00:00:00,DAWUM
2019-10,2019-10,2019-10-01,2019,10,13.972222222222221,14.0,12.0,16.0,1.1436811338601824,18,7,2019-10-02 00:00:00,2019-10-30 00:00:00,DAWUM
2019-11,2019-11,2019-11-01,2019,11,14.02608695652174,14.0,13.0,16.0,0.85398392113049,23,9,2019-11-02 12:00:00,2019-11-30 12:00:00,DAWUM
2019-12,2019-12,2019-12-01,2019,12,14.266666666666667,14.0,13.0,15.0,0.7988086367179801,15,8,2019-12-03 00:00:00,2019-12-30 00:00:00,DAWUM
2020-01,2020-01,2020-01-01,2020,1,13.733333333333333,14.0,11.0,15.0,1.1629191512658792,15,6,2020-01-04 12:00:00,2020-01-29 00:00:00,DAWUM
2020-02,2020-02,2020-02-01,2020,2,13.23,14.0,10.0,15.0,1.6846364592991567,20,8,2020-02-01 12:00:00,2020-02-29 12:00:00,DAWUM
2020-03,2020-03,2020-03-01,2020,3,11.633333333333335,11.5,9.0,14.0,1.5947831618540909,21,8,2020-03-01 00:00:00,2020-03-31 00:00:00,DAWUM
2020-04,2020-04,2020-04-01,2020,4,10.014285714285714,10.0,9.0,12.0,0.8138093844910581,21,9,2020-04-01 00:00:00,2020-04-28 12:00:00,DAWUM
2020-05,2020-05,2020-05-01,2020,5,9.85,10.0,8.0,12.0,1.0013149249598599,20,7,2020-05-02 12:00:00,2020-05-31 00:00:00,DAWUM
2020-06,2020-06,2020-06-01,2020,6,9.642857142857142,10.0,8.0,11.5,0.8680849201382479,21,9,2020-06-02 12:00:00,2020-06-30 00:00:00,DAWUM
2020-07,2020-07,2020-07-01,2020,7,9.944444444444445,10.0,8.0,11.0,0.9375953110592338,18,7,2020-07-01 00:00:00,2020-07-29 00:00:00,DAWUM
2020-08,2020-08,2020-08-01,2020,8,10.285714285714286,11.0,8.0,11.0,1.0071175275436897,21,7,2020-08-01 12:00:00,2020-08-30 00:00:00,DAWUM
2020-09,2020-09,2020-09-01,2020,9,10.210526315789474,10.0,8.0,12.0,1.1704200275694499,19,7,2020-09-01 00:00:00,2020-09-30 12:00:00,DAWUM
2020-10,2020-10,2020-10-01,2020,10,10.31578947368421,10.0,9.0,12.0,1.043638484605521,19,8,2020-10-03 12:00:00,2020-10-31 12:00:00,DAWUM
2020-11,2020-11,2020-11-01,2020,11,9.775,10.0,7.0,12.0,1.105905201990421,20,8,2020-11-01 00:00:00,2020-11-29 00:00:00,DAWUM
2020-12,2020-12,2020-12-01,2020,12,9.384615384615385,10.0,8.0,11.0,0.9607689228305227,13,6,2020-12-01 00:00:00,2020-12-22 00:00:00,DAWUM
2021-01,2021-01,2021-01-01,2021,1,9.571428571428571,10.0,8.0,11.0,0.8701395618766318,21,8,2021-01-01 00:00:00,2021-01-31 00:00:00,DAWUM
2021-02,2021-02,2021-02-01,2021,2,9.710526315789474,10.0,8.0,11.0,1.0316624861746775,19,9,2021-02-02 00:00:00,2021-02-28 00:00:00,DAWUM
2021-03,2021-03,2021-03-01,2021,3,10.72,11.0,10.0,12.0,0.6626965117357015,25,9,2021-03-01 12:00:00,2021-03-31 00:00:00,DAWUM
2021-04,2021-04,2021-04-01,2021,4,10.795454545454545,11.0,9.0,12.0,0.8818148346435337,22,8,2021-04-03 12:00:00,2021-04-30 00:00:00,DAWUM
2021-05,2021-05,2021-05-01,2021,5,10.85,11.0,9.0,13.0,0.9572770290489729,30,10,2021-05-01 12:00:00,2021-05-29 12:00:00,DAWUM
2021-06,2021-06,2021-06-01,2021,6,10.316666666666666,10.25,9.0,12.0,0.9868386771466973,30,10,2021-06-02 00:00:00,2021-06-30 00:00:00,DAWUM
2021-07,2021-07,2021-07-01,2021,7,10.596774193548388,11.0,9.0,12.0,0.7683245282074244,31,10,2021-07-02 00:00:00,2021-07-31 12:00:00,DAWUM
2021-08,2021-08,2021-08-01,2021,8,11.014705882352942,11.0,10.0,12.0,0.5965214075465518,34,11,2021-08-03 00:00:00,2021-08-31 12:00:00,DAWUM
2021-09,2021-09,2021-09-01,2021,9,10.907894736842104,11.0,9.0,12.0,0.6561071018978082,38,12,2021-09-01 00:00:00,2021-09-30 12:00:00,DAWUM
2021-10,2021-10,2021-10-01,2021,10,10.5,11.0,9.0,12.0,0.8548504142651102,27,7,2021-10-01 12:00:00,2021-10-30 12:00:00,DAWUM
2021-11,2021-11,2021-11-01,2021,11,10.724137931034482,11.0,9.0,12.0,0.7268597685611089,29,10,2021-11-02 12:00:00,2021-11-30 00:00:00,DAWUM
2021-12,2021-12,2021-12-01,2021,12,10.818181818181818,11.0,9.0,12.0,0.732663999932122,22,10,2021-12-01 00:00:00,2021-12-31 12:00:00,DAWUM
2022-01,2022-01,2022-01-01,2022,1,10.865384615384615,11.0,9.0,12.0,0.9333562268254529,26,10,2022-01-01 00:00:00,2022-01-29 12:00:00,DAWUM
2022-02,2022-02,2022-02-01,2022,2,10.732142857142858,11.0,7.0,12.0,1.2728077948141585,28,11,2022-02-01 00:00:00,2022-02-26 12:00:00,DAWUM
2022-03,2022-03,2022-03-01,2022,3,9.92,10.0,7.0,11.0,1.0575128052810203,25,9,2022-03-01 00:00:00,2022-03-31 00:00:00,DAWUM
2022-04,2022-04,2022-04-01,2022,4,10.2,10.5,8.5,12.0,1.0635010497214472,30,10,2022-04-01 00:00:00,2022-04-30 12:00:00,DAWUM
2022-05,2022-05,2022-05-01,2022,5,9.574074074074074,10.0,7.0,11.0,1.1068293567986103,27,11,2022-05-04 00:00:00,2022-05-31 00:00:00,DAWUM
2022-06,2022-06,2022-06-01,2022,6,10.134615384615385,10.0,8.0,13.0,1.2046384711413818,26,10,2022-06-01 00:00:00,2022-06-29 00:00:00,DAWUM
2022-07,2022-07,2022-07-01,2022,7,10.741379310344827,11.0,9.0,12.0,0.9507580589716325,29,11,2022-07-01 00:00:00,2022-07-30 12:00:00,DAWUM
2022-08,2022-08,2022-08-01,2022,8,12.148148148148149,12.0,10.0,14.5,1.0544303494415181,27,10,2022-08-02 00:00:00,2022-08-31 00:00:00,DAWUM
2022-09,2022-09,2022-09-01,2022,9,13.365384615384615,13.25,11.0,15.0,0.8781536574847512,26,10,2022-09-02 00:00:00,2022-09-28 12:00:00,DAWUM
2022-10,2022-10,2022-10-01,2022,10,14.796296296296296,15.0,13.0,16.0,0.7106234973498661,27,10,2022-10-01 00:00:00,2022-10-29 12:00:00,DAWUM
2022-11,2022-11,2022-11-01,2022,11,14.166666666666666,14.0,12.0,16.0,0.9903379376602868,27,10,2022-11-01 00:00:00,2022-11-30 00:00:00,DAWUM
2022-12,2022-12,2022-12-01,2022,12,14.090909090909092,14.25,12.0,15.5,1.0649878563622848,22,11,2022-12-01 12:00:00,2022-12-31 00:00:00,DAWUM
2023-01,2023-01,2023-01-01,2023,1,14.5,15.0,12.0,16.5,0.9797958971132712,26,9,2023-01-03 00:00:00,2023-01-31 00:00:00,DAWUM
2023-02,2023-02,2023-02-01,2023,2,14.770833333333334,15.0,13.0,17.0,1.1129589103969133,24,10,2023-02-01 00:00:00,2023-02-28 00:00:00,DAWUM
2023-03,2023-03,2023-03-01,2023,3,14.87037037037037,15.0,13.0,17.0,0.9465787848939969,27,10,2023-03-01 00:00:00,2023-03-31 12:00:00,DAWUM
2023-04,2023-04,2023-04-01,2023,4,15.5,16.0,14.0,17.0,0.7905694150420949,25,9,2023-04-01 00:00:00,2023-04-30 00:00:00,DAWUM
2023-05,2023-05,2023-05-01,2023,5,16.56,16.0,15.0,19.0,0.9500000000000001,25,8,2023-05-02 12:00:00,2023-05-31 12:00:00,DAWUM
2023-06,2023-06,2023-06-01,2023,6,19.178571428571427,19.0,17.0,21.0,0.9150418500274117,28,11,2023-06-01 12:00:00,2023-06-30 12:00:00,DAWUM
2023-07,2023-07,2023-07-01,2023,7,20.38888888888889,20.0,18.0,23.0,1.1294427943198477,27,10,2023-07-01 00:00:00,2023-07-30 12:00:00,DAWUM
2023-08,2023-08,2023-08-01,2023,8,20.64,21.0,18.0,22.0,0.9411871935663663,25,9,2023-08-01 00:00:00,2023-08-30 00:00:00,DAWUM
2023-09,2023-09,2023-09-01,2023,9,21.48148148148148,21.5,19.0,23.0,0.8823208194812298,27,10,2023-09-01 00:00:00,2023-09-30 12:00:00,DAWUM
2023-10,2023-10,2023-10-01,2023,10,21.4375,21.5,19.0,23.0,1.035379577529526,24,9,2023-10-03 12:00:00,2023-10-31 12:00:00,DAWUM
2023-11,2023-11,2023-11-01,2023,11,21.23913043478261,21.0,19.0,26.0,1.380625395323959,23,9,2023-11-01 00:00:00,2023-11-29 00:00:00,DAWUM
2023-12,2023-12,2023-12-01,2023,12,21.847826086956523,22.0,18.0,23.0,1.2652235035099497,23,9,2023-12-01 00:00:00,2023-12-31 00:00:00,DAWUM
2024-01,2024-01,2024-01-01,2024,1,21.34,22.0,19.0,24.5,1.631206097748944,25,10,2024-01-02 12:00:00,2024-01-31 00:00:00,DAWUM
2024-02,2024-02,2024-02-01,2024,2,18.775,19.0,17.0,20.5,1.019223130366302,20,9,2024-02-02 00:00:00,2024-02-28 00:00:00,DAWUM
2024-03,2024-03,2024-03-01,2024,3,18.15909090909091,18.25,15.0,20.0,1.3037159677918058,22,9,2024-03-01 00:00:00,2024-03-30 12:00:00,DAWUM
2024-04,2024-04,2024-04-01,2024,4,17.75,18.0,16.0,19.0,0.9389243565742769,20,8,2024-04-02 12:00:00,2024-04-29 12:00:00,DAWUM
2024-05,2024-05,2024-05-01,2024,5,16.5,17.0,14.0,19.0,1.371478173706158,22,10,2024-05-01 00:00:00,2024-05-31 00:00:00,DAWUM
2024-06,2024-06,2024-06-01,2024,6,16.738095238095237,17.0,15.0,19.0,0.9568051998584609,21,8,2024-06-01 12:00:00,2024-06-30 12:00:00,DAWUM
2024-07,2024-07,2024-07-01,2024,7,17.194444444444443,17.0,16.0,18.0,0.7099894135268937,18,7,2024-07-02 00:00:00,2024-07-31 00:00:00,DAWUM
2024-08,2024-08,2024-08-01,2024,8,17.431818181818183,17.0,16.0,19.0,1.115853874900236,22,9,2024-08-02 00:00:00,2024-08-31 12:00:00,DAWUM
2024-09,2024-09,2024-09-01,2024,9,18.1,18.0,17.0,20.0,1.1539406169159752,20,9,2024-09-03 12:00:00,2024-09-28 12:00:00,DAWUM
2024-10,2024-10,2024-10-01,2024,10,18.025,18.0,16.0,20.0,1.1294502621792792,20,8,2024-10-02 00:00:00,2024-10-30 00:00:00,DAWUM
2024-11,2024-11,2024-11-01,2024,11,18.153846153846153,18.0,16.0,19.5,0.8575456928844176,26,10,2024-11-01 00:00:00,2024-11-30 12:00:00,DAWUM
2024-12,2024-12,2024-12-01,2024,12,18.97826086956522,19.0,17.0,21.0,1.092102443471112,23,9,2024-12-01 00:00:00,2024-12-30 00:00:00,DAWUM
2025-01,2025-01,2025-01-01,2025,1,20.683333333333334,21.0,19.0,23.0,1.0945266126262658,30,9,2025-01-01 00:00:00,2025-01-31 00:00:00,DAWUM
2025-02,2025-02,2025-02-01,2025,2,20.714285714285715,21.0,19.0,22.0,0.83389336923884,35,11,2025-02-01 12:00:00,2025-02-28 12:00:00,DAWUM
2025-03,2025-03,2025-03-01,2025,3,22.36842105263158,22.0,21.0,24.0,0.9978046076701182,19,7,2025-03-01 12:00:00,2025-03-29 12:00:00,DAWUM
2025-04,2025-04,2025-04-01,2025,4,24.52173913043478,24.5,23.0,26.0,0.7902568752334612,23,10,2025-04-01 00:00:00,2025-04-30 12:00:00,DAWUM
2025-05,2025-05,2025-05-01,2025,5,23.956521739130434,24.0,22.5,25.0,0.8381939930353081,23,10,2025-05-03 12:00:00,2025-05-31 12:00:00,DAWUM
2025-06,2025-06,2025-06-01,2025,6,23.105263157894736,23.0,22.0,24.0,0.5911135294326824,19,8,2025-06-02 12:00:00,2025-06-28 12:00:00,DAWUM
2025-07,2025-07,2025-07-01,2025,7,24.05263157894737,24.0,23.0,25.0,0.5984873720496731,19,8,2025-07-01 00:00:00,2025-07-30 00:00:00,DAWUM
2025-08,2025-08,2025-08-01,2025,8,24.928571428571427,25.0,22.5,26.0,0.8701395618766316,21,9,2025-08-01 00:00:00,2025-08-30 12:00:00,DAWUM
2025-09,2025-09,2025-09-01,2025,9,25.608695652173914,25.5,24.0,27.0,0.7680631149955065,23,9,2025-09-01 12:00:00,2025-09-30 12:00:00,DAWUM
2025-10,2025-10,2025-10-01,2025,10,25.8,26.0,24.0,27.0,0.7504384683215815,20,7,2025-10-02 12:00:00,2025-10-31 12:00:00,DAWUM
2025-11,2025-11,2025-11-01,2025,11,26.022727272727273,26.0,25.0,27.0,0.49945858132469245,22,9,2025-11-01 00:00:00,2025-11-29 12:00:00,DAWUM
2025-12,2025-12,2025-12-01,2025,12,25.9,26.0,25.0,27.0,0.5411627692821658,15,7,2025-12-02 00:00:00,2025-12-31 12:00:00,DAWUM
