poll_date,year_month,pollster,afd_pct,source,source_url,series_type,collection_method,notes
2013-09-22,2013-09,GMS,4.7,Wahlrecht.de,https://www.wahlrecht.de/umfragen/gms/projektion-2017.htm,projection,manual_wahlrecht_historical_supplement,Pre-DAWUM historical supplement for Cologne-period descriptive diagnostics.
2013-09-22,2013-09,Infratest dimap,4.7,Wahlrecht.de,https://www.wahlrecht.de/umfragen/dimap.htm,projection,manual_wahlrecht_historical_supplement,Pre-DAWUM historical supplement for Cologne-period descriptive diagnostics.
2013-09-22,2013-09,Politbarometer,4.7,Wahlrecht.de,https://www.wahlrecht.de/umfragen/politbarometer/politbarometer-2017.htm,projection,manual_wahlrecht_historical_supplement,Pre-DAWUM historical supplement for Cologne-period descriptive diagnostics.
2013-09-27,2013-09,Politbarometer,5.0,Wahlrecht.de,https://www.wahlrecht.de/umfragen/politbarometer/politbarometer-2017.htm,projection,manual_wahlrecht_historical_supplement,Pre-DAWUM historical supplement for Cologne-period descriptive diagnostics.
2013-10-10,2013-10,Infratest dimap,4.5,Wahlrecht.de,https://www.wahlrecht.de/umfragen/dimap.htm,projection,manual_wahlrecht_historical_supplement,Pre-DAWUM historical supplement for Cologne-period descriptive diagnostics.
2013-10-15,2013-10,GMS,6.0,Wahlrecht.de,https://www.wahlrecht.de/umfragen/gms/projektion-2017.htm,projection,manual_wahlrecht_historical_supplement,Pre-DAWUM historical supplement for Cologne-period descriptive diagnostics.
2013-10-18,2013-10,Politbarometer,5.0,Wahlrecht.de,https://www.wahlrecht.de/umfragen/politbarometer/politbarometer-2017.htm,projection,manual_wahlrecht_historical_supplement,Pre-DAWUM historical supplement for Cologne-period descriptive diagnostics.
2013-10-25,2013-10,Infratest dimap,5.0,Wahlrecht.de,https://www.wahlrecht.de/umfragen/dimap.htm,projection,manual_wahlrecht_historical_supplement,Pre-DAWUM historical supplement for Cologne-period descriptive diagnostics.
2013-11-07,2013-11,Infratest dimap,4.0,Wahlrecht.de,https://www.wahlrecht.de/umfragen/dimap.htm,projection,manual_wahlrecht_historical_supplement,Pre-DAWUM historical supplement for Cologne-period descriptive diagnostics.
2013-11-08,2013-11,Politbarometer,5.0,Wahlrecht.de,https://www.wahlrecht.de/umfragen/politbarometer/politbarometer-2017.htm,projection,manual_wahlrecht_historical_supplement,Pre-DAWUM historical supplement for Cologne-period descriptive diagnostics.
2013-11-19,2013-11,GMS,5.0,Wahlrecht.de,https://www.wahlrecht.de/umfragen/gms/projektion-2017.htm,projection,manual_wahlrecht_historical_supplement,Pre-DAWUM historical supplement for Cologne-period descriptive diagnostics.
2013-11-22,2013-11,Infratest dimap,4.0,Wahlrecht.de,https://www.wahlrecht.de/umfragen/dimap.htm,projection,manual_wahlrecht_historical_supplement,Pre-DAWUM historical supplement for Cologne-period descriptive diagnostics.
2013-11-29,2013-11,Politbarometer,5.0,Wahlrecht.de,https://www.wahlrecht.de/umfragen/politbarometer/politbarometer-2017.htm,projection,manual_wahlrecht_historical_supplement,Pre-DAWUM historical supplement for Cologne-period descriptive diagnostics.
2013-12-05,2013-12,Infratest dimap,4.0,Wahlrecht.de,https://www.wahlrecht.de/umfragen/dimap.htm,projection,manual_wahlrecht_historical_supplement,Pre-DAWUM historical supplement for Cologne-period descriptive diagnostics.
2013-12-10,2013-12,GMS,4.0,Wahlrecht.de,https://www.wahlrecht.de/umfragen/gms/projektion-2017.htm,projection,manual_wahlrecht_historical_supplement,Pre-DAWUM historical supplement for Cologne-period descriptive diagnostics.
2013-12-13,2013-12,Politbarometer,4.0,Wahlrecht.de,https://www.wahlrecht.de/umfragen/politbarometer/politbarometer-2017.htm,projection,manual_wahlrecht_historical_supplement,Pre-DAWUM historical supplement for Cologne-period descriptive diagnostics.
2013-12-20,2013-12,Infratest dimap,4.0,Wahlrecht.de,https://www.wahlrecht.de/umfragen/dimap.htm,projection,manual_wahlrecht_historical_supplement,Pre-DAWUM historical supplement for Cologne-period descriptive diagnostics.
2014-01-09,2014-01,Infratest dimap,4.0,Wahlrecht.de,https://www.wahlrecht.de/umfragen/dimap.htm,projection,manual_wahlrecht_historical_supplement,Pre-DAWUM historical supplement for Cologne-period descriptive diagnostics.
2014-01-17,2014-01,Politbarometer,4.0,Wahlrecht.de,https://www.wahlrecht.de/umfragen/politbarometer/politbarometer-2017.htm,projection,manual_wahlrecht_historical_supplement,Pre-DAWUM historical supplement for Cologne-period descriptive diagnostics.
2014-01-21,2014-01,GMS,4.0,Wahlrecht.de,https://www.wahlrecht.de/umfragen/gms/projektion-2017.htm,projection,manual_wahlrecht_historical_supplement,Pre-DAWUM historical supplement for Cologne-period descriptive diagnostics.
2014-01-31,2014-01,Infratest dimap,4.0,Wahlrecht.de,https://www.wahlrecht.de/umfragen/dimap.htm,projection,manual_wahlrecht_historical_supplement,Pre-DAWUM historical supplement for Cologne-period descriptive diagnostics.
2014-01-31,2014-01,Politbarometer,4.0,Wahlrecht.de,https://www.wahlrecht.de/umfragen/politbarometer/politbarometer-2017.htm,projection,manual_wahlrecht_historical_supplement,Pre-DAWUM historical supplement for Cologne-period descriptive diagnostics.
2014-02-06,2014-02,Infratest dimap,5.0,Wahlrecht.de,https://www.wahlrecht.de/umfragen/dimap.htm,projection,manual_wahlrecht_historical_supplement,Pre-DAWUM historical supplement for Cologne-period descriptive diagnostics.
2014-02-21,2014-02,Politbarometer,4.0,Wahlrecht.de,https://www.wahlrecht.de/umfragen/politbarometer/politbarometer-2017.htm,projection,manual_wahlrecht_historical_supplement,Pre-DAWUM historical supplement for Cologne-period descriptive diagnostics.
2014-02-25,2014-02,GMS,5.0,Wahlrecht.de,https://www.wahlrecht.de/umfragen/gms/projektion-2017.htm,projection,manual_wahlrecht_historical_supplement,Pre-DAWUM historical supplement for Cologne-period descriptive diagnostics.
2014-02-28,2014-02,Infratest dimap,5.0,Wahlrecht.de,https://www.wahlrecht.de/umfragen/dimap.htm,projection,manual_wahlrecht_historical_supplement,Pre-DAWUM historical supplement for Cologne-period descriptive diagnostics.
2014-03-06,2014-03,Infratest dimap,4.0,Wahlrecht.de,https://www.wahlrecht.de/umfragen/dimap.htm,projection,manual_wahlrecht_historical_supplement,Pre-DAWUM historical supplement for Cologne-period descriptive diagnostics.
2014-03-14,2014-03,Politbarometer,4.0,Wahlrecht.de,https://www.wahlrecht.de/umfragen/politbarometer/politbarometer-2017.htm,projection,manual_wahlrecht_historical_supplement,Pre-DAWUM historical supplement for Cologne-period descriptive diagnostics.
2014-03-18,2014-03,GMS,5.0,Wahlrecht.de,https://www.wahlrecht.de/umfragen/gms/projektion-2017.htm,projection,manual_wahlrecht_historical_supplement,Pre-DAWUM historical supplement for Cologne-period descriptive diagnostics.
2014-03-28,2014-03,Infratest dimap,5.0,Wahlrecht.de,https://www.wahlrecht.de/umfragen/dimap.htm,projection,manual_wahlrecht_historical_supplement,Pre-DAWUM historical supplement for Cologne-period descriptive diagnostics.
2014-03-28,2014-03,Politbarometer,5.0,Wahlrecht.de,https://www.wahlrecht.de/umfragen/politbarometer/politbarometer-2017.htm,projection,manual_wahlrecht_historical_supplement,Pre-DAWUM historical supplement for Cologne-period descriptive diagnostics.
2014-04-03,2014-04,Infratest dimap,5.0,Wahlrecht.de,https://www.wahlrecht.de/umfragen/dimap.htm,projection,manual_wahlrecht_historical_supplement,Pre-DAWUM historical supplement for Cologne-period descriptive diagnostics.
2014-04-11,2014-04,Politbarometer,4.0,Wahlrecht.de,https://www.wahlrecht.de/umfragen/politbarometer/politbarometer-2017.htm,projection,manual_wahlrecht_historical_supplement,Pre-DAWUM historical supplement for Cologne-period descriptive diagnostics.
2014-04-16,2014-04,GMS,6.0,Wahlrecht.de,https://www.wahlrecht.de/umfragen/gms/projektion-2017.htm,projection,manual_wahlrecht_historical_supplement,Pre-DAWUM historical supplement for Cologne-period descriptive diagnostics.
2014-04-25,2014-04,Infratest dimap,5.0,Wahlrecht.de,https://www.wahlrecht.de/umfragen/dimap.htm,projection,manual_wahlrecht_historical_supplement,Pre-DAWUM historical supplement for Cologne-period descriptive diagnostics.
2014-04-30,2014-04,Infratest dimap,5.0,Wahlrecht.de,https://www.wahlrecht.de/umfragen/dimap.htm,projection,manual_wahlrecht_historical_supplement,Pre-DAWUM historical supplement for Cologne-period descriptive diagnostics.
2014-05-09,2014-05,Politbarometer,4.0,Wahlrecht.de,https://www.wahlrecht.de/umfragen/politbarometer/politbarometer-2017.htm,projection,manual_wahlrecht_historical_supplement,Pre-DAWUM historical supplement for Cologne-period descriptive diagnostics.
2014-05-13,2014-05,GMS,5.0,Wahlrecht.de,https://www.wahlrecht.de/umfragen/gms/projektion-2017.htm,projection,manual_wahlrecht_historical_supplement,Pre-DAWUM historical supplement for Cologne-period descriptive diagnostics.
2014-05-16,2014-05,Infratest dimap,6.0,Wahlrecht.de,https://www.wahlrecht.de/umfragen/dimap.htm,projection,manual_wahlrecht_historical_supplement,Pre-DAWUM historical supplement for Cologne-period descriptive diagnostics.
2014-06-05,2014-06,Infratest dimap,7.0,Wahlrecht.de,https://www.wahlrecht.de/umfragen/dimap.htm,projection,manual_wahlrecht_historical_supplement,Pre-DAWUM historical supplement for Cologne-period descriptive diagnostics.
2014-06-05,2014-06,Politbarometer,5.0,Wahlrecht.de,https://www.wahlrecht.de/umfragen/politbarometer/politbarometer-2017.htm,projection,manual_wahlrecht_historical_supplement,Pre-DAWUM historical supplement for Cologne-period descriptive diagnostics.
2014-06-20,2014-06,Infratest dimap,6.0,Wahlrecht.de,https://www.wahlrecht.de/umfragen/dimap.htm,projection,manual_wahlrecht_historical_supplement,Pre-DAWUM historical supplement for Cologne-period descriptive diagnostics.
2014-06-24,2014-06,GMS,6.0,Wahlrecht.de,https://www.wahlrecht.de/umfragen/gms/projektion-2017.htm,projection,manual_wahlrecht_historical_supplement,Pre-DAWUM historical supplement for Cologne-period descriptive diagnostics.
2014-06-27,2014-06,Politbarometer,6.0,Wahlrecht.de,https://www.wahlrecht.de/umfragen/politbarometer/politbarometer-2017.htm,projection,manual_wahlrecht_historical_supplement,Pre-DAWUM historical supplement for Cologne-period descriptive diagnostics.
2014-07-03,2014-07,Infratest dimap,5.0,Wahlrecht.de,https://www.wahlrecht.de/umfragen/dimap.htm,projection,manual_wahlrecht_historical_supplement,Pre-DAWUM historical supplement for Cologne-period descriptive diagnostics.
2014-07-18,2014-07,Infratest dimap,4.0,Wahlrecht.de,https://www.wahlrecht.de/umfragen/dimap.htm,projection,manual_wahlrecht_historical_supplement,Pre-DAWUM historical supplement for Cologne-period descriptive diagnostics.
2014-07-18,2014-07,Politbarometer,5.0,Wahlrecht.de,https://www.wahlrecht.de/umfragen/politbarometer/politbarometer-2017.htm,projection,manual_wahlrecht_historical_supplement,Pre-DAWUM historical supplement for Cologne-period descriptive diagnostics.
2014-07-22,2014-07,GMS,5.0,Wahlrecht.de,https://www.wahlrecht.de/umfragen/gms/projektion-2017.htm,projection,manual_wahlrecht_historical_supplement,Pre-DAWUM historical supplement for Cologne-period descriptive diagnostics.
2014-08-07,2014-08,Infratest dimap,5.0,Wahlrecht.de,https://www.wahlrecht.de/umfragen/dimap.htm,projection,manual_wahlrecht_historical_supplement,Pre-DAWUM historical supplement for Cologne-period descriptive diagnostics.
2014-08-19,2014-08,GMS,4.0,Wahlrecht.de,https://www.wahlrecht.de/umfragen/gms/projektion-2017.htm,projection,manual_wahlrecht_historical_supplement,Pre-DAWUM historical supplement for Cologne-period descriptive diagnostics.
2014-08-22,2014-08,Politbarometer,4.0,Wahlrecht.de,https://www.wahlrecht.de/umfragen/politbarometer/politbarometer-2017.htm,projection,manual_wahlrecht_historical_supplement,Pre-DAWUM historical supplement for Cologne-period descriptive diagnostics.
2014-08-29,2014-08,Infratest dimap,5.0,Wahlrecht.de,https://www.wahlrecht.de/umfragen/dimap.htm,projection,manual_wahlrecht_historical_supplement,Pre-DAWUM historical supplement for Cologne-period descriptive diagnostics.
2014-09-04,2014-09,Infratest dimap,7.0,Wahlrecht.de,https://www.wahlrecht.de/umfragen/dimap.htm,projection,manual_wahlrecht_historical_supplement,Pre-DAWUM historical supplement for Cologne-period descriptive diagnostics.
2014-09-05,2014-09,Politbarometer,6.0,Wahlrecht.de,https://www.wahlrecht.de/umfragen/politbarometer/politbarometer-2017.htm,projection,manual_wahlrecht_historical_supplement,Pre-DAWUM historical supplement for Cologne-period descriptive diagnostics.
2014-09-23,2014-09,GMS,9.0,Wahlrecht.de,https://www.wahlrecht.de/umfragen/gms/projektion-2017.htm,projection,manual_wahlrecht_historical_supplement,Pre-DAWUM historical supplement for Cologne-period descriptive diagnostics.
2014-09-26,2014-09,Infratest dimap,8.0,Wahlrecht.de,https://www.wahlrecht.de/umfragen/dimap.htm,projection,manual_wahlrecht_historical_supplement,Pre-DAWUM historical supplement for Cologne-period descriptive diagnostics.
2014-09-26,2014-09,Politbarometer,7.0,Wahlrecht.de,https://www.wahlrecht.de/umfragen/politbarometer/politbarometer-2017.htm,projection,manual_wahlrecht_historical_supplement,Pre-DAWUM historical supplement for Cologne-period descriptive diagnostics.
2014-10-02,2014-10,Infratest dimap,9.0,Wahlrecht.de,https://www.wahlrecht.de/umfragen/dimap.htm,projection,manual_wahlrecht_historical_supplement,Pre-DAWUM historical supplement for Cologne-period descriptive diagnostics.
2014-10-10,2014-10,Politbarometer,8.0,Wahlrecht.de,https://www.wahlrecht.de/umfragen/politbarometer/politbarometer-2017.htm,projection,manual_wahlrecht_historical_supplement,Pre-DAWUM historical supplement for Cologne-period descriptive diagnostics.
2014-10-21,2014-10,GMS,7.0,Wahlrecht.de,https://www.wahlrecht.de/umfragen/gms/projektion-2017.htm,projection,manual_wahlrecht_historical_supplement,Pre-DAWUM historical supplement for Cologne-period descriptive diagnostics.
2014-10-24,2014-10,Infratest dimap,7.0,Wahlrecht.de,https://www.wahlrecht.de/umfragen/dimap.htm,projection,manual_wahlrecht_historical_supplement,Pre-DAWUM historical supplement for Cologne-period descriptive diagnostics.
2014-10-24,2014-10,Politbarometer,7.0,Wahlrecht.de,https://www.wahlrecht.de/umfragen/politbarometer/politbarometer-2017.htm,projection,manual_wahlrecht_historical_supplement,Pre-DAWUM historical supplement for Cologne-period descriptive diagnostics.
2014-11-06,2014-11,Infratest dimap,7.0,Wahlrecht.de,https://www.wahlrecht.de/umfragen/dimap.htm,projection,manual_wahlrecht_historical_supplement,Pre-DAWUM historical supplement for Cologne-period descriptive diagnostics.
2014-11-14,2014-11,Politbarometer,7.0,Wahlrecht.de,https://www.wahlrecht.de/umfragen/politbarometer/politbarometer-2017.htm,projection,manual_wahlrecht_historical_supplement,Pre-DAWUM historical supplement for Cologne-period descriptive diagnostics.
2014-11-21,2014-11,Infratest dimap,6.0,Wahlrecht.de,https://www.wahlrecht.de/umfragen/dimap.htm,projection,manual_wahlrecht_historical_supplement,Pre-DAWUM historical supplement for Cologne-period descriptive diagnostics.
2014-11-25,2014-11,GMS,6.0,Wahlrecht.de,https://www.wahlrecht.de/umfragen/gms/projektion-2017.htm,projection,manual_wahlrecht_historical_supplement,Pre-DAWUM historical supplement for Cologne-period descriptive diagnostics.
2014-11-28,2014-11,Politbarometer,6.0,Wahlrecht.de,https://www.wahlrecht.de/umfragen/politbarometer/politbarometer-2017.htm,projection,manual_wahlrecht_historical_supplement,Pre-DAWUM historical supplement for Cologne-period descriptive diagnostics.
2014-12-04,2014-12,Infratest dimap,7.0,Wahlrecht.de,https://www.wahlrecht.de/umfragen/dimap.htm,projection,manual_wahlrecht_historical_supplement,Pre-DAWUM historical supplement for Cologne-period descriptive diagnostics.
2014-12-12,2014-12,Politbarometer,6.0,Wahlrecht.de,https://www.wahlrecht.de/umfragen/politbarometer/politbarometer-2017.htm,projection,manual_wahlrecht_historical_supplement,Pre-DAWUM historical supplement for Cologne-period descriptive diagnostics.
2014-12-16,2014-12,GMS,7.0,Wahlrecht.de,https://www.wahlrecht.de/umfragen/gms/projektion-2017.htm,projection,manual_wahlrecht_historical_supplement,Pre-DAWUM historical supplement for Cologne-period descriptive diagnostics.
2014-12-19,2014-12,Infratest dimap,6.0,Wahlrecht.de,https://www.wahlrecht.de/umfragen/dimap.htm,projection,manual_wahlrecht_historical_supplement,Pre-DAWUM historical supplement for Cologne-period descriptive diagnostics.
2015-01-08,2015-01,Infratest dimap,6.0,Wahlrecht.de,https://www.wahlrecht.de/umfragen/dimap.htm,projection,manual_wahlrecht_historical_supplement,Pre-DAWUM historical supplement for Cologne-period descriptive diagnostics.
2015-01-16,2015-01,Infratest dimap,6.0,Wahlrecht.de,https://www.wahlrecht.de/umfragen/dimap.htm,projection,manual_wahlrecht_historical_supplement,Pre-DAWUM historical supplement for Cologne-period descriptive diagnostics.
2015-01-16,2015-01,Politbarometer,6.0,Wahlrecht.de,https://www.wahlrecht.de/umfragen/politbarometer/politbarometer-2017.htm,projection,manual_wahlrecht_historical_supplement,Pre-DAWUM historical supplement for Cologne-period descriptive diagnostics.
2015-01-20,2015-01,GMS,6.0,Wahlrecht.de,https://www.wahlrecht.de/umfragen/gms/projektion-2017.htm,projection,manual_wahlrecht_historical_supplement,Pre-DAWUM historical supplement for Cologne-period descriptive diagnostics.
2015-01-30,2015-01,Politbarometer,6.0,Wahlrecht.de,https://www.wahlrecht.de/umfragen/politbarometer/politbarometer-2017.htm,projection,manual_wahlrecht_historical_supplement,Pre-DAWUM historical supplement for Cologne-period descriptive diagnostics.
2015-02-05,2015-02,Infratest dimap,6.0,Wahlrecht.de,https://www.wahlrecht.de/umfragen/dimap.htm,projection,manual_wahlrecht_historical_supplement,Pre-DAWUM historical supplement for Cologne-period descriptive diagnostics.
2015-02-13,2015-02,Infratest dimap,7.0,Wahlrecht.de,https://www.wahlrecht.de/umfragen/dimap.htm,projection,manual_wahlrecht_historical_supplement,Pre-DAWUM historical supplement for Cologne-period descriptive diagnostics.
2015-02-24,2015-02,GMS,6.0,Wahlrecht.de,https://www.wahlrecht.de/umfragen/gms/projektion-2017.htm,projection,manual_wahlrecht_historical_supplement,Pre-DAWUM historical supplement for Cologne-period descriptive diagnostics.
2015-02-27,2015-02,Politbarometer,7.0,Wahlrecht.de,https://www.wahlrecht.de/umfragen/politbarometer/politbarometer-2017.htm,projection,manual_wahlrecht_historical_supplement,Pre-DAWUM historical supplement for Cologne-period descriptive diagnostics.
2015-03-05,2015-03,Infratest dimap,6.0,Wahlrecht.de,https://www.wahlrecht.de/umfragen/dimap.htm,projection,manual_wahlrecht_historical_supplement,Pre-DAWUM historical supplement for Cologne-period descriptive diagnostics.
2015-03-13,2015-03,Infratest dimap,6.0,Wahlrecht.de,https://www.wahlrecht.de/umfragen/dimap.htm,projection,manual_wahlrecht_historical_supplement,Pre-DAWUM historical supplement for Cologne-period descriptive diagnostics.
2015-03-13,2015-03,Politbarometer,6.0,Wahlrecht.de,https://www.wahlrecht.de/umfragen/politbarometer/politbarometer-2017.htm,projection,manual_wahlrecht_historical_supplement,Pre-DAWUM historical supplement for Cologne-period descriptive diagnostics.
2015-03-24,2015-03,GMS,5.0,Wahlrecht.de,https://www.wahlrecht.de/umfragen/gms/projektion-2017.htm,projection,manual_wahlrecht_historical_supplement,Pre-DAWUM historical supplement for Cologne-period descriptive diagnostics.
2015-03-27,2015-03,Politbarometer,6.0,Wahlrecht.de,https://www.wahlrecht.de/umfragen/politbarometer/politbarometer-2017.htm,projection,manual_wahlrecht_historical_supplement,Pre-DAWUM historical supplement for Cologne-period descriptive diagnostics.
2015-04-02,2015-04,Infratest dimap,6.0,Wahlrecht.de,https://www.wahlrecht.de/umfragen/dimap.htm,projection,manual_wahlrecht_historical_supplement,Pre-DAWUM historical supplement for Cologne-period descriptive diagnostics.
2015-04-16,2015-04,GMS,5.0,Wahlrecht.de,https://www.wahlrecht.de/umfragen/gms/projektion-2017.htm,projection,manual_wahlrecht_historical_supplement,Pre-DAWUM historical supplement for Cologne-period descriptive diagnostics.
2015-04-17,2015-04,Politbarometer,6.0,Wahlrecht.de,https://www.wahlrecht.de/umfragen/politbarometer/politbarometer-2017.htm,projection,manual_wahlrecht_historical_supplement,Pre-DAWUM historical supplement for Cologne-period descriptive diagnostics.
2015-04-24,2015-04,Infratest dimap,6.0,Wahlrecht.de,https://www.wahlrecht.de/umfragen/dimap.htm,projection,manual_wahlrecht_historical_supplement,Pre-DAWUM historical supplement for Cologne-period descriptive diagnostics.
2015-05-07,2015-05,Infratest dimap,6.0,Wahlrecht.de,https://www.wahlrecht.de/umfragen/dimap.htm,projection,manual_wahlrecht_historical_supplement,Pre-DAWUM historical supplement for Cologne-period descriptive diagnostics.
2015-05-15,2015-05,GMS,5.0,Wahlrecht.de,https://www.wahlrecht.de/umfragen/gms/projektion-2017.htm,projection,manual_wahlrecht_historical_supplement,Pre-DAWUM historical supplement for Cologne-period descriptive diagnostics.
2015-05-21,2015-05,Infratest dimap,5.0,Wahlrecht.de,https://www.wahlrecht.de/umfragen/dimap.htm,projection,manual_wahlrecht_historical_supplement,Pre-DAWUM historical supplement for Cologne-period descriptive diagnostics.
2015-05-22,2015-05,Politbarometer,5.0,Wahlrecht.de,https://www.wahlrecht.de/umfragen/politbarometer/politbarometer-2017.htm,projection,manual_wahlrecht_historical_supplement,Pre-DAWUM historical supplement for Cologne-period descriptive diagnostics.
2015-06-03,2015-06,Infratest dimap,5.0,Wahlrecht.de,https://www.wahlrecht.de/umfragen/dimap.htm,projection,manual_wahlrecht_historical_supplement,Pre-DAWUM historical supplement for Cologne-period descriptive diagnostics.
2015-06-12,2015-06,Politbarometer,4.0,Wahlrecht.de,https://www.wahlrecht.de/umfragen/politbarometer/politbarometer-2017.htm,projection,manual_wahlrecht_historical_supplement,Pre-DAWUM historical supplement for Cologne-period descriptive diagnostics.
2015-06-19,2015-06,Infratest dimap,5.0,Wahlrecht.de,https://www.wahlrecht.de/umfragen/dimap.htm,projection,manual_wahlrecht_historical_supplement,Pre-DAWUM historical supplement for Cologne-period descriptive diagnostics.
2015-06-25,2015-06,GMS,4.0,Wahlrecht.de,https://www.wahlrecht.de/umfragen/gms/projektion-2017.htm,projection,manual_wahlrecht_historical_supplement,Pre-DAWUM historical supplement for Cologne-period descriptive diagnostics.
2015-07-02,2015-07,Infratest dimap,5.0,Wahlrecht.de,https://www.wahlrecht.de/umfragen/dimap.htm,projection,manual_wahlrecht_historical_supplement,Pre-DAWUM historical supplement for Cologne-period descriptive diagnostics.
2015-07-03,2015-07,Politbarometer,4.0,Wahlrecht.de,https://www.wahlrecht.de/umfragen/politbarometer/politbarometer-2017.htm,projection,manual_wahlrecht_historical_supplement,Pre-DAWUM historical supplement for Cologne-period descriptive diagnostics.
2015-07-17,2015-07,Infratest dimap,4.0,Wahlrecht.de,https://www.wahlrecht.de/umfragen/dimap.htm,projection,manual_wahlrecht_historical_supplement,Pre-DAWUM historical supplement for Cologne-period descriptive diagnostics.
2015-07-23,2015-07,GMS,4.0,Wahlrecht.de,https://www.wahlrecht.de/umfragen/gms/projektion-2017.htm,projection,manual_wahlrecht_historical_supplement,Pre-DAWUM historical supplement for Cologne-period descriptive diagnostics.
2015-07-24,2015-07,Politbarometer,4.0,Wahlrecht.de,https://www.wahlrecht.de/umfragen/politbarometer/politbarometer-2017.htm,projection,manual_wahlrecht_historical_supplement,Pre-DAWUM historical supplement for Cologne-period descriptive diagnostics.
2015-07-30,2015-07,Infratest dimap,4.0,Wahlrecht.de,https://www.wahlrecht.de/umfragen/dimap.htm,projection,manual_wahlrecht_historical_supplement,Pre-DAWUM historical supplement for Cologne-period descriptive diagnostics.
2015-08-14,2015-08,Infratest dimap,4.0,Wahlrecht.de,https://www.wahlrecht.de/umfragen/dimap.htm,projection,manual_wahlrecht_historical_supplement,Pre-DAWUM historical supplement for Cologne-period descriptive diagnostics.
2015-08-21,2015-08,Politbarometer,3.0,Wahlrecht.de,https://www.wahlrecht.de/umfragen/politbarometer/politbarometer-2017.htm,projection,manual_wahlrecht_historical_supplement,Pre-DAWUM historical supplement for Cologne-period descriptive diagnostics.
2015-08-27,2015-08,GMS,3.0,Wahlrecht.de,https://www.wahlrecht.de/umfragen/gms/projektion-2017.htm,projection,manual_wahlrecht_historical_supplement,Pre-DAWUM historical supplement for Cologne-period descriptive diagnostics.
2015-09-03,2015-09,Infratest dimap,4.0,Wahlrecht.de,https://www.wahlrecht.de/umfragen/dimap.htm,projection,manual_wahlrecht_historical_supplement,Pre-DAWUM historical supplement for Cologne-period descriptive diagnostics.
2015-09-11,2015-09,Infratest dimap,4.0,Wahlrecht.de,https://www.wahlrecht.de/umfragen/dimap.htm,projection,manual_wahlrecht_historical_supplement,Pre-DAWUM historical supplement for Cologne-period descriptive diagnostics.
2015-09-11,2015-09,Politbarometer,4.0,Wahlrecht.de,https://www.wahlrecht.de/umfragen/politbarometer/politbarometer-2017.htm,projection,manual_wahlrecht_historical_supplement,Pre-DAWUM historical supplement for Cologne-period descriptive diagnostics.
2015-09-17,2015-09,GMS,4.0,Wahlrecht.de,https://www.wahlrecht.de/umfragen/gms/projektion-2017.htm,projection,manual_wahlrecht_historical_supplement,Pre-DAWUM historical supplement for Cologne-period descriptive diagnostics.
2015-09-25,2015-09,Politbarometer,5.0,Wahlrecht.de,https://www.wahlrecht.de/umfragen/politbarometer/politbarometer-2017.htm,projection,manual_wahlrecht_historical_supplement,Pre-DAWUM historical supplement for Cologne-period descriptive diagnostics.
2015-10-01,2015-10,Infratest dimap,6.0,Wahlrecht.de,https://www.wahlrecht.de/umfragen/dimap.htm,projection,manual_wahlrecht_historical_supplement,Pre-DAWUM historical supplement for Cologne-period descriptive diagnostics.
2015-10-08,2015-10,GMS,5.0,Wahlrecht.de,https://www.wahlrecht.de/umfragen/gms/projektion-2017.htm,projection,manual_wahlrecht_historical_supplement,Pre-DAWUM historical supplement for Cologne-period descriptive diagnostics.
2015-10-09,2015-10,Politbarometer,6.0,Wahlrecht.de,https://www.wahlrecht.de/umfragen/politbarometer/politbarometer-2017.htm,projection,manual_wahlrecht_historical_supplement,Pre-DAWUM historical supplement for Cologne-period descriptive diagnostics.
2015-10-23,2015-10,Infratest dimap,8.0,Wahlrecht.de,https://www.wahlrecht.de/umfragen/dimap.htm,projection,manual_wahlrecht_historical_supplement,Pre-DAWUM historical supplement for Cologne-period descriptive diagnostics.
2015-10-23,2015-10,Politbarometer,6.0,Wahlrecht.de,https://www.wahlrecht.de/umfragen/politbarometer/politbarometer-2017.htm,projection,manual_wahlrecht_historical_supplement,Pre-DAWUM historical supplement for Cologne-period descriptive diagnostics.
2015-11-05,2015-11,Infratest dimap,8.0,Wahlrecht.de,https://www.wahlrecht.de/umfragen/dimap.htm,projection,manual_wahlrecht_historical_supplement,Pre-DAWUM historical supplement for Cologne-period descriptive diagnostics.
2015-11-13,2015-11,Politbarometer,8.0,Wahlrecht.de,https://www.wahlrecht.de/umfragen/politbarometer/politbarometer-2017.htm,projection,manual_wahlrecht_historical_supplement,Pre-DAWUM historical supplement for Cologne-period descriptive diagnostics.
2015-11-19,2015-11,GMS,9.0,Wahlrecht.de,https://www.wahlrecht.de/umfragen/gms/projektion-2017.htm,projection,manual_wahlrecht_historical_supplement,Pre-DAWUM historical supplement for Cologne-period descriptive diagnostics.
2015-11-20,2015-11,Infratest dimap,9.0,Wahlrecht.de,https://www.wahlrecht.de/umfragen/dimap.htm,projection,manual_wahlrecht_historical_supplement,Pre-DAWUM historical supplement for Cologne-period descriptive diagnostics.
2015-11-27,2015-11,Politbarometer,9.0,Wahlrecht.de,https://www.wahlrecht.de/umfragen/politbarometer/politbarometer-2017.htm,projection,manual_wahlrecht_historical_supplement,Pre-DAWUM historical supplement for Cologne-period descriptive diagnostics.
2015-12-03,2015-12,Infratest dimap,10.0,Wahlrecht.de,https://www.wahlrecht.de/umfragen/dimap.htm,projection,manual_wahlrecht_historical_supplement,Pre-DAWUM historical supplement for Cologne-period descriptive diagnostics.
2015-12-11,2015-12,Politbarometer,9.0,Wahlrecht.de,https://www.wahlrecht.de/umfragen/politbarometer/politbarometer-2017.htm,projection,manual_wahlrecht_historical_supplement,Pre-DAWUM historical supplement for Cologne-period descriptive diagnostics.
2015-12-18,2015-12,Infratest dimap,10.0,Wahlrecht.de,https://www.wahlrecht.de/umfragen/dimap.htm,projection,manual_wahlrecht_historical_supplement,Pre-DAWUM historical supplement for Cologne-period descriptive diagnostics.
2016-01-04,2016-01,GMS,9.0,Wahlrecht.de,https://www.wahlrecht.de/umfragen/gms/projektion-2017.htm,projection,manual_wahlrecht_historical_supplement,Pre-DAWUM historical supplement for Cologne-period descriptive diagnostics.
2016-01-07,2016-01,Infratest dimap,9.0,Wahlrecht.de,https://www.wahlrecht.de/umfragen/dimap.htm,projection,manual_wahlrecht_historical_supplement,Pre-DAWUM historical supplement for Cologne-period descriptive diagnostics.
2016-01-15,2016-01,Infratest dimap,10.0,Wahlrecht.de,https://www.wahlrecht.de/umfragen/dimap.htm,projection,manual_wahlrecht_historical_supplement,Pre-DAWUM historical supplement for Cologne-period descriptive diagnostics.
2016-01-15,2016-01,Politbarometer,11.0,Wahlrecht.de,https://www.wahlrecht.de/umfragen/politbarometer/politbarometer-2017.htm,projection,manual_wahlrecht_historical_supplement,Pre-DAWUM historical supplement for Cologne-period descriptive diagnostics.
2016-01-29,2016-01,Politbarometer,11.0,Wahlrecht.de,https://www.wahlrecht.de/umfragen/politbarometer/politbarometer-2017.htm,projection,manual_wahlrecht_historical_supplement,Pre-DAWUM historical supplement for Cologne-period descriptive diagnostics.
2016-02-03,2016-02,Infratest dimap,12.0,Wahlrecht.de,https://www.wahlrecht.de/umfragen/dimap.htm,projection,manual_wahlrecht_historical_supplement,Pre-DAWUM historical supplement for Cologne-period descriptive diagnostics.
2016-02-18,2016-02,GMS,11.0,Wahlrecht.de,https://www.wahlrecht.de/umfragen/gms/projektion-2017.htm,projection,manual_wahlrecht_historical_supplement,Pre-DAWUM historical supplement for Cologne-period descriptive diagnostics.
2016-02-19,2016-02,Politbarometer,10.0,Wahlrecht.de,https://www.wahlrecht.de/umfragen/politbarometer/politbarometer-2017.htm,projection,manual_wahlrecht_historical_supplement,Pre-DAWUM historical supplement for Cologne-period descriptive diagnostics.
2016-02-26,2016-02,Infratest dimap,10.0,Wahlrecht.de,https://www.wahlrecht.de/umfragen/dimap.htm,projection,manual_wahlrecht_historical_supplement,Pre-DAWUM historical supplement for Cologne-period descriptive diagnostics.
2016-02-29,2016-02,Infratest dimap,11.0,Wahlrecht.de,https://www.wahlrecht.de/umfragen/dimap.htm,projection,manual_wahlrecht_historical_supplement,Pre-DAWUM historical supplement for Cologne-period descriptive diagnostics.
2016-03-17,2016-03,GMS,14.0,Wahlrecht.de,https://www.wahlrecht.de/umfragen/gms/projektion-2017.htm,projection,manual_wahlrecht_historical_supplement,Pre-DAWUM historical supplement for Cologne-period descriptive diagnostics.
2016-03-18,2016-03,Politbarometer,12.0,Wahlrecht.de,https://www.wahlrecht.de/umfragen/politbarometer/politbarometer-2017.htm,projection,manual_wahlrecht_historical_supplement,Pre-DAWUM historical supplement for Cologne-period descriptive diagnostics.
2016-03-24,2016-03,Infratest dimap,13.0,Wahlrecht.de,https://www.wahlrecht.de/umfragen/dimap.htm,projection,manual_wahlrecht_historical_supplement,Pre-DAWUM historical supplement for Cologne-period descriptive diagnostics.
2016-04-07,2016-04,Infratest dimap,14.0,Wahlrecht.de,https://www.wahlrecht.de/umfragen/dimap.htm,projection,manual_wahlrecht_historical_supplement,Pre-DAWUM historical supplement for Cologne-period descriptive diagnostics.
2016-04-08,2016-04,Politbarometer,12.0,Wahlrecht.de,https://www.wahlrecht.de/umfragen/politbarometer/politbarometer-2017.htm,projection,manual_wahlrecht_historical_supplement,Pre-DAWUM historical supplement for Cologne-period descriptive diagnostics.
2016-04-21,2016-04,GMS,11.0,Wahlrecht.de,https://www.wahlrecht.de/umfragen/gms/projektion-2017.htm,projection,manual_wahlrecht_historical_supplement,Pre-DAWUM historical supplement for Cologne-period descriptive diagnostics.
2016-04-22,2016-04,Infratest dimap,14.0,Wahlrecht.de,https://www.wahlrecht.de/umfragen/dimap.htm,projection,manual_wahlrecht_historical_supplement,Pre-DAWUM historical supplement for Cologne-period descriptive diagnostics.
2016-04-22,2016-04,Politbarometer,12.0,Wahlrecht.de,https://www.wahlrecht.de/umfragen/politbarometer/politbarometer-2017.htm,projection,manual_wahlrecht_historical_supplement,Pre-DAWUM historical supplement for Cologne-period descriptive diagnostics.
2016-05-04,2016-05,Infratest dimap,15.0,Wahlrecht.de,https://www.wahlrecht.de/umfragen/dimap.htm,projection,manual_wahlrecht_historical_supplement,Pre-DAWUM historical supplement for Cologne-period descriptive diagnostics.
2016-05-13,2016-05,Politbarometer,13.0,Wahlrecht.de,https://www.wahlrecht.de/umfragen/politbarometer/politbarometer-2017.htm,projection,manual_wahlrecht_historical_supplement,Pre-DAWUM historical supplement for Cologne-period descriptive diagnostics.
2016-05-20,2016-05,Infratest dimap,15.0,Wahlrecht.de,https://www.wahlrecht.de/umfragen/dimap.htm,projection,manual_wahlrecht_historical_supplement,Pre-DAWUM historical supplement for Cologne-period descriptive diagnostics.
2016-06-02,2016-06,GMS,13.0,Wahlrecht.de,https://www.wahlrecht.de/umfragen/gms/projektion-2017.htm,projection,manual_wahlrecht_historical_supplement,Pre-DAWUM historical supplement for Cologne-period descriptive diagnostics.
2016-06-02,2016-06,Infratest dimap,15.0,Wahlrecht.de,https://www.wahlrecht.de/umfragen/dimap.htm,projection,manual_wahlrecht_historical_supplement,Pre-DAWUM historical supplement for Cologne-period descriptive diagnostics.
2016-06-03,2016-06,Politbarometer,13.0,Wahlrecht.de,https://www.wahlrecht.de/umfragen/politbarometer/politbarometer-2017.htm,projection,manual_wahlrecht_historical_supplement,Pre-DAWUM historical supplement for Cologne-period descriptive diagnostics.
2016-06-17,2016-06,Infratest dimap,14.0,Wahlrecht.de,https://www.wahlrecht.de/umfragen/dimap.htm,projection,manual_wahlrecht_historical_supplement,Pre-DAWUM historical supplement for Cologne-period descriptive diagnostics.
2016-06-24,2016-06,Politbarometer,12.0,Wahlrecht.de,https://www.wahlrecht.de/umfragen/politbarometer/politbarometer-2017.htm,projection,manual_wahlrecht_historical_supplement,Pre-DAWUM historical supplement for Cologne-period descriptive diagnostics.
2016-07-07,2016-07,Infratest dimap,12.0,Wahlrecht.de,https://www.wahlrecht.de/umfragen/dimap.htm,projection,manual_wahlrecht_historical_supplement,Pre-DAWUM historical supplement for Cologne-period descriptive diagnostics.
2016-07-08,2016-07,Politbarometer,11.0,Wahlrecht.de,https://www.wahlrecht.de/umfragen/politbarometer/politbarometer-2017.htm,projection,manual_wahlrecht_historical_supplement,Pre-DAWUM historical supplement for Cologne-period descriptive diagnostics.
2016-07-14,2016-07,GMS,9.0,Wahlrecht.de,https://www.wahlrecht.de/umfragen/gms/projektion-2017.htm,projection,manual_wahlrecht_historical_supplement,Pre-DAWUM historical supplement for Cologne-period descriptive diagnostics.
2016-07-15,2016-07,Infratest dimap,12.0,Wahlrecht.de,https://www.wahlrecht.de/umfragen/dimap.htm,projection,manual_wahlrecht_historical_supplement,Pre-DAWUM historical supplement for Cologne-period descriptive diagnostics.
2016-07-22,2016-07,Politbarometer,11.0,Wahlrecht.de,https://www.wahlrecht.de/umfragen/politbarometer/politbarometer-2017.htm,projection,manual_wahlrecht_historical_supplement,Pre-DAWUM historical supplement for Cologne-period descriptive diagnostics.
2016-08-04,2016-08,Infratest dimap,12.0,Wahlrecht.de,https://www.wahlrecht.de/umfragen/dimap.htm,projection,manual_wahlrecht_historical_supplement,Pre-DAWUM historical supplement for Cologne-period descriptive diagnostics.
2016-08-12,2016-08,Politbarometer,11.0,Wahlrecht.de,https://www.wahlrecht.de/umfragen/politbarometer/politbarometer-2017.htm,projection,manual_wahlrecht_historical_supplement,Pre-DAWUM historical supplement for Cologne-period descriptive diagnostics.
2016-08-26,2016-08,Infratest dimap,13.0,Wahlrecht.de,https://www.wahlrecht.de/umfragen/dimap.htm,projection,manual_wahlrecht_historical_supplement,Pre-DAWUM historical supplement for Cologne-period descriptive diagnostics.
2016-09-01,2016-09,Infratest dimap,14.0,Wahlrecht.de,https://www.wahlrecht.de/umfragen/dimap.htm,projection,manual_wahlrecht_historical_supplement,Pre-DAWUM historical supplement for Cologne-period descriptive diagnostics.
2016-09-15,2016-09,GMS,13.0,Wahlrecht.de,https://www.wahlrecht.de/umfragen/gms/projektion-2017.htm,projection,manual_wahlrecht_historical_supplement,Pre-DAWUM historical supplement for Cologne-period descriptive diagnostics.
2016-09-23,2016-09,Infratest dimap,16.0,Wahlrecht.de,https://www.wahlrecht.de/umfragen/dimap.htm,projection,manual_wahlrecht_historical_supplement,Pre-DAWUM historical supplement for Cologne-period descriptive diagnostics.
2016-09-23,2016-09,Politbarometer,13.0,Wahlrecht.de,https://www.wahlrecht.de/umfragen/politbarometer/politbarometer-2017.htm,projection,manual_wahlrecht_historical_supplement,Pre-DAWUM historical supplement for Cologne-period descriptive diagnostics.
2016-10-06,2016-10,Infratest dimap,14.0,Wahlrecht.de,https://www.wahlrecht.de/umfragen/dimap.htm,projection,manual_wahlrecht_historical_supplement,Pre-DAWUM historical supplement for Cologne-period descriptive diagnostics.
2016-10-13,2016-10,GMS,13.0,Wahlrecht.de,https://www.wahlrecht.de/umfragen/gms/projektion-2017.htm,projection,manual_wahlrecht_historical_supplement,Pre-DAWUM historical supplement for Cologne-period descriptive diagnostics.
2016-10-14,2016-10,Politbarometer,13.0,Wahlrecht.de,https://www.wahlrecht.de/umfragen/politbarometer/politbarometer-2017.htm,projection,manual_wahlrecht_historical_supplement,Pre-DAWUM historical supplement for Cologne-period descriptive diagnostics.
2016-10-20,2016-10,Infratest dimap,14.0,Wahlrecht.de,https://www.wahlrecht.de/umfragen/dimap.htm,projection,manual_wahlrecht_historical_supplement,Pre-DAWUM historical supplement for Cologne-period descriptive diagnostics.
2016-10-28,2016-10,Politbarometer,12.0,Wahlrecht.de,https://www.wahlrecht.de/umfragen/politbarometer/politbarometer-2017.htm,projection,manual_wahlrecht_historical_supplement,Pre-DAWUM historical supplement for Cologne-period descriptive diagnostics.
2016-11-03,2016-11,GMS,12.0,Wahlrecht.de,https://www.wahlrecht.de/umfragen/gms/projektion-2017.htm,projection,manual_wahlrecht_historical_supplement,Pre-DAWUM historical supplement for Cologne-period descriptive diagnostics.
2016-11-03,2016-11,Infratest dimap,13.0,Wahlrecht.de,https://www.wahlrecht.de/umfragen/dimap.htm,projection,manual_wahlrecht_historical_supplement,Pre-DAWUM historical supplement for Cologne-period descriptive diagnostics.
2016-11-11,2016-11,Politbarometer,12.0,Wahlrecht.de,https://www.wahlrecht.de/umfragen/politbarometer/politbarometer-2017.htm,projection,manual_wahlrecht_historical_supplement,Pre-DAWUM historical supplement for Cologne-period descriptive diagnostics.
2016-11-18,2016-11,Infratest dimap,12.0,Wahlrecht.de,https://www.wahlrecht.de/umfragen/dimap.htm,projection,manual_wahlrecht_historical_supplement,Pre-DAWUM historical supplement for Cologne-period descriptive diagnostics.
2016-11-25,2016-11,Politbarometer,13.0,Wahlrecht.de,https://www.wahlrecht.de/umfragen/politbarometer/politbarometer-2017.htm,projection,manual_wahlrecht_historical_supplement,Pre-DAWUM historical supplement for Cologne-period descriptive diagnostics.
2016-12-08,2016-12,Infratest dimap,13.0,Wahlrecht.de,https://www.wahlrecht.de/umfragen/dimap.htm,projection,manual_wahlrecht_historical_supplement,Pre-DAWUM historical supplement for Cologne-period descriptive diagnostics.
2016-12-09,2016-12,Politbarometer,12.0,Wahlrecht.de,https://www.wahlrecht.de/umfragen/politbarometer/politbarometer-2017.htm,projection,manual_wahlrecht_historical_supplement,Pre-DAWUM historical supplement for Cologne-period descriptive diagnostics.
2016-12-16,2016-12,Infratest dimap,13.0,Wahlrecht.de,https://www.wahlrecht.de/umfragen/dimap.htm,projection,manual_wahlrecht_historical_supplement,Pre-DAWUM historical supplement for Cologne-period descriptive diagnostics.
