group_id,group_type,item_count,files,titles,publications,dates
exact_001,duplicate_exact,2,"560 Schleuser haben wir gefasst Bundesinnenministerin Nancy Faeser (SPD) ist optimistisch, die Zahl(2).PDF | 560 Schleuser haben wir gefasst Bundesinnenministerin Nancy Faeser (SPD) ist optimistisch, die Zahl.PDF","560 Schleuser haben wir gefasst Bundesinnenministerin Nancy Faeser (SPD) ist optimistisch, die Zahl der | 560 Schleuser haben wir gefasst Bundesinnenministerin Nancy Faeser (SPD) ist optimistisch, die Zahl der",Welt am Sonntag | Welt am Sonntag,2. März 2024 | 3. März 2024
exact_002,duplicate_exact,2,Demo und Gegendemo zu Flüchtlingsunterkunft am Zoopark In einem Bürohaus sollen Geflüchtete unterkom(2).PDF | Demo und Gegendemo zu Flüchtlingsunterkunft am Zoopark In einem Bürohaus sollen Geflüchtete unterkom.PDF,Demo und Gegendemo zu Flüchtlingsunterkunft am Zoopark In einem Bürohaus sollen Geflüchtete | Demo und Gegendemo zu Flüchtlingsunterkunft am Zoopark In einem Bürohaus sollen Geflüchtete,Rheinische Post | Rheinische Post,Donnerstag 14. März 2024 | Donnerstag 14. März 2024
exact_003,duplicate_exact,2,Der Fortschritt ist eine Schnecke(2).PDF | Der Fortschritt ist eine Schnecke.PDF,Der Fortschritt ist eine Schnecke | Der Fortschritt ist eine Schnecke,Rheinische Post | Rheinische Post,Donnerstag 7. März 2024 | Donnerstag 7. März 2024
exact_004,duplicate_exact,2,"Der Mann, der Hunderte Kinder rettete Der Film „One Life“ setzt Sir Nicholas Winton ein bewegendes D(2).PDF | Der Mann, der Hunderte Kinder rettete Der Film „One Life“ setzt Sir Nicholas Winton ein bewegendes D.PDF","Der Mann, der Hunderte Kinder rettete Der Film „One Life“ setzt Sir Nicholas Winton ein bewegendes Denkmal. | Der Mann, der Hunderte Kinder rettete; Der Film „One Life“ setzt Sir Nicholas Winton ein bewegendes",Rheinische Post | Rheinische Post,Samstag 30. März 2024 | Donnerstag 28. März 2024
exact_005,duplicate_exact,2,Die Bezahlkarte soll im Sommer kommen Der Bund-Länder-Gipfel mit Kanzler Scholz verlief weitgehend h(2).PDF | Die Bezahlkarte soll im Sommer kommen Der Bund-Länder-Gipfel mit Kanzler Scholz verlief weitgehend h.PDF,Die Bezahlkarte soll im Sommer kommen Der Bund-Länder-Gipfel mit Kanzler Scholz verlief weitgehend | Die Bezahlkarte soll im Sommer kommen Der Bund-Länder-Gipfel mit Kanzler Scholz verlief weitgehend,Rheinische Post | Rheinische Post,Donnerstag 7. März 2024 | Donnerstag 7. März 2024
exact_006,duplicate_exact,2,Politik der Puzzlestücke Herbert Reul kritisiert das Vorgehen der Ampel zur Begrenzung der Migration(2).PDF | Politik der Puzzlestücke Herbert Reul kritisiert das Vorgehen der Ampel zur Begrenzung der Migration.PDF,Politik der Puzzlestücke Herbert Reul kritisiert das Vorgehen der Ampel zur Begrenzung der Migration. | Politik der Puzzlestücke Herbert Reul kritisiert das Vorgehen der Ampel zur Begrenzung der Migration.,Rheinische Post | Rheinische Post,Mittwoch 13. März 2024 | Mittwoch 13. März 2024
exact_007,duplicate_exact,2,„Es geht um das Leben im Interim“ Die Schauspielerin erzählt in ihrem neuen Buch Geschichten von Men(2).PDF | „Es geht um das Leben im Interim“ Die Schauspielerin erzählt in ihrem neuen Buch Geschichten von Men.PDF,„Es geht um das Leben im Interim“ Die Schauspielerin erzählt in ihrem neuen Buch Geschichten von Menschen | „Es geht um das Leben im Interim“ Die Schauspielerin erzählt in ihrem neuen Buch Geschichten von Menschen,Rheinische Post | Rheinische Post,Donnerstag 7. März 2024 | Donnerstag 7. März 2024
near_001,duplicate_near,2,Flüchtlingssituation im Kreis Aurich entspannt Soziales Keine Häufung von Delikten im Zusammenhang m(2).PDF | Flüchtlingssituation im Kreis Aurich entspannt Soziales Keine Häufung von Delikten im Zusammenhang m.PDF,Flüchtlingssituation im Kreis Aurich entspannt Soziales Keine Häufung von Delikten im Zusammenhang mit | Flüchtlingssituation im Kreis Aurich entspannt Soziales Keine Häufung von Delikten im Zusammenhang mit,Nordwest-Zeitung | Nordwest-Zeitung,02. März 2024 | 02. März 2024
variant_001,regional_variant,2,Flüchtlingssituation im Kreis Aurich entspannt Soziales Keine Häufung von Delikten im Zusammenhang m(2).PDF | Flüchtlingssituation im Kreis Aurich entspannt Soziales Keine Häufung von Delikten im Zusammenhang m.PDF,Flüchtlingssituation im Kreis Aurich entspannt Soziales Keine Häufung von Delikten im Zusammenhang mit | Flüchtlingssituation im Kreis Aurich entspannt Soziales Keine Häufung von Delikten im Zusammenhang mit,Nordwest-Zeitung | Nordwest-Zeitung,02. März 2024 | 02. März 2024
