sample,lag_months,x_variable,y_variable,correlation,n_used,notes
combined_all,0,media_salience_z_lag0,afd_poll_support_mean,-0.24501447929094727,148,Descriptive lag correlation only; non-causal and source-boundary sensitive.
combined_all,0,media_salience_z_lag0,afd_poll_support_change,0.1653806891523822,147,Descriptive lag correlation only; non-causal and source-boundary sensitive.
combined_all,0,media_salience_log1p_lag0,afd_poll_support_mean,-0.17649361134056052,148,Descriptive lag correlation only; non-causal and source-boundary sensitive.
combined_all,0,media_salience_log1p_lag0,afd_poll_support_change,0.11077983797353988,147,Descriptive lag correlation only; non-causal and source-boundary sensitive.
combined_all,1,media_salience_z_lag1,afd_poll_support_mean,-0.1985726350201144,147,Descriptive lag correlation only; non-causal and source-boundary sensitive.
combined_all,1,media_salience_z_lag1,afd_poll_support_change,0.2444248850244778,147,Descriptive lag correlation only; non-causal and source-boundary sensitive.
combined_all,1,media_salience_log1p_lag1,afd_poll_support_mean,-0.1443492084155867,147,Descriptive lag correlation only; non-causal and source-boundary sensitive.
combined_all,1,media_salience_log1p_lag1,afd_poll_support_change,0.15819064748924908,147,Descriptive lag correlation only; non-causal and source-boundary sensitive.
combined_all,2,media_salience_z_lag2,afd_poll_support_mean,-0.1585349092124141,146,Descriptive lag correlation only; non-causal and source-boundary sensitive.
combined_all,2,media_salience_z_lag2,afd_poll_support_change,0.20012506484912065,146,Descriptive lag correlation only; non-causal and source-boundary sensitive.
combined_all,2,media_salience_log1p_lag2,afd_poll_support_mean,-0.12161099680395789,146,Descriptive lag correlation only; non-causal and source-boundary sensitive.
combined_all,2,media_salience_log1p_lag2,afd_poll_support_change,0.09596796011712444,146,Descriptive lag correlation only; non-causal and source-boundary sensitive.
combined_all,3,media_salience_z_lag3,afd_poll_support_mean,-0.13164003148822614,145,Descriptive lag correlation only; non-causal and source-boundary sensitive.
combined_all,3,media_salience_z_lag3,afd_poll_support_change,0.11483949829537067,145,Descriptive lag correlation only; non-causal and source-boundary sensitive.
combined_all,3,media_salience_log1p_lag3,afd_poll_support_mean,-0.10355874224971118,145,Descriptive lag correlation only; non-causal and source-boundary sensitive.
combined_all,3,media_salience_log1p_lag3,afd_poll_support_change,0.055322766001657135,145,Descriptive lag correlation only; non-causal and source-boundary sensitive.
combined_all,4,media_salience_z_lag4,afd_poll_support_mean,-0.11294152179359646,144,Descriptive lag correlation only; non-causal and source-boundary sensitive.
combined_all,4,media_salience_z_lag4,afd_poll_support_change,0.06491823341931782,144,Descriptive lag correlation only; non-causal and source-boundary sensitive.
combined_all,4,media_salience_log1p_lag4,afd_poll_support_mean,-0.08909686524328748,144,Descriptive lag correlation only; non-causal and source-boundary sensitive.
combined_all,4,media_salience_log1p_lag4,afd_poll_support_change,0.03300322415062343,144,Descriptive lag correlation only; non-causal and source-boundary sensitive.
combined_all,5,media_salience_z_lag5,afd_poll_support_mean,-0.10385209840017,143,Descriptive lag correlation only; non-causal and source-boundary sensitive.
combined_all,5,media_salience_z_lag5,afd_poll_support_change,0.026407043084789954,143,Descriptive lag correlation only; non-causal and source-boundary sensitive.
combined_all,5,media_salience_log1p_lag5,afd_poll_support_mean,-0.08587163354128985,143,Descriptive lag correlation only; non-causal and source-boundary sensitive.
combined_all,5,media_salience_log1p_lag5,afd_poll_support_change,0.00710188931168821,143,Descriptive lag correlation only; non-causal and source-boundary sensitive.
combined_all,6,media_salience_z_lag6,afd_poll_support_mean,-0.090019675651832,142,Descriptive lag correlation only; non-causal and source-boundary sensitive.
combined_all,6,media_salience_z_lag6,afd_poll_support_change,0.05313125072437637,142,Descriptive lag correlation only; non-causal and source-boundary sensitive.
combined_all,6,media_salience_log1p_lag6,afd_poll_support_mean,-0.07768784536722433,142,Descriptive lag correlation only; non-causal and source-boundary sensitive.
combined_all,6,media_salience_log1p_lag6,afd_poll_support_change,0.036969097482099644,142,Descriptive lag correlation only; non-causal and source-boundary sensitive.
historical_manual_wahlrecht,0,media_salience_z_lag0,afd_poll_support_mean,0.19877876320088197,40,Descriptive lag correlation only; non-causal and source-boundary sensitive.
historical_manual_wahlrecht,0,media_salience_z_lag0,afd_poll_support_change,0.33985404087432475,39,Descriptive lag correlation only; non-causal and source-boundary sensitive.
historical_manual_wahlrecht,0,media_salience_log1p_lag0,afd_poll_support_mean,0.3775995888564012,40,Descriptive lag correlation only; non-causal and source-boundary sensitive.
historical_manual_wahlrecht,0,media_salience_log1p_lag0,afd_poll_support_change,0.2943383196040422,39,Descriptive lag correlation only; non-causal and source-boundary sensitive.
historical_manual_wahlrecht,1,media_salience_z_lag1,afd_poll_support_mean,0.3471050667137217,39,Descriptive lag correlation only; non-causal and source-boundary sensitive.
historical_manual_wahlrecht,1,media_salience_z_lag1,afd_poll_support_change,0.4583529398984543,39,Descriptive lag correlation only; non-causal and source-boundary sensitive.
historical_manual_wahlrecht,1,media_salience_log1p_lag1,afd_poll_support_mean,0.48248358733172114,39,Descriptive lag correlation only; non-causal and source-boundary sensitive.
historical_manual_wahlrecht,1,media_salience_log1p_lag1,afd_poll_support_change,0.3552104377900238,39,Descriptive lag correlation only; non-causal and source-boundary sensitive.
historical_manual_wahlrecht,2,media_salience_z_lag2,afd_poll_support_mean,0.5096753401561692,38,Descriptive lag correlation only; non-causal and source-boundary sensitive.
historical_manual_wahlrecht,2,media_salience_z_lag2,afd_poll_support_change,0.45217948852537077,38,Descriptive lag correlation only; non-causal and source-boundary sensitive.
historical_manual_wahlrecht,2,media_salience_log1p_lag2,afd_poll_support_mean,0.6034909100473657,38,Descriptive lag correlation only; non-causal and source-boundary sensitive.
historical_manual_wahlrecht,2,media_salience_log1p_lag2,afd_poll_support_change,0.3502254803397978,38,Descriptive lag correlation only; non-causal and source-boundary sensitive.
historical_manual_wahlrecht,3,media_salience_z_lag3,afd_poll_support_mean,0.6045747208215054,37,Descriptive lag correlation only; non-causal and source-boundary sensitive.
historical_manual_wahlrecht,3,media_salience_z_lag3,afd_poll_support_change,0.26093739424905504,37,Descriptive lag correlation only; non-causal and source-boundary sensitive.
historical_manual_wahlrecht,3,media_salience_log1p_lag3,afd_poll_support_mean,0.6706600602367695,37,Descriptive lag correlation only; non-causal and source-boundary sensitive.
historical_manual_wahlrecht,3,media_salience_log1p_lag3,afd_poll_support_change,0.20939879328344121,37,Descriptive lag correlation only; non-causal and source-boundary sensitive.
historical_manual_wahlrecht,4,media_salience_z_lag4,afd_poll_support_mean,0.6644160603057826,36,Descriptive lag correlation only; non-causal and source-boundary sensitive.
historical_manual_wahlrecht,4,media_salience_z_lag4,afd_poll_support_change,0.17766349765453401,36,Descriptive lag correlation only; non-causal and source-boundary sensitive.
historical_manual_wahlrecht,4,media_salience_log1p_lag4,afd_poll_support_mean,0.7184986272389987,36,Descriptive lag correlation only; non-causal and source-boundary sensitive.
historical_manual_wahlrecht,4,media_salience_log1p_lag4,afd_poll_support_change,0.17032122574125583,36,Descriptive lag correlation only; non-causal and source-boundary sensitive.
historical_manual_wahlrecht,5,media_salience_z_lag5,afd_poll_support_mean,0.7094824360443454,35,Descriptive lag correlation only; non-causal and source-boundary sensitive.
historical_manual_wahlrecht,5,media_salience_z_lag5,afd_poll_support_change,0.10453782519894365,35,Descriptive lag correlation only; non-causal and source-boundary sensitive.
historical_manual_wahlrecht,5,media_salience_log1p_lag5,afd_poll_support_mean,0.7509523515954366,35,Descriptive lag correlation only; non-causal and source-boundary sensitive.
historical_manual_wahlrecht,5,media_salience_log1p_lag5,afd_poll_support_change,0.10003461081206536,35,Descriptive lag correlation only; non-causal and source-boundary sensitive.
historical_manual_wahlrecht,6,media_salience_z_lag6,afd_poll_support_mean,0.7508413650334189,34,Descriptive lag correlation only; non-causal and source-boundary sensitive.
historical_manual_wahlrecht,6,media_salience_z_lag6,afd_poll_support_change,0.099020393769147,34,Descriptive lag correlation only; non-causal and source-boundary sensitive.
historical_manual_wahlrecht,6,media_salience_log1p_lag6,afd_poll_support_mean,0.7668089027625302,34,Descriptive lag correlation only; non-causal and source-boundary sensitive.
historical_manual_wahlrecht,6,media_salience_log1p_lag6,afd_poll_support_change,0.05836900198012309,34,Descriptive lag correlation only; non-causal and source-boundary sensitive.
dawum,0,media_salience_z_lag0,afd_poll_support_mean,0.07019560682689899,108,Descriptive lag correlation only; non-causal and source-boundary sensitive.
dawum,0,media_salience_z_lag0,afd_poll_support_change,-0.07258834187577971,108,Descriptive lag correlation only; non-causal and source-boundary sensitive.
dawum,0,media_salience_log1p_lag0,afd_poll_support_mean,0.16625917228657858,108,Descriptive lag correlation only; non-causal and source-boundary sensitive.
dawum,0,media_salience_log1p_lag0,afd_poll_support_change,-0.019950203548023574,108,Descriptive lag correlation only; non-causal and source-boundary sensitive.
dawum,1,media_salience_z_lag1,afd_poll_support_mean,0.06387436239302466,108,Descriptive lag correlation only; non-causal and source-boundary sensitive.
dawum,1,media_salience_z_lag1,afd_poll_support_change,0.0010780450442215146,108,Descriptive lag correlation only; non-causal and source-boundary sensitive.
dawum,1,media_salience_log1p_lag1,afd_poll_support_mean,0.1628119295690272,108,Descriptive lag correlation only; non-causal and source-boundary sensitive.
dawum,1,media_salience_log1p_lag1,afd_poll_support_change,0.029964055032956915,108,Descriptive lag correlation only; non-causal and source-boundary sensitive.
dawum,2,media_salience_z_lag2,afd_poll_support_mean,0.041835846576731714,108,Descriptive lag correlation only; non-causal and source-boundary sensitive.
dawum,2,media_salience_z_lag2,afd_poll_support_change,-0.13760990214811536,108,Descriptive lag correlation only; non-causal and source-boundary sensitive.
dawum,2,media_salience_log1p_lag2,afd_poll_support_mean,0.14484992518494216,108,Descriptive lag correlation only; non-causal and source-boundary sensitive.
dawum,2,media_salience_log1p_lag2,afd_poll_support_change,-0.0880538371613015,108,Descriptive lag correlation only; non-causal and source-boundary sensitive.
dawum,3,media_salience_z_lag3,afd_poll_support_mean,0.022258260429214513,108,Descriptive lag correlation only; non-causal and source-boundary sensitive.
dawum,3,media_salience_z_lag3,afd_poll_support_change,-0.12156599241863822,108,Descriptive lag correlation only; non-causal and source-boundary sensitive.
dawum,3,media_salience_log1p_lag3,afd_poll_support_mean,0.1300247791316972,108,Descriptive lag correlation only; non-causal and source-boundary sensitive.
dawum,3,media_salience_log1p_lag3,afd_poll_support_change,-0.07908458977276882,108,Descriptive lag correlation only; non-causal and source-boundary sensitive.
dawum,4,media_salience_z_lag4,afd_poll_support_mean,-0.007398583883917779,108,Descriptive lag correlation only; non-causal and source-boundary sensitive.
dawum,4,media_salience_z_lag4,afd_poll_support_change,-0.15892478613121513,108,Descriptive lag correlation only; non-causal and source-boundary sensitive.
dawum,4,media_salience_log1p_lag4,afd_poll_support_mean,0.10923572627328672,108,Descriptive lag correlation only; non-causal and source-boundary sensitive.
dawum,4,media_salience_log1p_lag4,afd_poll_support_change,-0.10120634865875383,108,Descriptive lag correlation only; non-causal and source-boundary sensitive.
dawum,5,media_salience_z_lag5,afd_poll_support_mean,-0.04309568844120018,108,Descriptive lag correlation only; non-causal and source-boundary sensitive.
dawum,5,media_salience_z_lag5,afd_poll_support_change,-0.16578535096730324,108,Descriptive lag correlation only; non-causal and source-boundary sensitive.
dawum,5,media_salience_log1p_lag5,afd_poll_support_mean,0.07901332702763218,108,Descriptive lag correlation only; non-causal and source-boundary sensitive.
dawum,5,media_salience_log1p_lag5,afd_poll_support_change,-0.1035957150342501,108,Descriptive lag correlation only; non-causal and source-boundary sensitive.
dawum,6,media_salience_z_lag6,afd_poll_support_mean,-0.059191601647513394,108,Descriptive lag correlation only; non-causal and source-boundary sensitive.
dawum,6,media_salience_z_lag6,afd_poll_support_change,-0.05934835514082585,108,Descriptive lag correlation only; non-causal and source-boundary sensitive.
dawum,6,media_salience_log1p_lag6,afd_poll_support_mean,0.06501720489049626,108,Descriptive lag correlation only; non-causal and source-boundary sensitive.
dawum,6,media_salience_log1p_lag6,afd_poll_support_change,-0.012687036090288949,108,Descriptive lag correlation only; non-causal and source-boundary sensitive.
