month,year_month,month_dt,year,month_num,afd_poll_support_mean,afd_poll_support_median,afd_poll_support_sd,n_polls,n_pollsters,nexis_total_results,media_salience_volume_raw,media_salience_volume_log1p,media_salience_volume_z,afd_poll_support_z,raw_article_count,download_fraction,kept_article_count,cleaned_sample_size,cleaned_sample_fraction,retrieval_mismatch_flag,high_download_sample_flag,source,afd_poll_support_min,afd_poll_support_max,first_poll_date,last_poll_date,month_media,year_media,month_num_media,cleaned_sample_log1p,cleaned_sample_z,month_dt_media,month_index
2017-01,2017-01,2017-01-01,2017,1,12.186666666666667,12.0,1.1394652045503426,15,7,255,255,5.545177444479562,0.4940766943890862,-0.5212157900225152,50,0.19607843137254902,43,43,0.16862745098039217,False,False,DAWUM,11.0,14.5,2017-01-11 00:00:00,2017-01-31 12:00:00,2017-01,2017,1,3.784189633918261,-0.7063888344201203,2017-01-01,0
2017-02,2017-02,2017-02-01,2017,2,10.356521739130434,10.0,1.3747152058638188,23,10,239,239,5.480638923341991,0.3886105668602092,-0.909723907644547,50,0.20920502092050208,45,45,0.18828451882845187,False,False,DAWUM,8.0,13.0,2017-02-01 00:00:00,2017-02-26 12:00:00,2017-02,2017,2,3.828641396489095,-0.5996091268914975,2017-02-01,1
2017-03,2017-03,2017-03-01,2017,3,9.529166666666667,9.2,1.408508050220598,24,9,239,239,5.480638923341991,0.3886105668602092,-1.0853570812646587,50,0.20920502092050208,45,45,0.18828451882845187,False,False,DAWUM,7.0,11.5,2017-03-01 00:00:00,2017-03-29 00:00:00,2017-03,2017,3,3.828641396489095,-0.5996091268914975,2017-03-01,2
2017-04,2017-04,2017-04-01,2017,4,9.064285714285715,9.0,0.834982495143321,28,9,179,179,5.19295685089021,-0.006887411373079715,-1.184043267812191,50,0.27932960893854747,42,42,0.2346368715083799,False,False,DAWUM,7.0,11.0,2017-04-01 00:00:00,2017-04-30 00:00:00,2017-04,2017,4,3.7612001156935624,-0.7597786881844317,2017-04-01,3
2017-05,2017-05,2017-05-01,2017,5,8.258620689655173,8.0,0.9310198867675447,29,10,171,171,5.147494476813453,-0.05962047513751823,-1.3550720193846115,50,0.29239766081871343,46,46,0.26900584795321636,False,False,DAWUM,7.0,10.0,2017-05-01 12:00:00,2017-05-31 00:00:00,2017-05,2017,5,3.8501476017100584,-0.5462192731271861,2017-05-01,4
2017-06,2017-06,2017-06-01,2017,6,7.896,8.0,0.80802227692063,25,9,203,203,5.318119993844216,0.15131177992023584,-1.4320501206426306,50,0.24630541871921183,41,41,0.2019704433497537,False,False,DAWUM,6.5,9.0,2017-06-02 12:00:00,2017-06-30 12:00:00,2017-06,2017,6,3.7376696182833684,-0.8131685419487432,2017-06-01,5
2017-07,2017-07,2017-07-01,2017,7,8.132142857142856,8.0,0.8654065931275144,28,10,188,188,5.241747015059643,0.05243728536191362,-1.3819210759215845,50,0.26595744680851063,48,48,0.2553191489361702,False,False,DAWUM,7.0,10.0,2017-07-01 12:00:00,2017-07-30 00:00:00,2017-07,2017,7,3.8918202981106265,-0.4394395655985633,2017-07-01,6
2017-08,2017-08,2017-08-01,2017,8,8.687096774193549,8.7,1.0088745992387986,31,10,230,230,5.442417710521793,0.3292858701252158,-1.2641139566949193,50,0.21739130434782608,45,45,0.1956521739130435,False,False,DAWUM,7.0,11.0,2017-08-02 00:00:00,2017-08-30 00:00:00,2017-08,2017,8,3.828641396489095,-0.5996091268914975,2017-08-01,7
2017-09,2017-09,2017-09-01,2017,9,10.45625,10.75,1.299860414342322,32,10,183,183,5.214935757608986,0.019479120509139542,-0.8885533225607124,50,0.273224043715847,45,45,0.2459016393442623,False,False,DAWUM,8.0,13.0,2017-09-01 12:00:00,2017-09-27 12:00:00,2017-09,2017,9,3.828641396489095,-0.5996091268914975,2017-09-01,8
2017-10,2017-10,2017-10-01,2017,10,12.105263157894736,12.0,0.6578362547106202,19,7,142,142,4.962844630259907,-0.25077783128360787,-0.5384963471439596,50,0.352112676056338,43,43,0.3028169014084507,False,False,DAWUM,11.0,13.0,2017-10-01 00:00:00,2017-10-28 00:00:00,2017-10,2017,10,3.784189633918261,-0.7063888344201203,2017-10-01,9
2017-11,2017-11,2017-11-01,2017,11,12.245833333333332,12.0,1.1317470783153643,24,9,164,164,5.10594547390058,-0.10576190593140193,-0.5086557299164661,50,0.3048780487804878,45,45,0.27439024390243905,False,False,DAWUM,10.0,14.0,2017-11-01 00:00:00,2017-11-29 12:00:00,2017-11,2017,11,3.828641396489095,-0.5996091268914975,2017-11-01,10
2017-12,2017-12,2017-12-01,2017,12,12.615,13.0,0.9847655344774897,20,9,159,159,5.075173815233827,-0.138720070784176,-0.4302880309449168,50,0.31446540880503143,45,45,0.2830188679245283,False,False,DAWUM,11.0,14.5,2017-12-02 12:00:00,2017-12-31 00:00:00,2017-12,2017,12,3.828641396489095,-0.5996091268914975,2017-12-01,11
2018-01,2018-01,2018-01-01,2018,1,12.75,13.0,1.0883583093466094,22,7,226,226,5.424950017481403,0.30291933824299655,-0.40162986563252195,50,0.22123893805309736,45,45,0.19911504424778761,False,False,DAWUM,10.0,14.0,2018-01-02 12:00:00,2018-01-31 00:00:00,2018-01,2018,1,3.828641396489095,-0.5996091268914975,2018-01-01,12
2018-02,2018-02,2018-02-01,2018,2,14.131818181818181,14.0,1.2194402945756024,22,9,124,124,4.8283137373023015,-0.3694272247535945,-0.10829376277164543,50,0.4032258064516129,44,44,0.3548387096774194,False,False,DAWUM,12.0,16.0,2018-02-03 12:00:00,2018-02-28 00:00:00,2018-02,2018,2,3.8066624897703196,-0.652998980655809,2018-02-01,13
2018-03,2018-03,2018-03-01,2018,3,13.757142857142856,13.0,1.1395487828835715,21,10,160,160,5.081404364984463,-0.13212843781362119,-0.18783085457179857,97,0.60625,81,81,0.50625,False,True,DAWUM,12.0,15.4,2018-03-04 00:00:00,2018-03-30 00:00:00,2018-03,2018,3,4.406719247264253,1.3224256086237132,2018-03-01,14
2018-04,2018-04,2018-04-01,2018,4,13.675,13.5,1.2489469248341305,20,8,164,164,5.10594547390058,-0.10576190593140193,-0.20526836256611256,95,0.5792682926829268,83,83,0.5060975609756098,False,True,DAWUM,12.0,15.5,2018-04-01 12:00:00,2018-04-29 00:00:00,2018-04,2018,4,4.430816798843313,1.4292053161523361,2018-04-01,15
2018-05,2018-05,2018-05-01,2018,5,14.184999999999999,14.0,1.1922005306420385,20,9,212,212,5.3612921657094255,0.21063647665522917,-0.09700418249706572,50,0.2358490566037736,44,44,0.20754716981132076,False,False,DAWUM,11.5,16.0,2018-05-01 00:00:00,2018-05-30 00:00:00,2018-05,2018,5,3.8066624897703196,-0.652998980655809,2018-05-01,16
2018-06,2018-06,2018-06-01,2018,6,14.930000000000001,15.0,1.1553536710735626,20,8,295,295,5.69035945432406,0.7577420132112788,0.061146433486150974,98,0.33220338983050846,84,84,0.2847457627118644,False,True,DAWUM,13.0,16.5,2018-06-02 12:00:00,2018-06-30 12:00:00,2018-06,2018,6,4.442651256490317,1.4825951699166475,2018-06-01,17
2018-07,2018-07,2018-07-01,2018,7,16.095238095238095,16.0,1.067930798542766,21,8,225,225,5.420534999272286,0.2963277052724418,0.3085063294982502,50,0.2222222222222222,45,45,0.2,False,False,DAWUM,14.0,17.5,2018-07-01 00:00:00,2018-07-31 00:00:00,2018-07,2018,7,3.828641396489095,-0.5996091268914975,2018-07-01,18
2018-08,2018-08,2018-08-01,2018,8,15.463157894736844,15.8,1.2486483920694185,19,8,209,209,5.3471075307174685,0.19086157774356471,0.17432663411560903,98,0.4688995215311005,82,82,0.3923444976076555,False,True,DAWUM,14.0,17.0,2018-08-01 00:00:00,2018-08-29 00:00:00,2018-08,2018,8,4.418840607796598,1.3758154623880248,2018-08-01,19
2018-09,2018-09,2018-09-01,2018,9,16.244,16.0,1.438193311067743,25,9,125,125,4.836281906951478,-0.3628355917830397,0.3400859091934606,50,0.4,45,45,0.36,False,False,DAWUM,13.0,18.5,2018-09-01 12:00:00,2018-09-29 12:00:00,2018-09,2018,9,3.828641396489095,-0.5996091268914975,2018-09-01,20
2018-10,2018-10,2018-10-01,2018,10,15.657894736842104,16.0,1.434230645279778,19,8,157,157,5.062595033026967,-0.15190333672528564,0.21566589791906313,94,0.5987261146496815,64,64,0.40764331210191085,False,True,DAWUM,13.0,18.0,2018-10-03 00:00:00,2018-10-31 12:00:00,2018-10,2018,10,4.174387269895637,0.4147980946304193,2018-10-01,21
2018-11,2018-11,2018-11-01,2018,11,14.645,15.0,1.2415927800929525,20,8,349,349,5.857933154483459,1.1136901936212389,0.0006458622710947382,90,0.25787965616045844,40,40,0.11461318051575932,False,True,DAWUM,12.0,16.5,2018-11-01 12:00:00,2018-11-28 12:00:00,2018-11,2018,11,3.713572066704308,-0.8665583957130546,2018-11-01,22
2018-12,2018-12,2018-12-01,2018,12,14.058823529411764,14.0,1.0289915108550531,17,8,183,183,5.214935757608986,0.019479120509139542,-0.12378926510930384,98,0.5355191256830601,48,48,0.26229508196721313,False,True,DAWUM,12.0,16.0,2018-12-01 12:00:00,2018-12-24 00:00:00,2018-12,2018,12,3.8918202981106265,-0.4394395655985633,2018-12-01,23
2019-01,2019-01,2019-01-01,2019,1,13.568181818181818,14.0,1.2372728704065872,22,9,293,293,5.683579767338681,0.7445587472701691,-0.22794401525437125,150,0.5119453924914675,42,42,0.14334470989761092,False,True,DAWUM,11.0,16.0,2019-01-02 12:00:00,2019-01-30 00:00:00,2019-01,2019,1,3.7612001156935624,-0.7597786881844317,2019-01-01,24
2019-02,2019-02,2019-02-01,2019,2,13.004545454545456,13.0,0.9296580388853037,22,9,97,97,4.584967478670572,-0.5474013149585745,-0.34759426773709706,95,0.979381443298969,75,75,0.7731958762886598,False,True,DAWUM,11.0,14.5,2019-02-02 12:00:00,2019-02-28 00:00:00,2019-02,2019,2,4.330733340286331,1.002086486037845,2019-02-01,25
2019-03,2019-03,2019-03-01,2019,3,12.8,13.0,0.9787209698591857,20,8,118,118,4.77912349311153,-0.4089770225769234,-0.39101573033163484,99,0.8389830508474576,76,76,0.6440677966101694,False,True,DAWUM,11.0,14.5,2019-03-03 00:00:00,2019-03-31 00:00:00,2019-03,2019,3,4.343805421853684,1.0554763398021563,2019-03-01,26
2019-04,2019-04,2019-04-01,2019,4,12.936842105263159,13.0,0.7174108743064183,19,8,97,97,4.584967478670572,-0.5474013149585745,-0.3619665179292073,94,0.9690721649484536,78,78,0.8041237113402062,False,True,DAWUM,12.0,14.0,2019-04-02 00:00:00,2019-04-29 12:00:00,2019-04,2019,4,4.3694478524670215,1.162256047330779,2019-04-01,27
2019-05,2019-05,2019-05-01,2019,5,13.088235294117647,13.0,0.7548860451594469,17,7,66,66,4.204692619390966,-0.7517419370457737,-0.32982836212652183,64,0.9696969696969697,54,54,0.8181818181818182,False,True,DAWUM,11.0,14.0,2019-05-01 00:00:00,2019-05-29 00:00:00,2019-05,2019,5,4.007333185232471,-0.11910044301269483,2019-05-01,28
2019-06,2019-06,2019-06-01,2019,6,12.918181818181818,13.0,0.8421267655035614,22,9,74,74,4.31748811353631,-0.6990088732813352,-0.36592777416590216,73,0.9864864864864865,57,57,0.7702702702702703,False,True,DAWUM,10.7,14.0,2019-06-01 12:00:00,2019-06-30 00:00:00,2019-06,2019,6,4.060443010546419,0.0410691182802394,2019-06-01,29
2019-07,2019-07,2019-07-01,2019,7,13.085714285714285,13.0,0.9133924207511878,21,9,101,101,4.624972813284271,-0.5210347830763553,-0.33036352861228085,50,0.49504950495049505,48,48,0.4752475247524752,False,False,DAWUM,11.5,14.5,2019-07-02 00:00:00,2019-07-31 00:00:00,2019-07,2019,7,3.8918202981106265,-0.4394395655985633,2019-07-01,30
2019-08,2019-08,2019-08-01,2019,8,13.78125,14.0,0.9303897032964196,16,6,99,99,4.605170185988092,-0.534218049017465,-0.18271332505172788,50,0.5050505050505051,42,42,0.42424242424242425,False,False,DAWUM,12.0,15.0,2019-08-03 12:00:00,2019-08-31 12:00:00,2019-08,2019,8,3.7612001156935624,-0.7597786881844317,2019-08-01,31
2019-09,2019-09,2019-09-01,2019,9,14.254545454545456,14.0,1.1261934506609814,22,9,104,104,4.653960350157523,-0.5012598841646908,-0.08224088521492239,50,0.4807692307692308,42,42,0.40384615384615385,False,False,DAWUM,12.0,16.0,2019-09-01 00:00:00,2019-09-29 00:00:00,2019-09,2019,9,3.7612001156935624,-0.7597786881844317,2019-09-01,32
2019-10,2019-10,2019-10-01,2019,10,13.972222222222221,14.0,1.1436811338601824,18,7,103,103,4.6443908991413725,-0.5078515171352457,-0.1421732249441736,50,0.4854368932038835,46,46,0.44660194174757284,False,False,DAWUM,12.0,16.0,2019-10-02 00:00:00,2019-10-30 00:00:00,2019-10,2019,10,3.8501476017100584,-0.5462192731271861,2019-10-01,33
2019-11,2019-11,2019-11-01,2019,11,14.02608695652174,14.0,0.85398392113049,23,9,112,112,4.727387818712341,-0.4485268204002523,-0.13073867338814532,50,0.44642857142857145,46,46,0.4107142857142857,False,False,DAWUM,13.0,16.0,2019-11-02 12:00:00,2019-11-30 12:00:00,2019-11,2019,11,3.8501476017100584,-0.5462192731271861,2019-11-01,34
2019-12,2019-12,2019-12-01,2019,12,14.266666666666667,14.0,0.7988086367179801,15,8,104,104,4.653960350157523,-0.5012598841646908,-0.07966776150561652,50,0.4807692307692308,41,41,0.3942307692307692,False,False,DAWUM,13.0,15.0,2019-12-03 00:00:00,2019-12-30 00:00:00,2019-12,2019,12,3.7376696182833684,-0.8131685419487432,2019-12-01,35
2020-01,2020-01,2020-01-01,2020,1,13.733333333333333,14.0,1.1629191512658792,15,6,90,90,4.51085950651685,-0.5935427457524582,-0.19288520471507808,50,0.5555555555555556,41,41,0.45555555555555555,False,False,DAWUM,11.0,15.0,2020-01-04 12:00:00,2020-01-29 00:00:00,2020-01,2020,1,3.7376696182833684,-0.8131685419487432,2020-01-01,36
2020-02,2020-02,2020-02-01,2020,2,13.23,14.0,1.6846364592991567,20,8,87,87,4.477336814478207,-0.6133176446641226,-0.2997341667440068,50,0.5747126436781609,45,45,0.5172413793103449,False,False,DAWUM,10.0,15.0,2020-02-01 12:00:00,2020-02-29 12:00:00,2020-02,2020,2,3.828641396489095,-0.5996091268914975,2020-02-01,37
2020-03,2020-03,2020-03-01,2020,3,11.633333333333335,11.5,1.5947831618540909,21,8,145,145,4.983606621708336,-0.23100293237194341,-0.638678887352331,50,0.3448275862068966,43,43,0.296551724137931,False,False,DAWUM,9.0,14.0,2020-03-01 00:00:00,2020-03-31 00:00:00,2020-03,2020,3,3.784189633918261,-0.7063888344201203,2020-03-01,38
2020-04,2020-04,2020-04-01,2020,4,10.014285714285714,10.0,0.8138093844910581,21,9,92,92,4.532599493153256,-0.5803594798113486,-0.9823746970953385,50,0.5434782608695652,45,45,0.4891304347826087,False,False,DAWUM,9.0,12.0,2020-04-01 00:00:00,2020-04-28 12:00:00,2020-04,2020,4,3.828641396489095,-0.5996091268914975,2020-04-01,39
2020-05,2020-05,2020-05-01,2020,5,9.85,10.0,1.0013149249598599,20,7,72,72,4.290459441148391,-0.7121921392224448,-1.0172497130839673,50,0.6944444444444444,44,44,0.6111111111111112,False,False,DAWUM,8.0,12.0,2020-05-02 12:00:00,2020-05-31 00:00:00,2020-05,2020,5,3.8066624897703196,-0.652998980655809,2020-05-01,40
2020-06,2020-06,2020-06-01,2020,6,9.642857142857142,10.0,0.8680849201382479,21,9,54,54,4.007333185232471,-0.8308415326924316,-1.0612225593304991,50,0.9259259259259259,43,43,0.7962962962962963,False,False,DAWUM,8.0,11.5,2020-06-02 12:00:00,2020-06-30 00:00:00,2020-06,2020,6,3.784189633918261,-0.7063888344201203,2020-06-01,41
2020-07,2020-07,2020-07-01,2020,7,9.944444444444445,10.0,0.9375953110592338,18,7,75,75,4.330733340286331,-0.6924172403107804,-0.9972007908489584,50,0.6666666666666666,41,41,0.5466666666666666,False,False,DAWUM,8.0,11.0,2020-07-01 00:00:00,2020-07-29 00:00:00,2020-07,2020,7,3.7376696182833684,-0.8131685419487432,2020-07-01,42
2020-08,2020-08,2020-08-01,2020,8,10.285714285714286,11.0,1.0071175275436897,21,7,69,69,4.248495242049359,-0.7319670381341093,-0.9247551054619518,50,0.7246376811594203,42,42,0.6086956521739131,False,False,DAWUM,8.0,11.0,2020-08-01 12:00:00,2020-08-30 00:00:00,2020-08,2020,8,3.7612001156935624,-0.7597786881844317,2020-08-01,43
2020-09,2020-09,2020-09-01,2020,9,10.210526315789474,10.0,1.1704200275694499,19,7,178,178,5.187385805840755,-0.01347904434363453,-0.9407162111775714,99,0.5561797752808989,82,82,0.4606741573033708,False,True,DAWUM,8.0,12.0,2020-09-01 00:00:00,2020-09-30 12:00:00,2020-09,2020,9,4.418840607796598,1.3758154623880248,2020-09-01,44
2020-10,2020-10,2020-10-01,2020,10,10.31578947368421,10.0,1.043638484605521,19,8,75,75,4.330733340286331,-0.6924172403107804,-0.9183706631757043,50,0.6666666666666666,44,44,0.5866666666666667,False,False,DAWUM,9.0,12.0,2020-10-03 12:00:00,2020-10-31 12:00:00,2020-10,2020,10,3.8066624897703196,-0.652998980655809,2020-10-01,45
2020-11,2020-11,2020-11-01,2020,11,9.775,10.0,1.105905201990421,20,8,48,48,3.8918202981106265,-0.8703913305157605,-1.0331709160352975,48,1.0,45,45,0.9375,False,False,DAWUM,7.0,12.0,2020-11-01 00:00:00,2020-11-29 00:00:00,2020-11,2020,11,3.828641396489095,-0.5996091268914975,2020-11-01,46
2020-12,2020-12,2020-12-01,2020,12,9.384615384615385,10.0,0.9607689228305227,13,6,74,74,4.31748811353631,-0.6990088732813352,-1.1160428185768383,50,0.6756756756756757,43,43,0.581081081081081,False,False,DAWUM,8.0,11.0,2020-12-01 00:00:00,2020-12-22 00:00:00,2020-12,2020,12,3.784189633918261,-0.7063888344201203,2020-12-01,47
2021-01,2021-01,2021-01-01,2021,1,9.571428571428571,10.0,0.8701395618766318,21,8,67,67,4.219507705176107,-0.745150304075219,-1.0763856097603377,50,0.746268656716418,43,43,0.6417910447761194,False,False,DAWUM,8.0,11.0,2021-01-01 00:00:00,2021-01-31 00:00:00,2021-01,2021,1,3.784189633918261,-0.7063888344201203,2021-01-01,48
2021-02,2021-02,2021-02-01,2021,2,9.710526315789474,10.0,1.0316624861746775,19,9,44,44,3.8066624897703196,-0.8967578623979797,-1.0468575641864413,44,1.0,39,39,0.8863636363636364,False,False,DAWUM,8.0,11.0,2021-02-02 00:00:00,2021-02-28 00:00:00,2021-02,2021,2,3.6888794541139363,-0.919948249477366,2021-02-01,49
2021-03,2021-03,2021-03-01,2021,3,10.72,11.0,0.6626965117357015,25,9,51,51,3.9512437185814275,-0.850616431604096,-0.8325637588485335,50,0.9803921568627451,44,44,0.8627450980392157,False,False,DAWUM,10.0,12.0,2021-03-01 12:00:00,2021-03-31 00:00:00,2021-03,2021,3,3.8066624897703196,-0.652998980655809,2021-03-01,50
2021-04,2021-04,2021-04-01,2021,4,10.795454545454545,11.0,0.8818148346435337,22,8,75,75,4.330733340286331,-0.6924172403107804,-0.8165460637581043,50,0.6666666666666666,42,42,0.56,False,False,DAWUM,9.0,12.0,2021-04-03 12:00:00,2021-04-30 00:00:00,2021-04,2021,4,3.7612001156935624,-0.7597786881844317,2021-04-01,51
2021-05,2021-05,2021-05-01,2021,5,10.85,11.0,0.9572770290489729,30,10,55,55,4.02535169073515,-0.8242498997218768,-0.8049670070662276,55,1.0,41,41,0.7454545454545455,False,True,DAWUM,9.0,13.0,2021-05-01 12:00:00,2021-05-29 12:00:00,2021-05,2021,5,3.7376696182833684,-0.8131685419487432,2021-05-01,52
2021-06,2021-06,2021-06-01,2021,6,10.316666666666666,10.25,0.9868386771466973,30,10,57,57,4.060443010546419,-0.8110666337807672,-0.9181844502756887,50,0.8771929824561403,42,42,0.7368421052631579,False,False,DAWUM,9.0,12.0,2021-06-02 00:00:00,2021-06-30 00:00:00,2021-06,2021,6,3.7612001156935624,-0.7597786881844317,2021-06-01,53
2021-07,2021-07,2021-07-01,2021,7,10.596774193548388,11.0,0.7683245282074244,31,10,75,75,4.330733340286331,-0.6924172403107804,-0.8587224664933001,50,0.6666666666666666,43,43,0.5733333333333334,False,False,DAWUM,9.0,12.0,2021-07-02 00:00:00,2021-07-31 12:00:00,2021-07,2021,7,3.784189633918261,-0.7063888344201203,2021-07-01,54
2021-08,2021-08,2021-08-01,2021,8,11.014705882352942,11.0,0.5965214075465518,34,11,115,115,4.7535901911063645,-0.4287519214885879,-0.7700027966633055,50,0.43478260869565216,42,42,0.3652173913043478,False,False,DAWUM,10.0,12.0,2021-08-03 00:00:00,2021-08-31 12:00:00,2021-08,2021,8,3.7612001156935624,-0.7597786881844317,2021-08-01,55
2021-09,2021-09,2021-09-01,2021,9,10.907894736842104,11.0,0.6561071018978082,38,12,75,75,4.330733340286331,-0.6924172403107804,-0.7926769556652006,75,1.0,63,63,0.84,False,True,DAWUM,9.0,12.0,2021-09-01 00:00:00,2021-09-30 12:00:00,2021-09,2021,9,4.1588830833596715,0.36140824086610784,2021-09-01,56
2021-10,2021-10,2021-10-01,2021,10,10.5,11.0,0.8548504142651102,27,7,80,80,4.394449154672439,-0.6594590754580064,-0.8792659541724364,50,0.625,45,45,0.5625,False,False,DAWUM,9.0,12.0,2021-10-01 12:00:00,2021-10-30 12:00:00,2021-10,2021,10,3.828641396489095,-0.5996091268914975,2021-10-01,57
2021-11,2021-11,2021-11-01,2021,11,10.724137931034482,11.0,0.7268597685611089,29,10,97,97,4.584967478670572,-0.5474013149585745,-0.8316853476512189,50,0.5154639175257731,48,48,0.4948453608247423,False,False,DAWUM,9.0,12.0,2021-11-02 12:00:00,2021-11-30 00:00:00,2021-11,2021,11,3.8918202981106265,-0.4394395655985633,2021-11-01,58
2021-12,2021-12,2021-12-01,2021,12,10.818181818181818,11.0,0.732663999932122,22,10,58,58,4.07753744390572,-0.8044750008102123,-0.8117214568031555,50,0.8620689655172413,44,44,0.7586206896551724,False,False,DAWUM,9.0,12.0,2021-12-01 00:00:00,2021-12-31 12:00:00,2021-12,2021,12,3.8066624897703196,-0.652998980655809,2021-12-01,59
2022-01,2022-01,2022-01-01,2022,1,10.865384615384615,11.0,0.9333562268254529,26,10,63,63,4.1588830833596715,-0.7715168359574383,-0.8017011192813392,58,0.9206349206349206,44,44,0.6984126984126984,False,True,DAWUM,9.0,12.0,2022-01-01 00:00:00,2022-01-29 12:00:00,2022-01,2022,1,3.8066624897703196,-0.652998980655809,2022-01-01,60
2022-02,2022-02,2022-02-01,2022,2,10.732142857142858,11.0,1.2728077948141585,28,11,71,71,4.276666119016055,-0.7187837721929997,-0.829986040275461,50,0.704225352112676,42,42,0.5915492957746479,False,False,DAWUM,7.0,12.0,2022-02-01 00:00:00,2022-02-26 12:00:00,2022-02,2022,2,3.7612001156935624,-0.7597786881844317,2022-02-01,61
2022-03,2022-03,2022-03-01,2022,3,9.92,10.0,1.0575128052810203,25,9,353,353,5.869296913133774,1.140056725503458,-1.0023899236627254,50,0.141643059490085,43,43,0.12181303116147309,False,False,DAWUM,7.0,11.0,2022-03-01 00:00:00,2022-03-31 00:00:00,2022-03,2022,3,3.784189633918261,-0.7063888344201203,2022-03-01,62
2022-04,2022-04,2022-04-01,2022,4,10.2,10.5,1.0635010497214472,30,10,154,154,5.043425116919247,-0.1716782356369501,-0.9429507659777585,50,0.3246753246753247,48,48,0.3116883116883117,False,False,DAWUM,8.5,12.0,2022-04-01 00:00:00,2022-04-30 12:00:00,2022-04,2022,4,3.8918202981106265,-0.4394395655985633,2022-04-01,63
2022-05,2022-05,2022-05-01,2022,5,9.574074074074074,10.0,1.1068293567986103,27,11,79,79,4.382026634673881,-0.6660507084285612,-1.0758240152999732,50,0.6329113924050633,43,43,0.5443037974683544,False,False,DAWUM,7.0,11.0,2022-05-04 00:00:00,2022-05-31 00:00:00,2022-05,2022,5,3.784189633918261,-0.7063888344201203,2022-05-01,64
2022-06,2022-06,2022-06-01,2022,6,10.134615384615385,10.0,1.2046384711413818,26,10,81,81,4.406719247264253,-0.6528674424874515,-0.9568307890635335,50,0.6172839506172839,43,43,0.5308641975308642,False,False,DAWUM,8.0,13.0,2022-06-01 00:00:00,2022-06-29 00:00:00,2022-06,2022,6,3.784189633918261,-0.7063888344201203,2022-06-01,65
2022-07,2022-07,2022-07-01,2022,7,10.741379310344827,11.0,0.9507580589716325,29,11,80,80,4.394449154672439,-0.6594590754580064,-0.8280253009957407,78,0.975,57,57,0.7125,False,True,DAWUM,9.0,12.0,2022-07-01 00:00:00,2022-07-30 12:00:00,2022-07,2022,7,4.060443010546419,0.0410691182802394,2022-07-01,66
2022-08,2022-08,2022-08-01,2022,8,12.148148148148149,12.0,1.0544303494415181,27,10,130,130,4.875197323201151,-0.3298774269302656,-0.5293926053654208,94,0.7230769230769231,72,72,0.5538461538461539,False,True,DAWUM,10.0,14.5,2022-08-02 00:00:00,2022-08-31 00:00:00,2022-08,2022,8,4.290459441148391,0.8419169247449105,2022-08-01,67
2022-09,2022-09,2022-09-01,2022,9,13.365384615384615,13.25,0.8781536574847512,26,10,110,110,4.709530201312334,-0.4617100863413619,-0.2709943542369899,50,0.45454545454545453,42,42,0.38181818181818183,False,False,DAWUM,11.0,15.0,2022-09-02 00:00:00,2022-09-28 12:00:00,2022-09,2022,9,3.7612001156935624,-0.7597786881844317,2022-09-01,68
2022-10,2022-10,2022-10-01,2022,10,14.796296296296296,15.0,0.7106234973498661,27,10,181,181,5.204006687076795,0.006295854568029914,0.032763449459334244,99,0.5469613259668509,78,78,0.430939226519337,False,True,DAWUM,13.0,16.0,2022-10-01 00:00:00,2022-10-29 12:00:00,2022-10,2022,10,4.3694478524670215,1.162256047330779,2022-10-01,69
2022-11,2022-11,2022-11-01,2022,11,14.166666666666666,14.0,0.9903379376602868,27,10,151,151,5.0238805208462765,-0.19145313454861454,-0.1008960321073908,50,0.33112582781456956,43,43,0.2847682119205298,False,False,DAWUM,12.0,16.0,2022-11-01 00:00:00,2022-11-30 00:00:00,2022-11,2022,11,3.784189633918261,-0.7063888344201203,2022-11-01,70
2022-12,2022-12,2022-12-01,2022,12,14.090909090909092,14.25,1.0649878563622848,22,11,150,150,5.017279836814924,-0.19804476751916933,-0.11697805529055261,50,0.3333333333333333,45,45,0.3,False,False,DAWUM,12.0,15.5,2022-12-01 12:00:00,2022-12-31 00:00:00,2022-12,2022,12,3.828641396489095,-0.5996091268914975,2022-12-01,71
2023-01,2023-01,2023-01-01,2023,1,14.5,15.0,0.9797958971132712,26,9,134,134,4.90527477843843,-0.3035108950480464,-0.030135130101477434,100,0.746268656716418,84,84,0.6268656716417911,False,True,DAWUM,12.0,16.5,2023-01-03 00:00:00,2023-01-31 00:00:00,2023-01,2023,1,4.442651256490317,1.4825951699166475,2023-01-01,72
2023-02,2023-02,2023-02-01,2023,2,14.770833333333334,15.0,1.1129589103969133,24,10,205,205,5.327876168789581,0.16449504586134547,0.027358102778327203,50,0.24390243902439024,41,41,0.2,False,False,DAWUM,13.0,17.0,2023-02-01 00:00:00,2023-02-28 00:00:00,2023-02,2023,2,3.7376696182833684,-0.8131685419487432,2023-02-01,73
2023-03,2023-03,2023-03-01,2023,3,14.87037037037037,15.0,0.9465787848939969,27,10,121,121,4.804021044733257,-0.38920212366525897,0.048488094349537256,50,0.4132231404958678,43,43,0.35537190082644626,False,False,DAWUM,13.0,17.0,2023-03-01 00:00:00,2023-03-31 12:00:00,2023-03,2023,3,3.784189633918261,-0.7063888344201203,2023-03-01,74
2023-04,2023-04,2023-04-01,2023,4,15.5,16.0,0.7905694150420949,25,9,98,98,4.59511985013459,-0.5408096819880197,0.1821475759162623,50,0.5102040816326531,46,46,0.46938775510204084,False,False,DAWUM,14.0,17.0,2023-04-01 00:00:00,2023-04-30 00:00:00,2023-04,2023,4,3.8501476017100584,-0.5462192731271861,2023-04-01,75
2023-05,2023-05,2023-05-01,2023,5,16.56,16.0,0.9500000000000001,25,8,187,187,5.236441962829949,0.0458456523913588,0.4071672442950662,50,0.26737967914438504,42,42,0.22459893048128343,False,False,DAWUM,15.0,19.0,2023-05-02 12:00:00,2023-05-31 12:00:00,2023-05,2023,5,3.7612001156935624,-0.7597786881844317,2023-05-01,76
2023-06,2023-06,2023-06-01,2023,6,19.178571428571427,19.0,0.9150418500274117,28,11,130,130,4.875197323201151,-0.3298774269302656,0.9630446730529475,50,0.38461538461538464,46,46,0.35384615384615387,False,False,DAWUM,17.0,21.0,2023-06-01 12:00:00,2023-06-30 12:00:00,2023-06,2023,6,3.8501476017100584,-0.5462192731271861,2023-06-01,77
2023-07,2023-07,2023-07-01,2023,7,20.38888888888889,20.0,1.1294427943198477,27,10,99,99,4.605170185988092,-0.534218049017465,1.2199741386696568,50,0.5050505050505051,41,41,0.41414141414141414,False,False,DAWUM,18.0,23.0,2023-07-01 00:00:00,2023-07-30 12:00:00,2023-07,2023,7,3.7376696182833684,-0.8131685419487432,2023-07-01,78
2023-08,2023-08,2023-08-01,2023,8,20.64,21.0,0.9411871935663663,25,9,128,128,4.859812404361672,-0.34306069287137525,1.2732806848474447,100,0.78125,79,79,0.6171875,False,True,DAWUM,18.0,22.0,2023-08-01 00:00:00,2023-08-30 00:00:00,2023-08,2023,8,4.382026634673881,1.2156459010950904,2023-08-01,79
2023-09,2023-09,2023-09-01,2023,9,21.48148148148148,21.5,0.8823208194812298,27,10,202,202,5.313205979041787,0.14472014694968102,1.4519126508001499,100,0.49504950495049505,81,81,0.400990099009901,False,True,DAWUM,19.0,23.0,2023-09-01 00:00:00,2023-09-30 12:00:00,2023-09,2023,9,4.406719247264253,1.3224256086237132,2023-09-01,80
2023-10,2023-10,2023-10-01,2023,10,21.4375,21.5,1.035379577529526,24,9,284,284,5.652489180268651,0.6852340505351758,1.442576142896592,99,0.3485915492957746,76,76,0.2676056338028169,False,True,DAWUM,19.0,23.0,2023-10-03 12:00:00,2023-10-31 12:00:00,2023-10,2023,10,4.343805421853684,1.0554763398021563,2023-10-01,81
2023-11,2023-11,2023-11-01,2023,11,21.23913043478261,21.0,1.380625395323959,23,9,231,231,5.44673737166631,0.33587750309577064,1.4004657148006818,50,0.21645021645021645,44,44,0.19047619047619047,False,False,DAWUM,19.0,26.0,2023-11-01 00:00:00,2023-11-29 00:00:00,2023-11,2023,11,3.8066624897703196,-0.652998980655809,2023-11-01,82
2023-12,2023-12,2023-12-01,2023,12,21.847826086956523,22.0,1.2652235035099497,23,9,172,172,5.153291594497779,-0.053028842166963415,1.5296812749853932,50,0.29069767441860467,46,46,0.26744186046511625,False,False,DAWUM,18.0,23.0,2023-12-01 00:00:00,2023-12-31 00:00:00,2023-12,2023,12,3.8501476017100584,-0.5462192731271861,2023-12-01,83
2024-01,2024-01,2024-01-01,2024,1,21.34,22.0,1.631206097748944,25,10,114,114,4.74493212836325,-0.4353435544591427,1.4218785790598623,50,0.43859649122807015,42,42,0.3684210526315789,False,False,DAWUM,19.0,24.5,2024-01-02 12:00:00,2024-01-31 00:00:00,2024-01,2024,1,3.7612001156935624,-0.7597786881844317,2024-01-01,84
2024-02,2024-02,2024-02-01,2024,2,18.775,19.0,1.019223130366302,20,9,124,124,4.8283137373023015,-0.3694272247535945,0.8773734381243596,50,0.4032258064516129,41,41,0.33064516129032256,False,False,DAWUM,17.0,20.5,2024-02-02 00:00:00,2024-02-28 00:00:00,2024-02,2024,2,3.7376696182833684,-0.8131685419487432,2024-02-01,85
2024-03,2024-03,2024-03-01,2024,3,18.15909090909091,18.25,1.3037159677918058,22,9,104,104,4.653960350157523,-0.5012598841646908,0.7466265896452523,50,0.4807692307692308,41,41,0.3942307692307692,False,False,DAWUM,15.0,20.0,2024-03-01 00:00:00,2024-03-30 12:00:00,2024-03,2024,3,3.7376696182833684,-0.8131685419487432,2024-03-01,86
2024-04,2024-04,2024-04-01,2024,4,17.75,18.0,0.9389243565742769,20,8,90,90,4.51085950651685,-0.5935427457524582,0.6597836644561768,50,0.5555555555555556,43,43,0.4777777777777778,False,False,DAWUM,16.0,19.0,2024-04-02 12:00:00,2024-04-29 12:00:00,2024-04,2024,4,3.784189633918261,-0.7063888344201203,2024-04-01,87
2024-05,2024-05,2024-05-01,2024,5,16.5,17.0,1.371478173706158,22,10,82,82,4.418840607796598,-0.6462758095168968,0.39443028193400204,82,1.0,66,66,0.8048780487804879,False,True,DAWUM,14.0,19.0,2024-05-01 00:00:00,2024-05-31 00:00:00,2024-05,2024,5,4.204692619390966,0.5215778021590421,2024-05-01,88
2024-06,2024-06,2024-06-01,2024,6,16.738095238095237,17.0,0.9568051998584609,21,8,149,149,5.0106352940962555,-0.20463640048972415,0.44497378336679705,99,0.6644295302013423,81,81,0.5436241610738255,False,True,DAWUM,15.0,19.0,2024-06-01 12:00:00,2024-06-30 12:00:00,2024-06,2024,6,4.406719247264253,1.3224256086237132,2024-06-01,89
2024-07,2024-07,2024-07-01,2024,7,17.194444444444443,17.0,0.7099894135268937,18,7,91,91,4.5217885770490405,-0.5869511127819034,0.5418488277796543,50,0.5494505494505495,45,45,0.4945054945054945,False,False,DAWUM,16.0,18.0,2024-07-02 00:00:00,2024-07-31 00:00:00,2024-07,2024,7,3.828641396489095,-0.5996091268914975,2024-07-01,90
2024-08,2024-08,2024-08-01,2024,8,17.431818181818183,17.0,1.115853874900236,22,9,151,151,5.0238805208462765,-0.19145313454861454,0.5922391670868963,100,0.6622516556291391,75,75,0.4966887417218543,False,True,DAWUM,16.0,19.0,2024-08-02 00:00:00,2024-08-31 12:00:00,2024-08,2024,8,4.330733340286331,1.002086486037845,2024-08-01,91
2024-09,2024-09,2024-09-01,2024,9,18.1,18.0,1.1539406169159752,20,9,168,168,5.1298987149230735,-0.07939537404918268,0.734082611562386,50,0.2976190476190476,42,42,0.25,False,False,DAWUM,17.0,20.0,2024-09-03 12:00:00,2024-09-28 12:00:00,2024-09,2024,9,3.7612001156935624,-0.7597786881844317,2024-09-01,92
2024-10,2024-10,2024-10-01,2024,10,18.025,18.0,1.1294502621792792,20,8,136,136,4.919980925828125,-0.29032762910693677,0.7181614086110548,50,0.36764705882352944,48,48,0.35294117647058826,False,False,DAWUM,16.0,20.0,2024-10-02 00:00:00,2024-10-30 00:00:00,2024-10,2024,10,3.8918202981106265,-0.4394395655985633,2024-10-01,93
2024-11,2024-11,2024-11-01,2024,11,18.153846153846153,18.0,0.8575456928844176,26,10,109,109,4.700480365792417,-0.4683017193119167,0.7455132188094946,50,0.45871559633027525,43,43,0.3944954128440367,False,False,DAWUM,16.0,19.5,2024-11-01 00:00:00,2024-11-30 12:00:00,2024-11,2024,11,3.784189633918261,-0.7063888344201203,2024-11-01,94
2024-12,2024-12,2024-12-01,2024,12,18.97826086956522,19.0,1.092102443471112,23,9,140,140,4.948759890378168,-0.2639610972247175,0.9205222055431834,50,0.35714285714285715,44,44,0.3142857142857143,False,False,DAWUM,17.0,21.0,2024-12-01 00:00:00,2024-12-30 00:00:00,2024-12,2024,12,3.8066624897703196,-0.652998980655809,2024-12-01,95
2025-01,2025-01,2025-01-01,2025,1,20.683333333333334,21.0,1.0945266126262658,30,9,186,186,5.231108616854587,0.03925401942080399,1.2824796021082134,98,0.5268817204301075,78,78,0.41935483870967744,False,True,DAWUM,19.0,23.0,2025-01-01 00:00:00,2025-01-31 00:00:00,2025-01,2025,1,4.3694478524670215,1.162256047330779,2025-01-01,96
2025-02,2025-02,2025-02-01,2025,2,20.714285714285715,21.0,0.83389336923884,35,11,154,154,5.043425116919247,-0.1716782356369501,1.2890502572944769,97,0.6298701298701299,75,75,0.487012987012987,False,True,DAWUM,19.0,22.0,2025-02-01 12:00:00,2025-02-28 12:00:00,2025-02,2025,2,4.330733340286331,1.002086486037845,2025-02-01,97
2025-03,2025-03,2025-03-01,2025,3,22.36842105263158,22.0,0.9978046076701182,19,7,100,100,4.61512051684126,-0.5276264160469101,1.6401945830381062,99,0.99,81,81,0.81,False,True,DAWUM,21.0,24.0,2025-03-01 12:00:00,2025-03-29 12:00:00,2025-03,2025,3,4.406719247264253,1.3224256086237132,2025-03-01,98
2025-04,2025-04,2025-04-01,2025,4,24.52173913043478,24.5,0.7902568752334612,23,10,78,78,4.3694478524670215,-0.672642341399116,2.097306771511088,78,1.0,66,66,0.8461538461538461,False,True,DAWUM,23.0,26.0,2025-04-01 00:00:00,2025-04-30 12:00:00,2025-04,2025,4,4.204692619390966,0.5215778021590421,2025-04-01,99
2025-05,2025-05,2025-05-01,2025,5,23.956521739130434,24.0,0.8381939930353081,23,10,100,100,4.61512051684126,-0.5276264160469101,1.9773208941967133,50,0.5,45,45,0.45,False,False,DAWUM,22.5,25.0,2025-05-03 12:00:00,2025-05-31 12:00:00,2025-05,2025,5,3.828641396489095,-0.5996091268914975,2025-05-01,100
2025-06,2025-06,2025-06-01,2025,6,23.105263157894736,23.0,0.5911135294326824,19,8,118,118,4.77912349311153,-0.4089770225769234,1.7966134190511776,50,0.423728813559322,44,44,0.3728813559322034,False,False,DAWUM,22.0,24.0,2025-06-02 12:00:00,2025-06-28 12:00:00,2025-06,2025,6,3.8066624897703196,-0.652998980655809,2025-06-01,101
2025-07,2025-07,2025-07-01,2025,7,24.05263157894737,24.0,0.5984873720496731,19,8,138,138,4.9344739331306915,-0.27714436316582713,1.9977233510679842,100,0.7246376811594203,73,73,0.5289855072463768,False,True,DAWUM,23.0,25.0,2025-07-01 00:00:00,2025-07-30 00:00:00,2025-07,2025,7,4.30406509320417,0.895306778509222,2025-07-01,102
2025-08,2025-08,2025-08-01,2025,8,24.928571428571427,25.0,0.8701395618766316,21,9,136,136,4.919980925828125,-0.29032762910693677,2.183670232654951,94,0.6911764705882353,72,72,0.5294117647058824,False,True,DAWUM,22.5,26.0,2025-08-01 00:00:00,2025-08-30 12:00:00,2025-08,2025,8,4.290459441148391,0.8419169247449105,2025-08-01,103
2025-09,2025-09,2025-09-01,2025,9,25.608695652173914,25.5,0.7680631149955065,23,9,105,105,4.663439094112067,-0.494668251194136,2.3280488432695012,99,0.9428571428571428,76,76,0.7238095238095238,False,True,DAWUM,24.0,27.0,2025-09-01 12:00:00,2025-09-30 12:00:00,2025-09,2025,9,4.343805421853684,1.0554763398021563,2025-09-01,104
2025-10,2025-10,2025-10-01,2025,10,25.8,26.0,0.7504384683215815,20,7,105,105,4.663439094112067,-0.494668251194136,2.368659447898982,86,0.819047619047619,72,72,0.6857142857142857,False,True,DAWUM,24.0,27.0,2025-10-02 12:00:00,2025-10-31 12:00:00,2025-10,2025,10,4.290459441148391,0.8419169247449105,2025-10-01,105
2025-11,2025-11,2025-11-01,2025,11,26.022727272727273,26.0,0.49945858132469245,22,9,113,113,4.736198448394496,-0.4419351874296975,2.4159405960574785,83,0.7345132743362832,73,73,0.6460176991150443,False,True,DAWUM,25.0,27.0,2025-11-01 00:00:00,2025-11-29 12:00:00,2025-11,2025,11,4.30406509320417,0.895306778509222,2025-11-01,106
2025-12,2025-12,2025-12-01,2025,12,25.9,26.0,0.5411627692821658,15,7,115,115,4.7535901911063645,-0.4287519214885879,2.389887718500755,113,0.9826086956521739,88,88,0.7652173913043478,False,True,DAWUM,25.0,27.0,2025-12-02 00:00:00,2025-12-31 12:00:00,2025-12,2025,12,4.48863636973214,1.696154584973893,2025-12-01,107
