month,year_month,month_dt,year,month_num,polling_source_block,collection_method,notes,afd_poll_support_mean,afd_poll_support_median,afd_poll_support_sd,n_polls,n_pollsters,first_poll_date,last_poll_date,afd_poll_support_z_combined,nexis_total_results,media_salience_volume_raw,media_salience_volume_log1p,media_salience_volume_z,media_salience_volume_z_panel,raw_article_count,download_fraction,kept_article_count,cleaned_sample_size,cleaned_sample_fraction,retrieval_mismatch_flag,high_download_sample_flag,month_polling,month_dt_polling,year_polling,month_num_polling,source,afd_poll_support_min,afd_poll_support_max,month_media,year_media,month_num_media,cleaned_sample_log1p,cleaned_sample_z,month_dt_media
2013-09,2013-09,2013-09-01,2013,9,historical_manual_wahlrecht,manual_wahlrecht_historical_supplement,Pre-DAWUM historical supplement for Cologne-period descriptive diagnostics.,4.775,4.7,0.14999999999999983,4,3,2013-09-22 00:00:00,2013-09-27 00:00:00,-1.4747613955931713,95,95,4.564348191467836,-0.5605845808996841,-0.5893265290490041,91,0.9578947368421052,80,80,0.8421052631578947,False,True,2013-09,2013-09-01,2013,9,Wahlrecht.de,4.7,5.0,2013-09,2013,9,4.394449154672439,1.2690120121311492,2013-09-01
2013-10,2013-10,2013-10-01,2013,10,historical_manual_wahlrecht,manual_wahlrecht_historical_supplement,Pre-DAWUM historical supplement for Cologne-period descriptive diagnostics.,5.125,5.0,0.6291528696058958,4,3,2013-10-10 00:00:00,2013-10-25 00:00:00,-1.409966853901855,151,151,5.0238805208462765,-0.19145313454861454,-0.22490525972436437,141,0.9337748344370861,125,125,0.8278145695364238,False,True,2013-10,2013-10-01,2013,10,Wahlrecht.de,4.5,6.0,2013-10,2013,10,4.836281906951478,3.6721585794795897,2013-10-01
2013-11,2013-11,2013-11-01,2013,11,historical_manual_wahlrecht,manual_wahlrecht_historical_supplement,Pre-DAWUM historical supplement for Cologne-period descriptive diagnostics.,4.6,5.0,0.5477225575051662,5,3,2013-11-07 00:00:00,2013-11-29 00:00:00,-1.5071586664388295,146,146,4.990432586778736,-0.2244112994013886,-0.2574428730569215,136,0.9315068493150684,117,117,0.8013698630136986,False,True,2013-11,2013-11-01,2013,11,Wahlrecht.de,4.0,5.0,2013-11,2013,11,4.770684624465665,3.244932523062089,2013-11-01
2013-12,2013-12,2013-12-01,2013,12,historical_manual_wahlrecht,manual_wahlrecht_historical_supplement,Pre-DAWUM historical supplement for Cologne-period descriptive diagnostics.,4.0,4.0,0.0,4,3,2013-12-05 00:00:00,2013-12-20 00:00:00,-1.618235023623943,131,131,4.882801922586371,-0.3232857939597108,-0.3550557130545928,50,0.3816793893129771,45,45,0.3435114503816794,False,False,2013-12,2013-12-01,2013,12,Wahlrecht.de,4.0,4.0,2013-12,2013,12,3.828641396489095,-0.6001019846954155,2013-12-01
2014-01,2014-01,2014-01-01,2014,1,historical_manual_wahlrecht,manual_wahlrecht_historical_supplement,Pre-DAWUM historical supplement for Cologne-period descriptive diagnostics.,4.0,4.0,0.0,5,3,2014-01-09 00:00:00,2014-01-31 00:00:00,-1.618235023623943,165,165,5.111987788356544,-0.09917027296084711,-0.13379994239320445,50,0.30303030303030304,45,45,0.2727272727272727,False,False,2014-01,2014-01-01,2014,1,Wahlrecht.de,4.0,4.0,2014-01,2014,1,3.828641396489095,-0.6001019846954155,2014-01-01
2014-02,2014-02,2014-02-01,2014,2,historical_manual_wahlrecht,manual_wahlrecht_historical_supplement,Pre-DAWUM historical supplement for Cologne-period descriptive diagnostics.,4.75,5.0,0.4999999999999999,4,3,2014-02-06 00:00:00,2014-02-28 00:00:00,-1.479389577142551,106,106,4.672828834461906,-0.48807661822358117,-0.5177437797173784,50,0.4716981132075472,46,46,0.4339622641509434,False,False,2014-02,2014-02-01,2014,2,Wahlrecht.de,4.0,5.0,2014-02,2014,2,3.8501476017100584,-0.5466987276432279,2014-02-01
2014-03,2014-03,2014-03-01,2014,3,historical_manual_wahlrecht,manual_wahlrecht_historical_supplement,Pre-DAWUM historical supplement for Cologne-period descriptive diagnostics.,4.6,5.0,0.5477225575051663,5,3,2014-03-06 00:00:00,2014-03-28 00:00:00,-1.5071586664388295,85,85,4.454347296253507,-0.6265009106052323,-0.6544017557141183,50,0.5882352941176471,46,46,0.5411764705882353,False,False,2014-03,2014-03-01,2014,3,Wahlrecht.de,4.0,5.0,2014-03,2014,3,3.8501476017100584,-0.5466987276432279,2014-03-01
2014-04,2014-04,2014-04-01,2014,4,historical_manual_wahlrecht,manual_wahlrecht_historical_supplement,Pre-DAWUM historical supplement for Cologne-period descriptive diagnostics.,5.0,5.0,0.7071067811865476,5,3,2014-04-03 00:00:00,2014-04-30 00:00:00,-1.4331077616487538,102,102,4.634728988229636,-0.5144431501058004,-0.5437738703834242,50,0.49019607843137253,48,48,0.47058823529411764,False,False,2014-04,2014-04-01,2014,4,Wahlrecht.de,4.0,6.0,2014-04,2014,4,3.8918202981106265,-0.4398922135388528,2014-04-01
2014-05,2014-05,2014-05-01,2014,5,historical_manual_wahlrecht,manual_wahlrecht_historical_supplement,Pre-DAWUM historical supplement for Cologne-period descriptive diagnostics.,5.0,5.0,1.0,3,3,2014-05-09 00:00:00,2014-05-16 00:00:00,-1.4331077616487538,143,143,4.969813299576001,-0.24418619831305305,-0.27696544105645576,50,0.34965034965034963,45,45,0.3146853146853147,False,False,2014-05,2014-05-01,2014,5,Wahlrecht.de,4.0,6.0,2014-05,2014,5,3.828641396489095,-0.6001019846954155,2014-05-01
2014-06,2014-06,2014-06-01,2014,6,historical_manual_wahlrecht,manual_wahlrecht_historical_supplement,Pre-DAWUM historical supplement for Cologne-period descriptive diagnostics.,6.0,6.0,0.7071067811865476,5,3,2014-06-05 00:00:00,2014-06-27 00:00:00,-1.2479804996735646,119,119,4.787491742782046,-0.4023853896063686,-0.43314598505272994,50,0.42016806722689076,49,49,0.4117647058823529,False,False,2014-06,2014-06-01,2014,6,Wahlrecht.de,5.0,7.0,2014-06,2014,6,3.912023005428146,-0.38648895648666526,2014-06-01
2014-07,2014-07,2014-07-01,2014,7,historical_manual_wahlrecht,manual_wahlrecht_historical_supplement,Pre-DAWUM historical supplement for Cologne-period descriptive diagnostics.,4.75,5.0,0.4999999999999999,4,3,2014-07-03 00:00:00,2014-07-22 00:00:00,-1.479389577142551,155,155,5.049856007249537,-0.16508660266639527,-0.19887516905831867,50,0.3225806451612903,44,44,0.2838709677419355,False,False,2014-07,2014-07-01,2014,7,Wahlrecht.de,4.0,5.0,2014-07,2014,7,3.8066624897703196,-0.653505241747603,2014-07-01
2014-08,2014-08,2014-08-01,2014,8,historical_manual_wahlrecht,manual_wahlrecht_historical_supplement,Pre-DAWUM historical supplement for Cologne-period descriptive diagnostics.,4.5,4.5,0.5773502691896257,4,3,2014-08-07 00:00:00,2014-08-29 00:00:00,-1.5256713926363483,171,171,5.147494476813453,-0.05962047513751823,-0.0947548063941359,50,0.29239766081871343,45,45,0.2631578947368421,False,False,2014-08,2014-08-01,2014,8,Wahlrecht.de,4.0,5.0,2014-08,2014,8,3.828641396489095,-0.6001019846954155,2014-08-01
2014-09,2014-09,2014-09-01,2014,9,historical_manual_wahlrecht,manual_wahlrecht_historical_supplement,Pre-DAWUM historical supplement for Cologne-period descriptive diagnostics.,7.4,7.0,1.1401754250991383,5,3,2014-09-04 00:00:00,2014-09-26 00:00:00,-0.9888023329083,217,217,5.384495062789089,0.24359464150800325,0.20459123626538958,89,0.41013824884792627,80,80,0.3686635944700461,False,True,2014-09,2014-09-01,2014,9,Wahlrecht.de,6.0,9.0,2014-09,2014,9,4.394449154672439,1.2690120121311492,2014-09-01
2014-10,2014-10,2014-10-01,2014,10,historical_manual_wahlrecht,manual_wahlrecht_historical_supplement,Pre-DAWUM historical supplement for Cologne-period descriptive diagnostics.,7.6,7.0,0.8944271909999159,5,3,2014-10-02 00:00:00,2014-10-24 00:00:00,-0.9517768805132623,268,268,5.594711379601839,0.5797679230062988,0.5364748922574721,50,0.1865671641791045,45,45,0.16791044776119404,False,False,2014-10,2014-10-01,2014,10,Wahlrecht.de,7.0,9.0,2014-10,2014,10,3.828641396489095,-0.6001019846954155,2014-10-01
2014-11,2014-11,2014-11-01,2014,11,historical_manual_wahlrecht,manual_wahlrecht_historical_supplement,Pre-DAWUM historical supplement for Cologne-period descriptive diagnostics.,6.4,6.0,0.5477225575051663,5,3,2014-11-06 00:00:00,2014-11-28 00:00:00,-1.1739295948834891,188,188,5.241747015059643,0.05243728536191362,0.015873078936558295,95,0.5053191489361702,84,84,0.44680851063829785,False,True,2014-11,2014-11-01,2014,11,Wahlrecht.de,6.0,7.0,2014-11,2014,11,4.442651256490317,1.4826250403398995,2014-11-01
2014-12,2014-12,2014-12-01,2014,12,historical_manual_wahlrecht,manual_wahlrecht_historical_supplement,Pre-DAWUM historical supplement for Cologne-period descriptive diagnostics.,6.5,6.5,0.5773502691896257,4,3,2014-12-04 00:00:00,2014-12-19 00:00:00,-1.1554168686859703,221,221,5.402677381872279,0.2699611733902225,0.23062132693143528,50,0.22624434389140272,47,47,0.21266968325791855,False,False,2014-12,2014-12-01,2014,12,Wahlrecht.de,6.0,7.0,2014-12,2014,12,3.871201010907891,-0.4932954705910404,2014-12-01
2015-01,2015-01,2015-01-01,2015,1,historical_manual_wahlrecht,manual_wahlrecht_historical_supplement,Pre-DAWUM historical supplement for Cologne-period descriptive diagnostics.,6.0,6.0,0.0,5,3,2015-01-08 00:00:00,2015-01-30 00:00:00,-1.2479804996735646,221,221,5.402677381872279,0.2699611733902225,0.23062132693143528,50,0.22624434389140272,47,47,0.21266968325791855,False,False,2015-01,2015-01-01,2015,1,Wahlrecht.de,6.0,6.0,2015-01,2015,1,3.871201010907891,-0.4932954705910404,2015-01-01
2015-02,2015-02,2015-02-01,2015,2,historical_manual_wahlrecht,manual_wahlrecht_historical_supplement,Pre-DAWUM historical supplement for Cologne-period descriptive diagnostics.,6.5,6.5,0.5773502691896257,4,3,2015-02-05 00:00:00,2015-02-27 00:00:00,-1.1554168686859703,215,215,5.375278407684165,0.23041137556689362,0.19157619093236672,50,0.23255813953488372,46,46,0.21395348837209302,False,False,2015-02,2015-02-01,2015,2,Wahlrecht.de,6.0,7.0,2015-02,2015,2,3.8501476017100584,-0.5466987276432279,2015-02-01
2015-03,2015-03,2015-03-01,2015,3,historical_manual_wahlrecht,manual_wahlrecht_historical_supplement,Pre-DAWUM historical supplement for Cologne-period descriptive diagnostics.,5.8,6.0,0.4472135954999579,5,3,2015-03-05 00:00:00,2015-03-27 00:00:00,-1.2850059520686026,202,202,5.313205979041787,0.14472014694968102,0.10697839626771823,50,0.24752475247524752,48,48,0.2376237623762376,False,False,2015-03,2015-03-01,2015,3,Wahlrecht.de,5.0,6.0,2015-03,2015,3,3.8918202981106265,-0.4398922135388528,2015-03-01
2015-04,2015-04,2015-04-01,2015,4,historical_manual_wahlrecht,manual_wahlrecht_historical_supplement,Pre-DAWUM historical supplement for Cologne-period descriptive diagnostics.,5.75,6.0,0.4999999999999999,4,3,2015-04-02 00:00:00,2015-04-24 00:00:00,-1.294262315167362,269,269,5.598421958998375,0.5863595559768536,0.5429824149239836,50,0.18587360594795538,45,45,0.16728624535315986,False,False,2015-04,2015-04-01,2015,4,Wahlrecht.de,5.0,6.0,2015-04,2015,4,3.828641396489095,-0.6001019846954155,2015-04-01
2015-05,2015-05,2015-05-01,2015,5,historical_manual_wahlrecht,manual_wahlrecht_historical_supplement,Pre-DAWUM historical supplement for Cologne-period descriptive diagnostics.,5.25,5.0,0.4999999999999999,4,3,2015-05-07 00:00:00,2015-05-22 00:00:00,-1.3868259461549566,257,257,5.552959584921617,0.5072599603301958,0.4648921429258465,91,0.3540856031128405,83,83,0.3229571984435798,False,True,2015-05,2015-05-01,2015,5,Wahlrecht.de,5.0,6.0,2015-05,2015,5,4.430816798843313,1.429221783287712,2015-05-01
2015-06,2015-06,2015-06-01,2015,6,historical_manual_wahlrecht,manual_wahlrecht_historical_supplement,Pre-DAWUM historical supplement for Cologne-period descriptive diagnostics.,4.5,4.5,0.5773502691896257,4,3,2015-06-03 00:00:00,2015-06-25 00:00:00,-1.5256713926363483,256,256,5.54907608489522,0.5006683273596411,0.4583846202593351,96,0.375,84,84,0.328125,False,True,2015-06,2015-06-01,2015,6,Wahlrecht.de,4.0,5.0,2015-06,2015,6,4.442651256490317,1.4826250403398995,2015-06-01
2015-07,2015-07,2015-07-01,2015,7,historical_manual_wahlrecht,manual_wahlrecht_historical_supplement,Pre-DAWUM historical supplement for Cologne-period descriptive diagnostics.,4.166666666666667,4.0,0.408248290463863,6,3,2015-07-02 00:00:00,2015-07-30 00:00:00,-1.5873804799614115,438,438,6.0844994130751715,1.700345528000617,1.6427537455644141,90,0.2054794520547945,78,78,0.1780821917808219,False,True,2015-07,2015-07-01,2015,7,Wahlrecht.de,4.0,5.0,2015-07,2015,7,4.3694478524670215,1.1622054980267742,2015-07-01
2015-08,2015-08,2015-08-01,2015,8,historical_manual_wahlrecht,manual_wahlrecht_historical_supplement,Pre-DAWUM historical supplement for Cologne-period descriptive diagnostics.,3.3333333333333335,3.0,0.5773502691896258,3,3,2015-08-14 00:00:00,2015-08-27 00:00:00,-1.7416531982740688,687,687,6.5337888379333435,3.341662137668766,3.2631268895257586,100,0.14556040756914118,88,88,0.12809315866084425,False,True,2015-08,2015-08-01,2015,8,Wahlrecht.de,3.0,4.0,2015-08,2015,8,4.48863636973214,1.6962380685486498,2015-08-01
2015-09,2015-09,2015-09-01,2015,9,historical_manual_wahlrecht,manual_wahlrecht_historical_supplement,Pre-DAWUM historical supplement for Cologne-period descriptive diagnostics.,4.2,4.0,0.44721359549995787,5,3,2015-09-03 00:00:00,2015-09-25 00:00:00,-1.5812095712289047,1007,1007,6.915723448631314,5.450984688246307,5.345534142809414,96,0.09533267130089375,86,86,0.08540218470705065,False,True,2015-09,2015-09-01,2015,9,Wahlrecht.de,4.0,5.0,2015-09,2015,9,4.465908118654584,1.5894315544442748,2015-09-01
2015-10,2015-10,2015-10-01,2015,10,historical_manual_wahlrecht,manual_wahlrecht_historical_supplement,Pre-DAWUM historical supplement for Cologne-period descriptive diagnostics.,6.2,6.0,1.0954451150103321,5,3,2015-10-01 00:00:00,2015-10-23 00:00:00,-1.2109550472785269,891,891,6.79346613258001,4.686355263661948,4.590661513494089,100,0.1122334455667789,85,85,0.09539842873176206,False,True,2015-10,2015-10-01,2015,10,Wahlrecht.de,5.0,8.0,2015-10,2015,10,4.454347296253507,1.5360282973920871,2015-10-01
2015-11,2015-11,2015-11-01,2015,11,historical_manual_wahlrecht,manual_wahlrecht_historical_supplement,Pre-DAWUM historical supplement for Cologne-period descriptive diagnostics.,8.6,9.0,0.547722557505166,5,3,2015-11-05 00:00:00,2015-11-27 00:00:00,-0.7666496185380732,665,665,6.501289670540389,3.19664621231656,3.1199613908625072,97,0.14586466165413534,90,90,0.13533834586466165,False,True,2015-11,2015-11-01,2015,11,Wahlrecht.de,8.0,9.0,2015-11,2015,11,4.51085950651685,1.803044582653025,2015-11-01
2015-12,2015-12,2015-12-01,2015,12,historical_manual_wahlrecht,manual_wahlrecht_historical_supplement,Pre-DAWUM historical supplement for Cologne-period descriptive diagnostics.,9.666666666666666,10.0,0.5773502691896258,3,2,2015-12-03 00:00:00,2015-12-18 00:00:00,-0.5691805390978717,581,581,6.366470447731438,2.642949042789956,2.5733294868755476,97,0.16695352839931152,91,91,0.1566265060240964,False,True,2015-12,2015-12-01,2015,12,Wahlrecht.de,9.0,10.0,2015-12,2015,12,4.5217885770490405,1.8564478397052127,2015-12-01
2016-01,2016-01,2016-01-01,2016,1,historical_manual_wahlrecht,manual_wahlrecht_historical_supplement,Pre-DAWUM historical supplement for Cologne-period descriptive diagnostics.,10.0,10.0,0.9999999999999998,5,3,2016-01-04 00:00:00,2016-01-29 00:00:00,-0.5074714517728085,766,766,6.642486801367256,3.862401142342596,3.777221180180161,94,0.1227154046997389,79,79,0.1031331592689295,False,True,2016-01,2016-01-01,2016,1,Wahlrecht.de,9.0,11.0,2016-01,2016,1,4.382026634673881,1.2156087550789618,2016-01-01
2016-02,2016-02,2016-02-01,2016,2,historical_manual_wahlrecht,manual_wahlrecht_historical_supplement,Pre-DAWUM historical supplement for Cologne-period descriptive diagnostics.,10.8,11.0,0.8366600265340756,5,3,2016-02-03 00:00:00,2016-02-29 00:00:00,-0.35936964219265716,659,659,6.492239835020471,3.157096414493231,3.0809162548634386,96,0.1456752655538695,85,85,0.12898330804248861,False,True,2016-02,2016-02-01,2016,2,Wahlrecht.de,10.0,12.0,2016-02,2016,2,4.454347296253507,1.5360282973920871,2016-02-01
2016-03,2016-03,2016-03-01,2016,3,historical_manual_wahlrecht,manual_wahlrecht_historical_supplement,Pre-DAWUM historical supplement for Cologne-period descriptive diagnostics.,13.0,13.0,1.0,3,3,2016-03-17 00:00:00,2016-03-24 00:00:00,0.04791033415275862,496,496,6.208590026096629,2.0826602402927965,2.0201900602220766,97,0.19556451612903225,87,87,0.17540322580645162,False,True,2016-03,2016-03-01,2016,3,Wahlrecht.de,12.0,14.0,2016-03,2016,3,4.477336814478207,1.6428348114964624,2016-03-01
2016-04,2016-04,2016-04-01,2016,4,historical_manual_wahlrecht,manual_wahlrecht_historical_supplement,Pre-DAWUM historical supplement for Cologne-period descriptive diagnostics.,12.6,12.0,1.3416407864998738,5,3,2016-04-07 00:00:00,2016-04-22 00:00:00,-0.026140570637317066,383,383,5.950642552587727,1.3378057146201026,1.284839998906286,50,0.13054830287206268,48,48,0.12532637075718014,False,False,2016-04,2016-04-01,2016,4,Wahlrecht.de,11.0,14.0,2016-04,2016,4,3.8918202981106265,-0.4398922135388528,2016-04-01
2016-05,2016-05,2016-05-01,2016,5,historical_manual_wahlrecht,manual_wahlrecht_historical_supplement,Pre-DAWUM historical supplement for Cologne-period descriptive diagnostics.,14.333333333333334,15.0,1.1547005383792515,3,2,2016-05-04 00:00:00,2016-05-20 00:00:00,0.2947466834530108,260,260,5.564520407322694,0.5270348592418602,0.4844147109253808,50,0.19230769230769232,47,47,0.18076923076923077,False,False,2016-05,2016-05-01,2016,5,Wahlrecht.de,13.0,15.0,2016-05,2016,5,3.871201010907891,-0.4932954705910404,2016-05-01
2016-06,2016-06,2016-06-01,2016,6,historical_manual_wahlrecht,manual_wahlrecht_historical_supplement,Pre-DAWUM historical supplement for Cologne-period descriptive diagnostics.,13.4,13.0,1.140175425099138,5,3,2016-06-02 00:00:00,2016-06-24 00:00:00,0.1219612389428343,269,269,5.598421958998375,0.5863595559768536,0.5429824149239836,50,0.18587360594795538,44,44,0.16356877323420074,False,False,2016-06,2016-06-01,2016,6,Wahlrecht.de,12.0,15.0,2016-06,2016,6,3.8066624897703196,-0.653505241747603,2016-06-01
2016-07,2016-07,2016-07-01,2016,7,historical_manual_wahlrecht,manual_wahlrecht_historical_supplement,Pre-DAWUM historical supplement for Cologne-period descriptive diagnostics.,11.0,11.0,1.224744871391589,5,3,2016-07-07 00:00:00,2016-07-22 00:00:00,-0.3223441897976195,334,334,5.814130531825066,1.0148156990629165,0.9659713882472262,50,0.1497005988023952,46,46,0.1377245508982036,False,False,2016-07,2016-07-01,2016,7,Wahlrecht.de,9.0,12.0,2016-07,2016,7,3.8501476017100584,-0.5466987276432279,2016-07-01
2016-08,2016-08,2016-08-01,2016,8,historical_manual_wahlrecht,manual_wahlrecht_historical_supplement,Pre-DAWUM historical supplement for Cologne-period descriptive diagnostics.,12.0,12.0,1.0,3,2,2016-08-04 00:00:00,2016-08-26 00:00:00,-0.13721692782243042,338,338,5.82600010738045,1.0411822309451357,0.9920014789132718,50,0.14792899408284024,44,44,0.1301775147928994,False,False,2016-08,2016-08-01,2016,8,Wahlrecht.de,11.0,13.0,2016-08,2016,8,3.8066624897703196,-0.653505241747603,2016-08-01
2016-09,2016-09,2016-09-01,2016,9,historical_manual_wahlrecht,manual_wahlrecht_historical_supplement,Pre-DAWUM historical supplement for Cologne-period descriptive diagnostics.,14.0,13.5,1.414213562373095,4,3,2016-09-01 00:00:00,2016-09-23 00:00:00,0.23303759612794767,381,381,5.945420608606575,1.3246224486789928,1.271824953573263,50,0.13123359580052493,46,46,0.12073490813648294,False,False,2016-09,2016-09-01,2016,9,Wahlrecht.de,13.0,16.0,2016-09,2016,9,3.8501476017100584,-0.5466987276432279,2016-09-01
2016-10,2016-10,2016-10-01,2016,10,historical_manual_wahlrecht,manual_wahlrecht_historical_supplement,Pre-DAWUM historical supplement for Cologne-period descriptive diagnostics.,13.2,13.0,0.8366600265340753,5,3,2016-10-06 00:00:00,2016-10-28 00:00:00,0.0849357865477963,299,299,5.703782474656201,0.784108545093498,0.7382080949193263,50,0.16722408026755853,45,45,0.1505016722408027,False,False,2016-10,2016-10-01,2016,10,Wahlrecht.de,12.0,14.0,2016-10,2016,10,3.828641396489095,-0.6001019846954155,2016-10-01
2016-11,2016-11,2016-11-01,2016,11,historical_manual_wahlrecht,manual_wahlrecht_historical_supplement,Pre-DAWUM historical supplement for Cologne-period descriptive diagnostics.,12.4,12.0,0.5477225575051662,5,3,2016-11-03 00:00:00,2016-11-25 00:00:00,-0.06316602303235475,243,243,5.497168225293202,0.41497709874242844,0.37378682559468657,50,0.205761316872428,49,49,0.20164609053497942,False,False,2016-11,2016-11-01,2016,11,Wahlrecht.de,12.0,13.0,2016-11,2016,11,3.912023005428146,-0.38648895648666526,2016-11-01
2016-12,2016-12,2016-12-01,2016,12,historical_manual_wahlrecht,manual_wahlrecht_historical_supplement,Pre-DAWUM historical supplement for Cologne-period descriptive diagnostics.,12.666666666666666,13.0,0.5773502691896258,3,2,2016-12-08 00:00:00,2016-12-16 00:00:00,-0.013798753172304506,326,326,5.7899601708972535,0.962082635298478,0.9139112069151347,50,0.15337423312883436,47,47,0.1441717791411043,False,False,2016-12,2016-12-01,2016,12,Wahlrecht.de,12.0,13.0,2016-12,2016,12,3.871201010907891,-0.4932954705910404,2016-12-01
2017-01,2017-01,2017-01-01,2017,1,dawum,dawum_api_processed_monthly,DAWUM monthly Bundestag AfD polling series,12.186666666666667,12.0,1.1394652045503426,15,7,2017-01-11 00:00:00,2017-01-31 12:00:00,-0.102659838920395,255,255,5.545177444479562,0.4940766943890862,0.4518770975928237,50,0.19607843137254902,43,43,0.16862745098039217,False,False,2017-01,2017-01-01,2017,1,DAWUM,11.0,14.5,2017-01,2017,1,3.784189633918261,-0.7069084987997907,2017-01-01
2017-02,2017-02,2017-02-01,2017,2,dawum,dawum_api_processed_monthly,DAWUM monthly Bundestag AfD polling series,10.356521739130434,10.0,1.3747152058638188,23,10,2017-02-01 00:00:00,2017-02-26 12:00:00,-0.44146955837295865,239,239,5.480638923341991,0.3886105668602092,0.3477567349286409,50,0.20920502092050208,45,45,0.18828451882845187,False,False,2017-02,2017-02-01,2017,2,DAWUM,8.0,13.0,2017-02,2017,2,3.828641396489095,-0.6001019846954155,2017-02-01
2017-03,2017-03,2017-03-01,2017,3,dawum,dawum_api_processed_monthly,DAWUM monthly Bundestag AfD polling series,9.529166666666667,9.2,1.408508050220598,24,9,2017-03-01 00:00:00,2017-03-29 00:00:00,-0.59463553761946,239,239,5.480638923341991,0.3886105668602092,0.3477567349286409,50,0.20920502092050208,45,45,0.18828451882845187,False,False,2017-03,2017-03-01,2017,3,DAWUM,7.0,11.5,2017-03,2017,3,3.828641396489095,-0.6001019846954155,2017-03-01
2017-04,2017-04,2017-04-01,2017,4,dawum,dawum_api_processed_monthly,DAWUM monthly Bundestag AfD polling series,9.064285714285715,9.0,0.834982495143321,28,9,2017-04-01 00:00:00,2017-04-30 00:00:00,-0.6806976754781638,179,179,5.19295685089021,-0.006887411373079715,-0.042694625062044515,50,0.27932960893854747,42,42,0.2346368715083799,False,False,2017-04,2017-04-01,2017,4,DAWUM,7.0,11.0,2017-04,2017,4,3.7612001156935624,-0.7603117558519782,2017-04-01
2017-05,2017-05,2017-05-01,2017,5,dawum,dawum_api_processed_monthly,DAWUM monthly Bundestag AfD polling series,8.258620689655173,8.0,0.9310198867675447,29,10,2017-05-01 12:00:00,2017-05-31 00:00:00,-0.8298482355571895,171,171,5.147494476813453,-0.05962047513751823,-0.0947548063941359,50,0.29239766081871343,46,46,0.26900584795321636,False,False,2017-05,2017-05-01,2017,5,DAWUM,7.0,10.0,2017-05,2017,5,3.8501476017100584,-0.5466987276432279,2017-05-01
2017-06,2017-06,2017-06-01,2017,6,dawum,dawum_api_processed_monthly,DAWUM monthly Bundestag AfD polling series,7.896,8.0,0.80802227692063,25,9,2017-06-02 12:00:00,2017-06-30 12:00:00,-0.8969792109686063,203,203,5.318119993844216,0.15131177992023584,0.11348591893422964,50,0.24630541871921183,41,41,0.2019704433497537,False,False,2017-06,2017-06-01,2017,6,DAWUM,6.5,9.0,2017-06,2017,6,3.7376696182833684,-0.8137150129041658,2017-06-01
2017-07,2017-07,2017-07-01,2017,7,dawum,dawum_api_processed_monthly,DAWUM monthly Bundestag AfD polling series,8.132142857142856,8.0,0.8654065931275144,28,10,2017-07-01 12:00:00,2017-07-30 00:00:00,-0.8532627303907511,188,188,5.241747015059643,0.05243728536191362,0.015873078936558295,50,0.26595744680851063,48,48,0.2553191489361702,False,False,2017-07,2017-07-01,2017,7,DAWUM,7.0,10.0,2017-07,2017,7,3.8918202981106265,-0.4398922135388528,2017-07-01
2017-08,2017-08,2017-08-01,2017,8,dawum,dawum_api_processed_monthly,DAWUM monthly Bundestag AfD polling series,8.687096774193549,8.7,1.0088745992387986,31,10,2017-08-02 00:00:00,2017-08-30 00:00:00,-0.7505256312047502,230,230,5.442417710521793,0.3292858701252158,0.28918903093003806,50,0.21739130434782608,45,45,0.1956521739130435,False,False,2017-08,2017-08-01,2017,8,DAWUM,7.0,11.0,2017-08,2017,8,3.828641396489095,-0.6001019846954155,2017-08-01
2017-09,2017-09,2017-09-01,2017,9,dawum,dawum_api_processed_monthly,DAWUM monthly Bundestag AfD polling series,10.45625,10.75,1.299860414342322,32,10,2017-09-01 12:00:00,2017-09-27 12:00:00,-0.4230071384966284,183,183,5.214935757608986,0.019479120509139542,-0.016664534395998822,50,0.273224043715847,45,45,0.2459016393442623,False,False,2017-09,2017-09-01,2017,9,DAWUM,8.0,13.0,2017-09,2017,9,3.828641396489095,-0.6001019846954155,2017-09-01
2017-10,2017-10,2017-10-01,2017,10,dawum,dawum_api_processed_monthly,DAWUM monthly Bundestag AfD polling series,12.105263157894736,12.0,0.6578362547106202,19,7,2017-10-01 00:00:00,2017-10-28 00:00:00,-0.1177298476145159,142,142,4.962844630259907,-0.25077783128360787,-0.2834729637229672,50,0.352112676056338,43,43,0.3028169014084507,False,False,2017-10,2017-10-01,2017,10,DAWUM,11.0,13.0,2017-10,2017,10,3.784189633918261,-0.7069084987997907,2017-10-01
2017-11,2017-11,2017-11-01,2017,11,dawum,dawum_api_processed_monthly,DAWUM monthly Bundestag AfD polling series,12.245833333333332,12.0,1.1317470783153643,24,9,2017-11-01 00:00:00,2017-11-29 12:00:00,-0.09170647592019673,164,164,5.10594547390058,-0.10576190593140193,-0.14030746505971586,50,0.3048780487804878,45,45,0.27439024390243905,False,False,2017-11,2017-11-01,2017,11,DAWUM,10.0,14.0,2017-11,2017,11,3.828641396489095,-0.6001019846954155,2017-11-01
2017-12,2017-12,2017-12-01,2017,12,dawum,dawum_api_processed_monthly,DAWUM monthly Bundestag AfD polling series,12.615,13.0,0.9847655344774897,20,9,2017-12-02 12:00:00,2017-12-31 00:00:00,-0.023363661707689123,159,159,5.075173815233827,-0.138720070784176,-0.17284507839227298,50,0.31446540880503143,45,45,0.2830188679245283,False,False,2017-12,2017-12-01,2017,12,DAWUM,11.0,14.5,2017-12,2017,12,3.828641396489095,-0.6001019846954155,2017-12-01
2018-01,2018-01,2018-01-01,2018,1,dawum,dawum_api_processed_monthly,DAWUM monthly Bundestag AfD polling series,12.75,13.0,1.0883583093466094,22,7,2018-01-02 12:00:00,2018-01-31 00:00:00,0.0016285186589613569,226,226,5.424950017481403,0.30291933824299655,0.2631589402639924,50,0.22123893805309736,45,45,0.19911504424778761,False,False,2018-01,2018-01-01,2018,1,DAWUM,10.0,14.0,2018-01,2018,1,3.828641396489095,-0.6001019846954155,2018-01-01
2018-02,2018-02,2018-02-01,2018,2,dawum,dawum_api_processed_monthly,DAWUM monthly Bundestag AfD polling series,14.131818181818181,14.0,1.2194402945756024,22,9,2018-02-03 12:00:00,2018-02-28 00:00:00,0.25744073520649513,124,124,4.8283137373023015,-0.3694272247535945,-0.40060837172017283,50,0.4032258064516129,44,44,0.3548387096774194,False,False,2018-02,2018-02-01,2018,2,DAWUM,12.0,16.0,2018-02,2018,2,3.8066624897703196,-0.653505241747603,2018-02-01
2018-03,2018-03,2018-03-01,2018,3,dawum,dawum_api_processed_monthly,DAWUM monthly Bundestag AfD polling series,13.757142857142856,13.0,1.1395487828835715,21,10,2018-03-04 00:00:00,2018-03-30 00:00:00,0.1880781182196873,160,160,5.081404364984463,-0.13212843781362119,-0.16633755572576156,97,0.60625,81,81,0.50625,False,True,2018-03,2018-03-01,2018,3,DAWUM,12.0,15.4,2018-03,2018,3,4.406719247264253,1.3224152691833369,2018-03-01
2018-04,2018-04,2018-04-01,2018,4,dawum,dawum_api_processed_monthly,DAWUM monthly Bundestag AfD polling series,13.675,13.5,1.2489469248341305,20,8,2018-04-01 12:00:00,2018-04-29 00:00:00,0.17287123598601137,164,164,5.10594547390058,-0.10576190593140193,-0.14030746505971586,95,0.5792682926829268,83,83,0.5060975609756098,False,True,2018-04,2018-04-01,2018,4,DAWUM,12.0,15.5,2018-04,2018,4,4.430816798843313,1.429221783287712,2018-04-01
2018-05,2018-05,2018-05-01,2018,5,dawum,dawum_api_processed_monthly,DAWUM monthly Bundestag AfD polling series,14.184999999999999,14.0,1.1922005306420385,20,9,2018-05-01 00:00:00,2018-05-30 00:00:00,0.2672861395933574,212,212,5.3612921657094255,0.21063647665522917,0.17205362293283247,50,0.2358490566037736,44,44,0.20754716981132076,False,False,2018-05,2018-05-01,2018,5,DAWUM,11.5,16.0,2018-05,2018,5,3.8066624897703196,-0.653505241747603,2018-05-01
2018-06,2018-06,2018-06-01,2018,6,dawum,dawum_api_processed_monthly,DAWUM monthly Bundestag AfD polling series,14.930000000000001,15.0,1.1553536710735626,20,8,2018-06-02 12:00:00,2018-06-30 12:00:00,0.40520594976487373,295,295,5.69035945432406,0.7577420132112788,0.7121780042532806,98,0.33220338983050846,84,84,0.2847457627118644,False,True,2018-06,2018-06-01,2018,6,DAWUM,13.0,16.5,2018-06,2018,6,4.442651256490317,1.4826250403398995,2018-06-01
2018-07,2018-07,2018-07-01,2018,7,dawum,dawum_api_processed_monthly,DAWUM monthly Bundestag AfD polling series,16.095238095238095,16.0,1.067930798542766,21,8,2018-07-01 00:00:00,2018-07-31 00:00:00,0.6209232878854866,225,225,5.420534999272286,0.2963277052724418,0.25665141759748095,50,0.2222222222222222,45,45,0.2,False,False,2018-07,2018-07-01,2018,7,DAWUM,14.0,17.5,2018-07,2018,7,3.828641396489095,-0.6001019846954155,2018-07-01
2018-08,2018-08,2018-08-01,2018,8,dawum,dawum_api_processed_monthly,DAWUM monthly Bundestag AfD polling series,15.463157894736844,15.8,1.2486483920694185,19,8,2018-08-01 00:00:00,2018-08-29 00:00:00,0.5039080110179613,209,209,5.3471075307174685,0.19086157774356471,0.1525310549332982,98,0.4688995215311005,82,82,0.3923444976076555,False,True,2018-08,2018-08-01,2018,8,DAWUM,14.0,17.0,2018-08,2018,8,4.418840607796598,1.3758185262355245,2018-08-01
2018-09,2018-09,2018-09-01,2018,9,dawum,dawum_api_processed_monthly,DAWUM monthly Bundestag AfD polling series,16.244,16.0,1.438193311067743,25,9,2018-09-01 12:00:00,2018-09-29 12:00:00,0.6484631720002718,125,125,4.836281906951478,-0.3628355917830397,-0.3941008490536614,50,0.4,45,45,0.36,False,False,2018-09,2018-09-01,2018,9,DAWUM,13.0,18.5,2018-09,2018,9,3.828641396489095,-0.6001019846954155,2018-09-01
2018-10,2018-10,2018-10-01,2018,10,dawum,dawum_api_processed_monthly,DAWUM monthly Bundestag AfD polling series,15.657894736842104,16.0,1.434230645279778,19,8,2018-10-03 00:00:00,2018-10-31 12:00:00,0.539959109402603,157,157,5.062595033026967,-0.15190333672528564,-0.18586012372529584,94,0.5987261146496815,64,64,0.40764331210191085,False,True,2018-10,2018-10-01,2018,10,DAWUM,13.0,18.0,2018-10,2018,10,4.174387269895637,0.4145598992961483,2018-10-01
2018-11,2018-11,2018-11-01,2018,11,dawum,dawum_api_processed_monthly,DAWUM monthly Bundestag AfD polling series,14.645,15.0,1.2415927800929525,20,8,2018-11-01 12:00:00,2018-11-28 12:00:00,0.3524446801019445,349,349,5.857933154483459,1.1136901936212389,1.0635842282448975,90,0.25787965616045844,40,40,0.11461318051575932,False,True,2018-11,2018-11-01,2018,11,DAWUM,12.0,16.5,2018-11,2018,11,3.713572066704308,-0.8671182699563533,2018-11-01
2018-12,2018-12,2018-12-01,2018,12,dawum,dawum_api_processed_monthly,DAWUM monthly Bundestag AfD polling series,14.058823529411764,14.0,1.0289915108550531,17,8,2018-12-01 12:00:00,2018-12-24 00:00:00,0.24392743506766462,183,183,5.214935757608986,0.019479120509139542,-0.016664534395998822,98,0.5355191256830601,48,48,0.26229508196721313,False,True,2018-12,2018-12-01,2018,12,DAWUM,12.0,16.0,2018-12,2018,12,3.8918202981106265,-0.4398922135388528,2018-12-01
2019-01,2019-01,2019-01-01,2019,1,dawum,dawum_api_processed_monthly,DAWUM monthly Bundestag AfD polling series,13.568181818181818,14.0,1.2372728704065872,22,9,2019-01-02 12:00:00,2019-01-30 00:00:00,0.15309627845684334,293,293,5.683579767338681,0.7445587472701691,0.6991629589202578,150,0.5119453924914675,42,42,0.14334470989761092,False,True,2019-01,2019-01-01,2019,1,DAWUM,11.0,16.0,2019-01,2019,1,3.7612001156935624,-0.7603117558519782,2019-01-01
2019-02,2019-02,2019-02-01,2019,2,dawum,dawum_api_processed_monthly,DAWUM monthly Bundestag AfD polling series,13.004545454545456,13.0,0.9296580388853037,22,9,2019-02-02 12:00:00,2019-02-28 00:00:00,0.048751821707191514,97,97,4.584967478670572,-0.5474013149585745,-0.5763114837159813,95,0.979381443298969,75,75,0.7731958762886598,False,True,2019-02,2019-02-01,2019,2,DAWUM,11.0,14.5,2019-02,2019,2,4.330733340286331,1.0019957268702115,2019-02-01
2019-03,2019-03,2019-03-01,2019,3,dawum,dawum_api_processed_monthly,DAWUM monthly Bundestag AfD polling series,12.8,13.0,0.9787209698591857,20,8,2019-03-03 00:00:00,2019-03-31 00:00:00,0.01088488175772094,118,118,4.77912349311153,-0.4089770225769234,-0.43965350771924133,99,0.8389830508474576,76,76,0.6440677966101694,False,True,2019-03,2019-03-01,2019,3,DAWUM,11.0,14.5,2019-03,2019,3,4.343805421853684,1.055398983922399,2019-03-01
2019-04,2019-04,2019-04-01,2019,4,dawum,dawum_api_processed_monthly,DAWUM monthly Bundestag AfD polling series,12.936842105263159,13.0,0.7174108743064183,19,8,2019-04-02 00:00:00,2019-04-29 12:00:00,0.036218086028009966,97,97,4.584967478670572,-0.5474013149585745,-0.5763114837159813,94,0.9690721649484536,78,78,0.8041237113402062,False,True,2019-04,2019-04-01,2019,4,DAWUM,12.0,14.0,2019-04,2019,4,4.3694478524670215,1.1622054980267742,2019-04-01
2019-05,2019-05,2019-05-01,2019,5,dawum,dawum_api_processed_monthly,DAWUM monthly Bundestag AfD polling series,13.088235294117647,13.0,0.7548860451594469,17,7,2019-05-01 00:00:00,2019-05-29 00:00:00,0.06424509256233406,66,66,4.204692619390966,-0.7517419370457737,-0.7780446863778354,64,0.9696969696969697,54,54,0.8181818181818182,False,True,2019-05,2019-05-01,2019,5,DAWUM,11.0,14.0,2019-05,2019,5,4.007333185232471,-0.11947267122572741,2019-05-01
2019-06,2019-06,2019-06-01,2019,6,dawum,dawum_api_processed_monthly,DAWUM monthly Bundestag AfD polling series,12.918181818181818,13.0,0.8421267655035614,22,9,2019-06-01 12:00:00,2019-06-30 00:00:00,0.032763558172970386,74,74,4.31748811353631,-0.6990088732813352,-0.725984505045744,73,0.9864864864864865,57,57,0.7702702702702703,False,True,2019-06,2019-06-01,2019,6,DAWUM,10.7,14.0,2019-06,2019,6,4.060443010546419,0.04073709993083529,2019-06-01
2019-07,2019-07,2019-07-01,2019,7,dawum,dawum_api_processed_monthly,DAWUM monthly Bundestag AfD polling series,13.085714285714285,13.0,0.9133924207511878,21,9,2019-07-02 00:00:00,2019-07-31 00:00:00,0.06377838517920334,101,101,4.624972813284271,-0.5210347830763553,-0.5502813930499355,50,0.49504950495049505,48,48,0.4752475247524752,False,False,2019-07,2019-07-01,2019,7,DAWUM,11.5,14.5,2019-07,2019,7,3.8918202981106265,-0.4398922135388528,2019-07-01
2019-08,2019-08,2019-08-01,2019,8,dawum,dawum_api_processed_monthly,DAWUM monthly Bundestag AfD polling series,13.78125,14.0,0.9303897032964196,16,6,2019-08-03 12:00:00,2019-08-31 12:00:00,0.19254100757087506,99,99,4.605170185988092,-0.534218049017465,-0.5632964383829584,50,0.5050505050505051,42,42,0.42424242424242425,False,False,2019-08,2019-08-01,2019,8,DAWUM,12.0,15.0,2019-08,2019,8,3.7612001156935624,-0.7603117558519782,2019-08-01
2019-09,2019-09,2019-09-01,2019,9,dawum,dawum_api_processed_monthly,DAWUM monthly Bundestag AfD polling series,14.254545454545456,14.0,1.1261934506609814,22,9,2019-09-01 00:00:00,2019-09-29 00:00:00,0.2801608991761778,104,104,4.653960350157523,-0.5012598841646908,-0.5307588250504013,50,0.4807692307692308,43,43,0.41346153846153844,False,False,2019-09,2019-09-01,2019,9,DAWUM,12.0,16.0,2019-09,2019,9,3.784189633918261,-0.7069084987997907,2019-09-01
2019-10,2019-10,2019-10-01,2019,10,dawum,dawum_api_processed_monthly,DAWUM monthly Bundestag AfD polling series,13.972222222222221,14.0,1.1436811338601824,18,7,2019-10-02 00:00:00,2019-10-30 00:00:00,0.22789517218419228,103,103,4.6443908991413725,-0.5078515171352457,-0.5372663477169127,50,0.4854368932038835,46,46,0.44660194174757284,False,False,2019-10,2019-10-01,2019,10,DAWUM,12.0,16.0,2019-10,2019,10,3.8501476017100584,-0.5466987276432279,2019-10-01
2019-11,2019-11,2019-11-01,2019,11,dawum,dawum_api_processed_monthly,DAWUM monthly Bundestag AfD polling series,14.02608695652174,14.0,0.85398392113049,23,9,2019-11-02 12:00:00,2019-11-30 12:00:00,0.23786700296208307,112,112,4.727387818712341,-0.4485268204002523,-0.4786986437183099,50,0.44642857142857145,46,46,0.4107142857142857,False,False,2019-11,2019-11-01,2019,11,DAWUM,13.0,16.0,2019-11,2019,11,3.8501476017100584,-0.5466987276432279,2019-11-01
2019-12,2019-12,2019-12-01,2019,12,dawum,dawum_api_processed_monthly,DAWUM monthly Bundestag AfD polling series,14.266666666666667,14.0,0.7988086367179801,15,8,2019-12-03 00:00:00,2019-12-30 00:00:00,0.28240486598799824,104,104,4.653960350157523,-0.5012598841646908,-0.5307588250504013,50,0.4807692307692308,41,41,0.3942307692307692,False,False,2019-12,2019-12-01,2019,12,DAWUM,13.0,15.0,2019-12,2019,12,3.7376696182833684,-0.8137150129041658,2019-12-01
2020-01,2020-01,2020-01-01,2020,1,dawum,dawum_api_processed_monthly,DAWUM monthly Bundestag AfD polling series,13.733333333333333,14.0,1.1629191512658792,15,6,2020-01-04 12:00:00,2020-01-29 00:00:00,0.1836703262678971,90,90,4.51085950651685,-0.5935427457524582,-0.6218641423815612,50,0.5555555555555556,41,41,0.45555555555555555,False,False,2020-01,2020-01-01,2020,1,DAWUM,11.0,15.0,2020-01,2020,1,3.7376696182833684,-0.8137150129041658,2020-01-01
2020-02,2020-02,2020-02-01,2020,2,dawum,dawum_api_processed_monthly,DAWUM monthly Bundestag AfD polling series,13.23,14.0,1.6846364592991567,20,8,2020-02-01 12:00:00,2020-02-29 12:00:00,0.09048960440705218,87,87,4.477336814478207,-0.6133176446641226,-0.6413867103810955,50,0.5747126436781609,45,45,0.5172413793103449,False,False,2020-02,2020-02-01,2020,2,DAWUM,10.0,15.0,2020-02,2020,2,3.828641396489095,-0.6001019846954155,2020-02-01
2020-03,2020-03,2020-03-01,2020,3,dawum,dawum_api_processed_monthly,DAWUM monthly Bundestag AfD polling series,11.633333333333335,11.5,1.5947831618540909,21,8,2020-03-01 00:00:00,2020-03-31 00:00:00,-0.2050969238799995,145,145,4.983606621708336,-0.23100293237194341,-0.26395039572343293,50,0.3448275862068966,43,43,0.296551724137931,False,False,2020-03,2020-03-01,2020,3,DAWUM,9.0,14.0,2020-03,2020,3,3.784189633918261,-0.7069084987997907,2020-03-01
2020-04,2020-04,2020-04-01,2020,4,dawum,dawum_api_processed_monthly,DAWUM monthly Bundestag AfD polling series,10.014285714285714,10.0,0.8138093844910581,21,9,2020-04-01 00:00:00,2020-04-28 12:00:00,-0.5048267766017344,92,92,4.532599493153256,-0.5803594798113486,-0.6088490970485384,50,0.5434782608695652,45,45,0.4891304347826087,False,False,2020-04,2020-04-01,2020,4,DAWUM,9.0,12.0,2020-04,2020,4,3.828641396489095,-0.6001019846954155,2020-04-01
2020-05,2020-05,2020-05-01,2020,5,dawum,dawum_api_processed_monthly,DAWUM monthly Bundestag AfD polling series,9.85,10.0,1.0013149249598599,20,7,2020-05-02 12:00:00,2020-05-31 00:00:00,-0.5352405410690869,72,72,4.290459441148391,-0.7121921392224448,-0.7389995503787669,50,0.6944444444444444,44,44,0.6111111111111112,False,False,2020-05,2020-05-01,2020,5,DAWUM,8.0,12.0,2020-05,2020,5,3.8066624897703196,-0.653505241747603,2020-05-01
2020-06,2020-06,2020-06-01,2020,6,dawum,dawum_api_processed_monthly,DAWUM monthly Bundestag AfD polling series,9.642857142857142,10.0,0.8680849201382479,21,9,2020-06-02 12:00:00,2020-06-30 00:00:00,-0.5735883310496619,54,54,4.007333185232471,-0.8308415326924316,-0.8561349583759724,50,0.9259259259259259,43,43,0.7962962962962963,False,False,2020-06,2020-06-01,2020,6,DAWUM,8.0,11.5,2020-06,2020,6,3.784189633918261,-0.7069084987997907,2020-06-01
2020-07,2020-07,2020-07-01,2020,7,dawum,dawum_api_processed_monthly,DAWUM monthly Bundestag AfD polling series,9.944444444444445,10.0,0.9375953110592338,18,7,2020-07-01 00:00:00,2020-07-29 00:00:00,-0.517756299660319,75,75,4.330733340286331,-0.6924172403107804,-0.7194769823792325,50,0.6666666666666666,41,41,0.5466666666666666,False,False,2020-07,2020-07-01,2020,7,DAWUM,8.0,11.0,2020-07,2020,7,3.7376696182833684,-0.8137150129041658,2020-07-01
2020-08,2020-08,2020-08-01,2020,8,dawum,dawum_api_processed_monthly,DAWUM monthly Bundestag AfD polling series,10.285714285714286,11.0,1.0071175275436897,21,7,2020-08-01 12:00:00,2020-08-30 00:00:00,-0.4545779483513258,69,69,4.248495242049359,-0.7319670381341093,-0.7585221183783011,50,0.7246376811594203,42,42,0.6086956521739131,False,False,2020-08,2020-08-01,2020,8,DAWUM,8.0,11.0,2020-08,2020,8,3.7612001156935624,-0.7603117558519782,2020-08-01
2020-09,2020-09,2020-09-01,2020,9,dawum,dawum_api_processed_monthly,DAWUM monthly Bundestag AfD polling series,10.210526315789474,10.0,1.1704200275694499,19,7,2020-09-01 00:00:00,2020-09-30 12:00:00,-0.46849729135697915,178,178,5.187385805840755,-0.01347904434363453,-0.04920214772855594,99,0.5561797752808989,82,82,0.4606741573033708,False,True,2020-09,2020-09-01,2020,9,DAWUM,8.0,12.0,2020-09,2020,9,4.418840607796598,1.3758185262355245,2020-09-01
2020-10,2020-10,2020-10-01,2020,10,dawum,dawum_api_processed_monthly,DAWUM monthly Bundestag AfD polling series,10.31578947368421,10.0,1.043638484605521,19,8,2020-10-03 12:00:00,2020-10-31 12:00:00,-0.4490102111490646,75,75,4.330733340286331,-0.6924172403107804,-0.7194769823792325,50,0.6666666666666666,44,44,0.5866666666666667,False,False,2020-10,2020-10-01,2020,10,DAWUM,9.0,12.0,2020-10,2020,10,3.8066624897703196,-0.653505241747603,2020-10-01
2020-11,2020-11,2020-11-01,2020,11,dawum,dawum_api_processed_monthly,DAWUM monthly Bundestag AfD polling series,9.775,10.0,1.105905201990421,20,8,2020-11-01 00:00:00,2020-11-29 00:00:00,-0.549125085717226,48,48,3.8918202981106265,-0.8703913305157605,-0.895180094375041,48,1.0,45,45,0.9375,False,False,2020-11,2020-11-01,2020,11,DAWUM,7.0,12.0,2020-11,2020,11,3.828641396489095,-0.6001019846954155,2020-11-01
2020-12,2020-12,2020-12-01,2020,12,dawum,dawum_api_processed_monthly,DAWUM monthly Bundestag AfD polling series,9.384615384615385,10.0,0.9607689228305227,13,6,2020-12-01 00:00:00,2020-12-22 00:00:00,-0.6213959206806171,74,74,4.31748811353631,-0.6990088732813352,-0.725984505045744,50,0.6756756756756757,43,43,0.581081081081081,False,False,2020-12,2020-12-01,2020,12,DAWUM,8.0,11.0,2020-12,2020,12,3.784189633918261,-0.7069084987997907,2020-12-01
2021-01,2021-01,2021-01-01,2021,1,dawum,dawum_api_processed_monthly,DAWUM monthly Bundestag AfD polling series,9.571428571428571,10.0,0.8701395618766318,21,8,2021-01-01 00:00:00,2021-01-31 00:00:00,-0.5868117069050325,67,67,4.219507705176107,-0.745150304075219,-0.771537163711324,50,0.746268656716418,43,43,0.6417910447761194,False,False,2021-01,2021-01-01,2021,1,DAWUM,8.0,11.0,2021-01,2021,1,3.784189633918261,-0.7069084987997907,2021-01-01
2021-02,2021-02,2021-02-01,2021,2,dawum,dawum_api_processed_monthly,DAWUM monthly Bundestag AfD polling series,9.710526315789474,10.0,1.0316624861746775,19,9,2021-02-02 00:00:00,2021-02-28 00:00:00,-0.5610609223445736,44,44,3.8066624897703196,-0.8967578623979797,-0.9212101850410866,44,1.0,39,39,0.8863636363636364,False,False,2021-02,2021-02-01,2021,2,DAWUM,8.0,11.0,2021-02,2021,2,3.6888794541139363,-0.920521527008541,2021-02-01
2021-03,2021-03,2021-03-01,2021,3,dawum,dawum_api_processed_monthly,DAWUM monthly Bundestag AfD polling series,10.72,11.0,0.6626965117357015,25,9,2021-03-01 12:00:00,2021-03-31 00:00:00,-0.3741798231506723,51,51,3.9512437185814275,-0.850616431604096,-0.8756575263755068,50,0.9803921568627451,44,44,0.8627450980392157,False,False,2021-03,2021-03-01,2021,3,DAWUM,10.0,12.0,2021-03,2021,3,3.8066624897703196,-0.653505241747603,2021-03-01
2021-04,2021-04,2021-04-01,2021,4,dawum,dawum_api_processed_monthly,DAWUM monthly Bundestag AfD polling series,10.795454545454545,11.0,0.8818148346435337,22,8,2021-04-03 12:00:00,2021-04-30 00:00:00,-0.3602111297470901,75,75,4.330733340286331,-0.6924172403107804,-0.7194769823792325,50,0.6666666666666666,42,42,0.56,False,False,2021-04,2021-04-01,2021,4,DAWUM,9.0,12.0,2021-04,2021,4,3.7612001156935624,-0.7603117558519782,2021-04-01
2021-05,2021-05,2021-05-01,2021,5,dawum,dawum_api_processed_monthly,DAWUM monthly Bundestag AfD polling series,10.85,11.0,0.9572770290489729,30,10,2021-05-01 12:00:00,2021-05-29 12:00:00,-0.3501132790938979,55,55,4.02535169073515,-0.8242498997218768,-0.8496274357094611,55,1.0,41,41,0.7454545454545455,False,True,2021-05,2021-05-01,2021,5,DAWUM,9.0,13.0,2021-05,2021,5,3.7376696182833684,-0.8137150129041658,2021-05-01
2021-06,2021-06,2021-06-01,2021,6,dawum,dawum_api_processed_monthly,DAWUM monthly Bundestag AfD polling series,10.316666666666666,10.25,0.9868386771466973,30,10,2021-06-02 00:00:00,2021-06-30 00:00:00,-0.4488478188139987,57,57,4.060443010546419,-0.8110666337807672,-0.8366123903764382,50,0.8771929824561403,42,42,0.7368421052631579,False,False,2021-06,2021-06-01,2021,6,DAWUM,9.0,12.0,2021-06,2021,6,3.7612001156935624,-0.7603117558519782,2021-06-01
2021-07,2021-07,2021-07-01,2021,7,dawum,dawum_api_processed_monthly,DAWUM monthly Bundestag AfD polling series,10.596774193548388,11.0,0.7683245282074244,31,10,2021-07-02 00:00:00,2021-07-31 12:00:00,-0.3969922793037439,75,75,4.330733340286331,-0.6924172403107804,-0.7194769823792325,50,0.6666666666666666,43,43,0.5733333333333334,False,False,2021-07,2021-07-01,2021,7,DAWUM,9.0,12.0,2021-07,2021,7,3.784189633918261,-0.7069084987997907,2021-07-01
2021-08,2021-08,2021-08-01,2021,8,dawum,dawum_api_processed_monthly,DAWUM monthly Bundestag AfD polling series,11.014705882352942,11.0,0.5965214075465518,34,11,2021-08-03 00:00:00,2021-08-31 12:00:00,-0.31962173006269007,115,115,4.7535901911063645,-0.4287519214885879,-0.4591760757187756,50,0.43478260869565216,42,42,0.3652173913043478,False,False,2021-08,2021-08-01,2021,8,DAWUM,10.0,12.0,2021-08,2021,8,3.7612001156935624,-0.7603117558519782,2021-08-01
2021-09,2021-09,2021-09-01,2021,9,dawum,dawum_api_processed_monthly,DAWUM monthly Bundestag AfD polling series,10.907894736842104,11.0,0.6561071018978082,38,12,2021-09-01 00:00:00,2021-09-30 12:00:00,-0.3393953849795449,75,75,4.330733340286331,-0.6924172403107804,-0.7194769823792325,75,1.0,63,63,0.84,False,True,2021-09,2021-09-01,2021,9,DAWUM,9.0,12.0,2021-09,2021,9,4.1588830833596715,0.3611566422439607,2021-09-01
2021-10,2021-10,2021-10-01,2021,10,dawum,dawum_api_processed_monthly,DAWUM monthly Bundestag AfD polling series,10.5,11.0,0.8548504142651102,27,7,2021-10-01 12:00:00,2021-10-30 12:00:00,-0.414907820785214,80,80,4.394449154672439,-0.6594590754580064,-0.6869393690466754,50,0.625,45,45,0.5625,False,False,2021-10,2021-10-01,2021,10,DAWUM,9.0,12.0,2021-10,2021,10,3.828641396489095,-0.6001019846954155,2021-10-01
2021-11,2021-11,2021-11-01,2021,11,dawum,dawum_api_processed_monthly,DAWUM monthly Bundestag AfD polling series,10.724137931034482,11.0,0.7268597685611089,29,10,2021-11-02 12:00:00,2021-11-30 00:00:00,-0.37341377930801656,97,97,4.584967478670572,-0.5474013149585745,-0.5763114837159813,50,0.5154639175257731,48,48,0.4948453608247423,False,False,2021-11,2021-11-01,2021,11,DAWUM,9.0,12.0,2021-11,2021,11,3.8918202981106265,-0.4398922135388528,2021-11-01
2021-12,2021-12,2021-12-01,2021,12,dawum,dawum_api_processed_monthly,DAWUM monthly Bundestag AfD polling series,10.818181818181818,11.0,0.732663999932122,22,10,2021-12-01 00:00:00,2021-12-31 12:00:00,-0.35600369197492654,58,58,4.07753744390572,-0.8044750008102123,-0.8301048677099268,50,0.8620689655172413,44,44,0.7586206896551724,False,False,2021-12,2021-12-01,2021,12,DAWUM,9.0,12.0,2021-12,2021,12,3.8066624897703196,-0.653505241747603,2021-12-01
2022-01,2022-01,2022-01-01,2022,1,dawum,dawum_api_processed_monthly,DAWUM monthly Bundestag AfD polling series,10.865384615384615,11.0,0.9333562268254529,26,10,2022-01-01 00:00:00,2022-01-29 12:00:00,-0.34726516737120267,63,63,4.1588830833596715,-0.7715168359574383,-0.7975672543773696,58,0.9206349206349206,44,44,0.6984126984126984,False,True,2022-01,2022-01-01,2022,1,DAWUM,9.0,12.0,2022-01,2022,1,3.8066624897703196,-0.653505241747603,2022-01-01
2022-02,2022-02,2022-02-01,2022,2,dawum,dawum_api_processed_monthly,DAWUM monthly Bundestag AfD polling series,10.732142857142858,11.0,1.2728077948141585,28,11,2022-02-01 00:00:00,2022-02-26 12:00:00,-0.3719318492552593,71,71,4.276666119016055,-0.7187837721929997,-0.7455070730452783,50,0.704225352112676,42,42,0.5915492957746479,False,False,2022-02,2022-02-01,2022,2,DAWUM,7.0,12.0,2022-02,2022,2,3.7612001156935624,-0.7603117558519782,2022-02-01
2022-03,2022-03,2022-03-01,2022,3,dawum,dawum_api_processed_monthly,DAWUM monthly Bundestag AfD polling series,9.92,10.0,1.0575128052810203,25,9,2022-03-01 00:00:00,2022-03-31 00:00:00,-0.5222816327308236,353,353,5.869296913133774,1.140056725503458,1.0896143189109433,50,0.141643059490085,43,43,0.12181303116147309,False,False,2022-03,2022-03-01,2022,3,DAWUM,7.0,11.0,2022-03,2022,3,3.784189633918261,-0.7069084987997907,2022-03-01
2022-04,2022-04,2022-04-01,2022,4,dawum,dawum_api_processed_monthly,DAWUM monthly Bundestag AfD polling series,10.2,10.5,1.0635010497214472,30,10,2022-04-01 00:00:00,2022-04-30 12:00:00,-0.4704459993777708,154,154,5.043425116919247,-0.1716782356369501,-0.20538269172483012,50,0.3246753246753247,48,48,0.3116883116883117,False,False,2022-04,2022-04-01,2022,4,DAWUM,8.5,12.0,2022-04,2022,4,3.8918202981106265,-0.4398922135388528,2022-04-01
2022-05,2022-05,2022-05-01,2022,5,dawum,dawum_api_processed_monthly,DAWUM monthly Bundestag AfD polling series,9.574074074074074,10.0,1.1068293567986103,27,11,2022-05-04 00:00:00,2022-05-31 00:00:00,-0.5863219522437223,79,79,4.382026634673881,-0.6660507084285612,-0.6934468917131869,50,0.6329113924050633,43,43,0.5443037974683544,False,False,2022-05,2022-05-01,2022,5,DAWUM,7.0,11.0,2022-05,2022,5,3.784189633918261,-0.7069084987997907,2022-05-01
2022-06,2022-06,2022-06-01,2022,6,dawum,dawum_api_processed_monthly,DAWUM monthly Bundestag AfD polling series,10.134615384615385,10.0,1.2046384711413818,26,10,2022-06-01 00:00:00,2022-06-29 00:00:00,-0.4825504741992253,81,81,4.406719247264253,-0.6528674424874515,-0.6804318463801641,50,0.6172839506172839,43,43,0.5308641975308642,False,False,2022-06,2022-06-01,2022,6,DAWUM,8.0,13.0,2022-06,2022,6,3.784189633918261,-0.7069084987997907,2022-06-01
2022-07,2022-07,2022-07-01,2022,7,dawum,dawum_api_processed_monthly,DAWUM monthly Bundestag AfD polling series,10.741379310344827,11.0,0.9507580589716325,29,11,2022-07-01 00:00:00,2022-07-30 12:00:00,-0.3702219299636167,80,80,4.394449154672439,-0.6594590754580064,-0.6869393690466754,78,0.975,57,57,0.7125,False,True,2022-07,2022-07-01,2022,7,DAWUM,9.0,12.0,2022-07,2022,7,4.060443010546419,0.04073709993083529,2022-07-01
2022-08,2022-08,2022-08-01,2022,8,dawum,dawum_api_processed_monthly,DAWUM monthly Bundestag AfD polling series,12.148148148148149,12.0,1.0544303494415181,27,10,2022-08-02 00:00:00,2022-08-31 00:00:00,-0.10979066678906897,130,130,4.875197323201151,-0.3298774269302656,-0.36156323572110427,94,0.7230769230769231,72,72,0.5538461538461539,False,True,2022-08,2022-08-01,2022,8,DAWUM,10.0,14.5,2022-08,2022,8,4.290459441148391,0.8417859557136488,2022-08-01
2022-09,2022-09,2022-09-01,2022,9,dawum,dawum_api_processed_monthly,DAWUM monthly Bundestag AfD polling series,13.365384615384615,13.25,0.8781536574847512,26,10,2022-09-02 00:00:00,2022-09-28 12:00:00,0.11555298756676992,110,110,4.709530201312334,-0.4617100863413619,-0.4917136890513327,50,0.45454545454545453,42,42,0.38181818181818183,False,False,2022-09,2022-09-01,2022,9,DAWUM,11.0,15.0,2022-09,2022,9,3.7612001156935624,-0.7603117558519782,2022-09-01
2022-10,2022-10,2022-10-01,2022,10,dawum,dawum_api_processed_monthly,DAWUM monthly Bundestag AfD polling series,14.796296296296296,15.0,0.7106234973498661,27,10,2022-10-01 00:00:00,2022-10-29 12:00:00,0.38045374918226477,181,181,5.204006687076795,0.006295854568029914,-0.02967957972902167,99,0.5469613259668509,78,78,0.430939226519337,False,True,2022-10,2022-10-01,2022,10,DAWUM,13.0,16.0,2022-10,2022,10,4.3694478524670215,1.1622054980267742,2022-10-01
2022-11,2022-11,2022-11-01,2022,11,dawum,dawum_api_processed_monthly,DAWUM monthly Bundestag AfD polling series,14.166666666666666,14.0,0.9903379376602868,27,10,2022-11-01 00:00:00,2022-11-30 00:00:00,0.26389213979047904,151,151,5.0238805208462765,-0.19145313454861454,-0.22490525972436437,50,0.33112582781456956,43,43,0.2847682119205298,False,False,2022-11,2022-11-01,2022,11,DAWUM,12.0,16.0,2022-11,2022,11,3.784189633918261,-0.7069084987997907,2022-11-01
2022-12,2022-12,2022-12-01,2022,12,dawum,dawum_api_processed_monthly,DAWUM monthly Bundestag AfD polling series,14.090909090909092,14.25,1.0649878563622848,22,11,2022-12-01 12:00:00,2022-12-31 00:00:00,0.24986734721660137,150,150,5.017279836814924,-0.19804476751916933,-0.23141278239087582,50,0.3333333333333333,45,45,0.3,False,False,2022-12,2022-12-01,2022,12,DAWUM,12.0,15.5,2022-12,2022,12,3.828641396489095,-0.6001019846954155,2022-12-01
2023-01,2023-01,2023-01-01,2023,1,dawum,dawum_api_processed_monthly,DAWUM monthly Bundestag AfD polling series,14.5,15.0,0.9797958971132712,26,9,2023-01-03 00:00:00,2023-01-31 00:00:00,0.3256012271155422,134,134,4.90527477843843,-0.3035108950480464,-0.3355331450550586,100,0.746268656716418,84,84,0.6268656716417911,False,True,2023-01,2023-01-01,2023,1,DAWUM,12.0,16.5,2023-01,2023,1,4.442651256490317,1.4826250403398995,2023-01-01
2023-02,2023-02,2023-02-01,2023,2,dawum,dawum_api_processed_monthly,DAWUM monthly Bundestag AfD polling series,14.770833333333334,15.0,1.1129589103969133,24,10,2023-02-01 00:00:00,2023-02-28 00:00:00,0.375739860567156,205,205,5.327876168789581,0.16449504586134547,0.1265009642672525,50,0.24390243902439024,41,41,0.2,False,False,2023-02,2023-02-01,2023,2,DAWUM,13.0,17.0,2023-02,2023,2,3.7376696182833684,-0.8137150129041658,2023-02-01
2023-03,2023-03,2023-03-01,2023,3,dawum,dawum_api_processed_monthly,DAWUM monthly Bundestag AfD polling series,14.87037037037037,15.0,0.9465787848939969,27,10,2023-03-01 00:00:00,2023-03-31 12:00:00,0.39416687969894554,121,121,4.804021044733257,-0.38920212366525897,-0.4201309397197071,50,0.4132231404958678,43,43,0.35537190082644626,False,False,2023-03,2023-03-01,2023,3,DAWUM,13.0,17.0,2023-03,2023,3,3.784189633918261,-0.7069084987997907,2023-03-01
2023-04,2023-04,2023-04-01,2023,4,dawum,dawum_api_processed_monthly,DAWUM monthly Bundestag AfD polling series,15.5,16.0,0.7905694150420949,25,9,2023-04-01 00:00:00,2023-04-30 00:00:00,0.5107284890907312,98,98,4.59511985013459,-0.5408096819880197,-0.5698039610494698,50,0.5102040816326531,46,46,0.46938775510204084,False,False,2023-04,2023-04-01,2023,4,DAWUM,14.0,17.0,2023-04,2023,4,3.8501476017100584,-0.5466987276432279,2023-04-01
2023-05,2023-05,2023-05-01,2023,5,dawum,dawum_api_processed_monthly,DAWUM monthly Bundestag AfD polling series,16.56,16.0,0.9500000000000001,25,8,2023-05-02 12:00:00,2023-05-31 12:00:00,0.7069633867844314,187,187,5.236441962829949,0.0458456523913588,0.00936555627004687,50,0.26737967914438504,42,42,0.22459893048128343,False,False,2023-05,2023-05-01,2023,5,DAWUM,15.0,19.0,2023-05,2023,5,3.7612001156935624,-0.7603117558519782,2023-05-01
2023-06,2023-06,2023-06-01,2023,6,dawum,dawum_api_processed_monthly,DAWUM monthly Bundestag AfD polling series,19.178571428571427,19.0,0.9150418500274117,28,11,2023-06-01 12:00:00,2023-06-30 12:00:00,1.1917323456423192,130,130,4.875197323201151,-0.3298774269302656,-0.36156323572110427,50,0.38461538461538464,46,46,0.35384615384615387,False,False,2023-06,2023-06-01,2023,6,DAWUM,17.0,21.0,2023-06,2023,6,3.8501476017100584,-0.5466987276432279,2023-06-01
2023-07,2023-07,2023-07-01,2023,7,dawum,dawum_api_processed_monthly,DAWUM monthly Bundestag AfD polling series,20.38888888888889,20.0,1.1294427943198477,27,10,2023-07-01 00:00:00,2023-07-30 12:00:00,1.4157951031916556,99,99,4.605170185988092,-0.534218049017465,-0.5632964383829584,50,0.5050505050505051,41,41,0.41414141414141414,False,False,2023-07,2023-07-01,2023,7,DAWUM,18.0,23.0,2023-07,2023,7,3.7376696182833684,-0.8137150129041658,2023-07-01
2023-08,2023-08,2023-08-01,2023,8,dawum,dawum_api_processed_monthly,DAWUM monthly Bundestag AfD polling series,20.64,21.0,0.9411871935663663,25,9,2023-08-01 00:00:00,2023-08-30 00:00:00,1.462282615643203,128,128,4.859812404361672,-0.34306069287137525,-0.3745782810541271,100,0.78125,79,79,0.6171875,False,True,2023-08,2023-08-01,2023,8,DAWUM,18.0,22.0,2023-08,2023,8,4.382026634673881,1.2156087550789618,2023-08-01
2023-09,2023-09,2023-09-01,2023,9,dawum,dawum_api_processed_monthly,DAWUM monthly Bundestag AfD polling series,21.48148148148148,21.5,0.8823208194812298,27,10,2023-09-01 00:00:00,2023-09-30 12:00:00,1.6180637783126952,202,202,5.313205979041787,0.14472014694968102,0.10697839626771823,100,0.49504950495049505,81,81,0.400990099009901,False,True,2023-09,2023-09-01,2023,9,DAWUM,19.0,23.0,2023-09,2023,9,4.406719247264253,1.3224152691833369,2023-09-01
2023-10,2023-10,2023-10-01,2023,10,dawum,dawum_api_processed_monthly,DAWUM monthly Bundestag AfD polling series,21.4375,21.5,1.035379577529526,24,9,2023-10-03 12:00:00,2023-10-31 12:00:00,1.6099216070684161,284,284,5.652489180268651,0.6852340505351758,0.6405952549216549,99,0.3485915492957746,76,76,0.2676056338028169,False,True,2023-10,2023-10-01,2023,10,DAWUM,19.0,23.0,2023-10,2023,10,4.343805421853684,1.055398983922399,2023-10-01
2023-11,2023-11,2023-11-01,2023,11,dawum,dawum_api_processed_monthly,DAWUM monthly Bundestag AfD polling series,21.23913043478261,21.0,1.380625395323959,23,9,2023-11-01 00:00:00,2023-11-29 00:00:00,1.573197992600512,231,231,5.44673737166631,0.33587750309577064,0.2956965535965495,50,0.21645021645021645,44,44,0.19047619047619047,False,False,2023-11,2023-11-01,2023,11,DAWUM,19.0,26.0,2023-11,2023,11,3.8066624897703196,-0.653505241747603,2023-11-01
2023-12,2023-12,2023-12-01,2023,12,dawum,dawum_api_processed_monthly,DAWUM monthly Bundestag AfD polling series,21.847826086956523,22.0,1.2652235035099497,23,9,2023-12-01 00:00:00,2023-12-31 00:00:00,1.6858841520636707,172,172,5.153291594497779,-0.053028842166963415,-0.08824728372762448,50,0.29069767441860467,46,46,0.26744186046511625,False,False,2023-12,2023-12-01,2023,12,DAWUM,18.0,23.0,2023-12,2023,12,3.8501476017100584,-0.5466987276432279,2023-12-01
2024-01,2024-01,2024-01-01,2024,1,dawum,dawum_api_processed_monthly,DAWUM monthly Bundestag AfD polling series,21.34,22.0,1.631206097748944,25,10,2024-01-02 12:00:00,2024-01-31 00:00:00,1.5918716990258353,114,114,4.74493212836325,-0.4353435544591427,-0.46568359838528706,50,0.43859649122807015,42,42,0.3684210526315789,False,False,2024-01,2024-01-01,2024,1,DAWUM,19.0,24.5,2024-01,2024,1,3.7612001156935624,-0.7603117558519782,2024-01-01
2024-02,2024-02,2024-02-01,2024,2,dawum,dawum_api_processed_monthly,DAWUM monthly Bundestag AfD polling series,18.775,19.0,1.019223130366302,20,9,2024-02-02 00:00:00,2024-02-28 00:00:00,1.117020272059475,124,124,4.8283137373023015,-0.3694272247535945,-0.40060837172017283,50,0.4032258064516129,41,41,0.33064516129032256,False,False,2024-02,2024-02-01,2024,2,DAWUM,17.0,20.5,2024-02,2024,2,3.7376696182833684,-0.8137150129041658,2024-02-01
2024-03,2024-03,2024-03-01,2024,3,dawum,dawum_api_processed_monthly,DAWUM monthly Bundestag AfD polling series,18.15909090909091,18.25,1.3037159677918058,22,9,2024-03-01 00:00:00,2024-03-30 12:00:00,1.0029987084338476,104,104,4.653960350157523,-0.5012598841646908,-0.5307588250504013,50,0.4807692307692308,41,41,0.3942307692307692,False,False,2024-03,2024-03-01,2024,3,DAWUM,15.0,20.0,2024-03,2024,3,3.7376696182833684,-0.8137150129041658,2024-03-01
2024-04,2024-04,2024-04-01,2024,4,dawum,dawum_api_processed_monthly,DAWUM monthly Bundestag AfD polling series,17.75,18.0,0.9389243565742769,20,8,2024-04-02 12:00:00,2024-04-29 12:00:00,0.9272648285349065,90,90,4.51085950651685,-0.5935427457524582,-0.6218641423815612,50,0.5555555555555556,43,43,0.4777777777777778,False,False,2024-04,2024-04-01,2024,4,DAWUM,16.0,19.0,2024-04,2024,4,3.784189633918261,-0.7069084987997907,2024-04-01
2024-05,2024-05,2024-05-01,2024,5,dawum,dawum_api_processed_monthly,DAWUM monthly Bundestag AfD polling series,16.5,17.0,1.371478173706158,22,10,2024-05-01 00:00:00,2024-05-31 00:00:00,0.6958557510659202,82,82,4.418840607796598,-0.6462758095168968,-0.6739243237136526,82,1.0,66,66,0.8048780487804879,False,True,2024-05,2024-05-01,2024,5,DAWUM,14.0,19.0,2024-05,2024,5,4.204692619390966,0.5213664134005234,2024-05-01
2024-06,2024-06,2024-06-01,2024,6,dawum,dawum_api_processed_monthly,DAWUM monthly Bundestag AfD polling series,16.738095238095237,17.0,0.9568051998584609,21,8,2024-06-01 12:00:00,2024-06-30 12:00:00,0.7399336705838223,149,149,5.0106352940962555,-0.20463640048972415,-0.23792030505738723,99,0.6644295302013423,81,81,0.5436241610738255,False,True,2024-06,2024-06-01,2024,6,DAWUM,15.0,19.0,2024-06,2024,6,4.406719247264253,1.3224152691833369,2024-06-01
2024-07,2024-07,2024-07-01,2024,7,dawum,dawum_api_processed_monthly,DAWUM monthly Bundestag AfD polling series,17.194444444444443,17.0,0.7099894135268937,18,7,2024-07-02 00:00:00,2024-07-31 00:00:00,0.8244163496598013,91,91,4.5217885770490405,-0.5869511127819034,-0.6153566197150498,50,0.5494505494505495,45,45,0.4945054945054945,False,False,2024-07,2024-07-01,2024,7,DAWUM,16.0,18.0,2024-07,2024,7,3.828641396489095,-0.6001019846954155,2024-07-01
2024-08,2024-08,2024-08-01,2024,8,dawum,dawum_api_processed_monthly,DAWUM monthly Bundestag AfD polling series,17.431818181818183,17.0,1.115853874900236,22,9,2024-08-02 00:00:00,2024-08-31 12:00:00,0.8683606997246195,151,151,5.0238805208462765,-0.19145313454861454,-0.22490525972436437,100,0.6622516556291391,75,75,0.4966887417218543,False,True,2024-08,2024-08-01,2024,8,DAWUM,16.0,19.0,2024-08,2024,8,4.330733340286331,1.0019957268702115,2024-08-01
2024-09,2024-09,2024-09-01,2024,9,dawum,dawum_api_processed_monthly,DAWUM monthly Bundestag AfD polling series,18.1,18.0,1.1539406169159752,20,9,2024-09-03 12:00:00,2024-09-28 12:00:00,0.992059370226223,168,168,5.1298987149230735,-0.07939537404918268,-0.11427737439367018,50,0.2976190476190476,42,42,0.25,False,False,2024-09,2024-09-01,2024,9,DAWUM,17.0,20.0,2024-09,2024,9,3.7612001156935624,-0.7603117558519782,2024-09-01
2024-10,2024-10,2024-10-01,2024,10,dawum,dawum_api_processed_monthly,DAWUM monthly Bundestag AfD polling series,18.025,18.0,1.1294502621792792,20,8,2024-10-02 00:00:00,2024-10-30 00:00:00,0.9781748255780833,136,136,4.919980925828125,-0.29032762910693677,-0.3225180997220357,50,0.36764705882352944,48,48,0.35294117647058826,False,False,2024-10,2024-10-01,2024,10,DAWUM,16.0,20.0,2024-10,2024,10,3.8918202981106265,-0.4398922135388528,2024-10-01
2024-11,2024-11,2024-11-01,2024,11,dawum,dawum_api_processed_monthly,DAWUM monthly Bundestag AfD polling series,18.153846153846153,18.0,0.8575456928844176,26,10,2024-11-01 00:00:00,2024-11-30 12:00:00,1.0020277612556558,109,109,4.700480365792417,-0.4683017193119167,-0.49822121171784417,50,0.45871559633027525,43,43,0.3944954128440367,False,False,2024-11,2024-11-01,2024,11,DAWUM,16.0,19.5,2024-11,2024,11,3.784189633918261,-0.7069084987997907,2024-11-01
2024-12,2024-12,2024-12-01,2024,12,dawum,dawum_api_processed_monthly,DAWUM monthly Bundestag AfD polling series,18.97826086956522,19.0,1.092102443471112,23,9,2024-12-01 00:00:00,2024-12-30 00:00:00,1.1546494003087804,140,140,4.948759890378168,-0.2639610972247175,-0.29648800905599004,50,0.35714285714285715,44,44,0.3142857142857143,False,False,2024-12,2024-12-01,2024,12,DAWUM,17.0,21.0,2024-12,2024,12,3.8066624897703196,-0.653505241747603,2024-12-01
2025-01,2025-01,2025-01-01,2025,1,dawum,dawum_api_processed_monthly,DAWUM monthly Bundestag AfD polling series,20.683333333333334,21.0,1.0945266126262658,30,9,2025-01-01 00:00:00,2025-01-31 00:00:00,1.4703047969954612,186,186,5.231108616854587,0.03925401942080399,0.0028580336035354476,98,0.5268817204301075,78,78,0.41935483870967744,False,True,2025-01,2025-01-01,2025,1,DAWUM,19.0,23.0,2025-01,2025,1,4.3694478524670215,1.1622054980267742,2025-01-01
2025-02,2025-02,2025-02-01,2025,2,dawum,dawum_api_processed_monthly,DAWUM monthly Bundestag AfD polling series,20.714285714285715,21.0,0.83389336923884,35,11,2025-02-01 12:00:00,2025-02-28 12:00:00,1.4760349265327886,154,154,5.043425116919247,-0.1716782356369501,-0.20538269172483012,97,0.6298701298701299,75,75,0.487012987012987,False,True,2025-02,2025-02-01,2025,2,DAWUM,19.0,22.0,2025-02,2025,2,4.330733340286331,1.0019957268702115,2025-02-01
2025-03,2025-03,2025-03-01,2025,3,dawum,dawum_api_processed_monthly,DAWUM monthly Bundestag AfD polling series,22.36842105263158,22.0,0.9978046076701182,19,7,2025-03-01 12:00:00,2025-03-29 12:00:00,1.7822604726571611,100,100,4.61512051684126,-0.5276264160469101,-0.556788915716447,99,0.99,81,81,0.81,False,True,2025-03,2025-03-01,2025,3,DAWUM,21.0,24.0,2025-03,2025,3,4.406719247264253,1.3224152691833369,2025-03-01
2025-04,2025-04,2025-04-01,2025,4,dawum,dawum_api_processed_monthly,DAWUM monthly Bundestag AfD polling series,24.52173913043478,24.5,0.7902568752334612,23,10,2025-04-01 00:00:00,2025-04-30 12:00:00,2.1808983525625454,78,78,4.3694478524670215,-0.672642341399116,-0.6999544143796983,78,1.0,66,66,0.8461538461538461,False,True,2025-04,2025-04-01,2025,4,DAWUM,23.0,26.0,2025-04,2025,4,4.204692619390966,0.5213664134005234,2025-04-01
2025-05,2025-05,2025-05-01,2025,5,dawum,dawum_api_processed_monthly,DAWUM monthly Bundestag AfD polling series,23.956521739130434,24.0,0.8381939930353081,23,10,2025-05-03 12:00:00,2025-05-31 12:00:00,2.0762612044896125,100,100,4.61512051684126,-0.5276264160469101,-0.556788915716447,50,0.5,45,45,0.45,False,False,2025-05,2025-05-01,2025,5,DAWUM,22.5,25.0,2025-05,2025,5,3.828641396489095,-0.6001019846954155,2025-05-01
2025-06,2025-06,2025-06-01,2025,6,dawum,dawum_api_processed_monthly,DAWUM monthly Bundestag AfD polling series,23.105263157894736,23.0,0.5911135294326824,19,8,2025-06-02 12:00:00,2025-06-28 12:00:00,1.9186700341125635,118,118,4.77912349311153,-0.4089770225769234,-0.43965350771924133,50,0.423728813559322,44,44,0.3728813559322034,False,False,2025-06,2025-06-01,2025,6,DAWUM,22.0,24.0,2025-06,2025,6,3.8066624897703196,-0.653505241747603,2025-06-01
2025-07,2025-07,2025-07-01,2025,7,dawum,dawum_api_processed_monthly,DAWUM monthly Bundestag AfD polling series,24.05263157894737,24.0,0.5984873720496731,19,8,2025-07-01 00:00:00,2025-07-30 00:00:00,2.0940537559837957,138,138,4.9344739331306915,-0.27714436316582713,-0.3095030543890129,100,0.7246376811594203,73,73,0.5289855072463768,False,True,2025-07,2025-07-01,2025,7,DAWUM,23.0,25.0,2025-07,2025,7,4.30406509320417,0.8951892127658364,2025-07-01
2025-08,2025-08,2025-08-01,2025,8,dawum,dawum_api_processed_monthly,DAWUM monthly Bundestag AfD polling series,24.928571428571427,25.0,0.8701395618766316,21,9,2025-08-01 00:00:00,2025-08-30 12:00:00,2.256214101999656,136,136,4.919980925828125,-0.29032762910693677,-0.3225180997220357,94,0.6911764705882353,72,72,0.5294117647058824,False,True,2025-08,2025-08-01,2025,8,DAWUM,22.5,26.0,2025-08,2025,8,4.290459441148391,0.8417859557136488,2025-08-01
2025-09,2025-09,2025-09-01,2025,9,dawum,dawum_api_processed_monthly,DAWUM monthly Bundestag AfD polling series,25.608695652173914,25.5,0.7680631149955065,23,9,2025-09-01 12:00:00,2025-09-30 12:00:00,2.3821236373181858,105,105,4.663439094112067,-0.494668251194136,-0.5242513023838898,99,0.9428571428571428,76,76,0.7238095238095238,False,True,2025-09,2025-09-01,2025,9,DAWUM,24.0,27.0,2025-09,2025,9,4.343805421853684,1.055398983922399,2025-09-01
2025-10,2025-10,2025-10-01,2025,10,dawum,dawum_api_processed_monthly,DAWUM monthly Bundestag AfD polling series,25.8,26.0,0.7504384683215815,20,7,2025-10-02 12:00:00,2025-10-31 12:00:00,2.4175392874351784,105,105,4.663439094112067,-0.494668251194136,-0.5242513023838898,86,0.819047619047619,72,72,0.6857142857142857,False,True,2025-10,2025-10-01,2025,10,DAWUM,24.0,27.0,2025-10,2025,10,4.290459441148391,0.8417859557136488,2025-10-01
2025-11,2025-11,2025-11-01,2025,11,dawum,dawum_api_processed_monthly,DAWUM monthly Bundestag AfD polling series,26.022727272727273,26.0,0.49945858132469245,22,9,2025-11-01 00:00:00,2025-11-29 12:00:00,2.4587721776023796,113,113,4.736198448394496,-0.4419351874296975,-0.4721911210517985,83,0.7345132743362832,73,73,0.6460176991150443,False,True,2025-11,2025-11-01,2025,11,DAWUM,25.0,27.0,2025-11,2025,11,4.30406509320417,0.8951892127658364,2025-11-01
2025-12,2025-12,2025-12-01,2025,12,dawum,dawum_api_processed_monthly,DAWUM monthly Bundestag AfD polling series,25.9,26.0,0.5411627692821658,15,7,2025-12-02 00:00:00,2025-12-31 12:00:00,2.436052013632697,115,115,4.7535901911063645,-0.4287519214885879,-0.4591760757187756,113,0.9826086956521739,88,88,0.7652173913043478,False,True,2025-12,2025-12-01,2025,12,DAWUM,25.0,27.0,2025-12,2025,12,4.48863636973214,1.6962380685486498,2025-12-01
