month,year_month,month_dt,year,month_num,tone_month_has_articles,n_articles_tone_indicators,tone_positive_terms_total,tone_negative_terms_total,tone_positive_terms_per_1000_mean,tone_negative_terms_per_1000_mean,tone_net_score_per_1000_mean,tone_negative_share_mean,share_articles_negative_tone,share_articles_positive_tone,share_articles_neutral_tone
2013-01,2013-01,2013-01-01,2013,1,True,38,60,72,3.7789416338495565,3.7077026896119505,0.07123894423760616,0.5293768366136787,0.42105263157894735,0.3157894736842105,0.2631578947368421
2013-02,2013-02,2013-02-01,2013,2,True,41,74,72,3.9318339782697143,3.3227076698861957,0.609126308383519,0.4382426516572858,0.2682926829268293,0.43902439024390244,0.2926829268292683
2013-03,2013-03,2013-03-01,2013,3,True,61,88,121,2.643492017278262,3.486461127159155,-0.8429691098808927,0.5342683273011142,0.45901639344262296,0.2786885245901639,0.26229508196721313
2013-04,2013-04,2013-04-01,2013,4,True,55,80,122,2.6654238146186553,3.685161778344691,-1.019737963726036,0.6029677897859715,0.4909090909090909,0.2545454545454545,0.2545454545454545
2013-05,2013-05,2013-05-01,2013,5,True,54,73,81,2.5567332054420633,3.401343323480008,-0.8446101180379444,0.5778439153439153,0.4444444444444444,0.2962962962962963,0.25925925925925924
2013-06,2013-06,2013-06-01,2013,6,True,71,94,148,2.659310951762996,3.7767618181128166,-1.1174508663498202,0.5879803295296253,0.4788732394366197,0.28169014084507044,0.23943661971830985
2013-07,2013-07,2013-07-01,2013,7,True,91,142,150,3.218995441802526,3.1921861643514875,0.02680927745103915,0.49773550625198976,0.32967032967032966,0.4175824175824176,0.25274725274725274
2013-08,2013-08,2013-08-01,2013,8,True,130,172,351,2.0037098727898965,4.631962111584725,-2.6282522387948277,0.6252546146663793,0.5461538461538461,0.23076923076923078,0.2230769230769231
2013-09,2013-09,2013-09-01,2013,9,True,80,118,154,2.7983296870544168,3.2521001661746487,-0.4537704791202324,0.5565033577533578,0.475,0.3625,0.1625
2013-10,2013-10,2013-10-01,2013,10,True,125,237,274,3.776280439001262,3.8829726490249423,-0.1066922100236805,0.5042160939432981,0.376,0.352,0.272
2013-11,2013-11,2013-11-01,2013,11,True,117,242,221,3.674027092818239,3.3621198510032912,0.31190724181494806,0.5128013486987846,0.38461538461538464,0.38461538461538464,0.23076923076923078
2013-12,2013-12,2013-12-01,2013,12,True,45,112,84,5.369525136547507,3.611022940462943,1.758502196084564,0.44080487413820746,0.3333333333333333,0.4666666666666667,0.2
2014-01,2014-01,2014-01-01,2014,1,True,45,92,91,4.031912615105598,3.9310967212462176,0.10081589385938106,0.49645873944119556,0.35555555555555557,0.37777777777777777,0.26666666666666666
2014-02,2014-02,2014-02-01,2014,2,True,46,89,68,3.768321853205203,2.4965145135571762,1.2718073396480267,0.45566221218395137,0.2608695652173913,0.391304347826087,0.34782608695652173
2014-03,2014-03,2014-03-01,2014,3,True,46,75,107,3.2676860920450443,4.116854171907887,-0.8491680798628422,0.5547626890018195,0.5217391304347826,0.2608695652173913,0.21739130434782608
2014-04,2014-04,2014-04-01,2014,4,True,48,109,137,3.853118962834035,4.852577487293906,-0.9994585244598713,0.5747801388426389,0.5,0.25,0.25
2014-05,2014-05,2014-05-01,2014,5,True,45,89,67,4.500756165858814,3.1215338058783106,1.379222359980503,0.3939241622574956,0.2222222222222222,0.4888888888888889,0.28888888888888886
2014-06,2014-06,2014-06-01,2014,6,True,49,127,104,4.087833606970943,3.247409916796405,0.8404236901745383,0.43627308066083575,0.2653061224489796,0.5102040816326531,0.22448979591836735
2014-07,2014-07,2014-07-01,2014,7,True,44,132,111,4.166935393373664,3.609529608211794,0.5574057851618703,0.47239685819231275,0.29545454545454547,0.4090909090909091,0.29545454545454547
2014-08,2014-08,2014-08-01,2014,8,True,45,92,94,3.9250248077009746,3.919151244950594,0.0058735627503806774,0.4896477304372041,0.37777777777777777,0.35555555555555557,0.26666666666666666
2014-09,2014-09,2014-09-01,2014,9,True,80,139,148,3.4761635274422256,3.367351370372971,0.10881215706925432,0.5201934523809524,0.4,0.3625,0.2375
2014-10,2014-10,2014-10-01,2014,10,True,45,121,99,5.1366055733533305,3.466035791919682,1.670569781433648,0.4072585130918464,0.28888888888888886,0.5333333333333333,0.17777777777777778
2014-11,2014-11,2014-11-01,2014,11,True,84,162,150,3.9533904333286065,3.42096211887182,0.5324283144567867,0.47084180700252126,0.30952380952380953,0.4523809523809524,0.23809523809523808
2014-12,2014-12,2014-12-01,2014,12,True,47,120,105,4.721548565676957,3.5542896881529966,1.167258877523961,0.45683890577507597,0.3829787234042553,0.5319148936170213,0.0851063829787234
2015-01,2015-01,2015-01-01,2015,1,True,47,105,109,4.172557499188077,3.9906835601820454,0.18187393900603205,0.5071129225384544,0.425531914893617,0.3829787234042553,0.19148936170212766
2015-02,2015-02,2015-02-01,2015,2,True,46,110,140,3.680146869814141,4.6642562130895495,-0.9841093432754081,0.5417210268754892,0.4782608695652174,0.34782608695652173,0.17391304347826086
2015-03,2015-03,2015-03-01,2015,3,True,48,134,117,4.414141978708943,3.6068975808306085,0.8072443978783349,0.4263656482406482,0.3125,0.4375,0.25
2015-04,2015-04,2015-04-01,2015,4,True,45,92,99,3.7031063269301545,3.8997176241547953,-0.19661129722464116,0.5156321147987815,0.4,0.37777777777777777,0.2222222222222222
2015-05,2015-05,2015-05-01,2015,5,True,83,212,171,4.997243097724714,3.389930098443388,1.6073129992813258,0.4009420972382794,0.2289156626506024,0.4578313253012048,0.3132530120481928
2015-06,2015-06,2015-06-01,2015,6,True,84,194,157,5.028226231400557,3.454680080174471,1.5735461512260864,0.41734029859029864,0.2857142857142857,0.5119047619047619,0.20238095238095238
2015-07,2015-07,2015-07-01,2015,7,True,78,164,180,3.3021833944753394,3.501131315956133,-0.19894792148079402,0.5194340528788689,0.4230769230769231,0.3076923076923077,0.2692307692307692
2015-08,2015-08,2015-08-01,2015,8,True,88,239,259,4.141333839029327,4.146261523104427,-0.004927684075100711,0.48605102201095024,0.4090909090909091,0.38636363636363635,0.20454545454545456
2015-09,2015-09,2015-09-01,2015,9,True,86,262,279,4.167656875437381,4.040512145240293,0.1271447301970875,0.4962405080204551,0.38372093023255816,0.36046511627906974,0.2558139534883721
2015-10,2015-10,2015-10-01,2015,10,True,85,234,297,4.102850075631614,4.78898020830351,-0.6861301326718962,0.5264424550337863,0.4235294117647059,0.3764705882352941,0.2
2015-11,2015-11,2015-11-01,2015,11,True,90,214,301,3.7866123103230143,4.79004358938281,-1.003431279059796,0.5553438382605049,0.5,0.3111111111111111,0.18888888888888888
2015-12,2015-12,2015-12-01,2015,12,True,91,170,242,3.35758690439585,3.6953454109078385,-0.3377585065119886,0.5189766887569085,0.38461538461538464,0.34065934065934067,0.27472527472527475
2016-01,2016-01,2016-01-01,2016,1,True,160,323,614,2.8558705454235165,5.73701788552629,-2.8811473401027743,0.6536179228927372,0.63125,0.23125,0.1375
2016-02,2016-02,2016-02-01,2016,2,True,85,244,282,3.660847447201896,4.271896204131597,-0.6110487569297011,0.5250497215203097,0.4235294117647059,0.3764705882352941,0.2
2016-03,2016-03,2016-03-01,2016,3,True,87,198,192,3.743851740732512,3.670287056917832,0.07356468381468038,0.4917153727498555,0.3563218390804598,0.39080459770114945,0.25287356321839083
2016-04,2016-04,2016-04-01,2016,4,True,48,86,101,2.7752823366555592,3.4942628108297007,-0.7189804741741411,0.5708151529842707,0.4166666666666667,0.3958333333333333,0.1875
2016-05,2016-05,2016-05-01,2016,5,True,47,110,96,3.5944430402097645,2.731400772370239,0.863042267839525,0.40062413945392666,0.2978723404255319,0.48936170212765956,0.2127659574468085
2016-06,2016-06,2016-06-01,2016,6,True,44,82,111,3.3637970810264575,4.345816905377958,-0.9820198243515006,0.5487283549783549,0.4318181818181818,0.29545454545454547,0.2727272727272727
2016-07,2016-07,2016-07-01,2016,7,True,46,89,137,3.1065252359360884,4.646353969592013,-1.5398287336559249,0.5551420198159329,0.45652173913043476,0.30434782608695654,0.2391304347826087
2016-08,2016-08,2016-08-01,2016,8,True,44,81,120,2.9077584808421157,4.108118809994152,-1.2003603291520362,0.6186434146661419,0.5227272727272727,0.3181818181818182,0.1590909090909091
2016-09,2016-09,2016-09-01,2016,9,True,46,155,134,4.493227782061242,4.047870788105529,0.4453569939557129,0.47981846399643574,0.391304347826087,0.45652173913043476,0.15217391304347827
2016-10,2016-10,2016-10-01,2016,10,True,45,102,125,3.0306461692930573,3.463197451032854,-0.4325512817397964,0.513119251119251,0.35555555555555557,0.3111111111111111,0.3333333333333333
2016-11,2016-11,2016-11-01,2016,11,True,49,80,122,3.104711382251829,4.175228775967913,-1.0705173937160841,0.5402364875354071,0.4489795918367347,0.32653061224489793,0.22448979591836735
2016-12,2016-12,2016-12-01,2016,12,True,47,80,160,2.454349742338993,4.746294260362219,-2.291944518023225,0.6068001443001443,0.5319148936170213,0.2127659574468085,0.2553191489361702
2017-01,2017-01,2017-01-01,2017,1,True,43,80,112,3.5970078248859436,4.322204774670185,-0.7251969497842418,0.589202399667516,0.5348837209302325,0.32558139534883723,0.13953488372093023
2017-02,2017-02,2017-02-01,2017,2,True,45,85,127,2.918526480560062,3.936008856966403,-1.0174823764063405,0.5263719828212582,0.4222222222222222,0.3111111111111111,0.26666666666666666
2017-03,2017-03,2017-03-01,2017,3,True,45,121,119,4.036721654520322,3.694773346557409,0.34194830796291353,0.4651014109347442,0.4,0.5111111111111111,0.08888888888888889
2017-04,2017-04,2017-04-01,2017,4,True,42,87,139,4.016848923744827,4.341161730182591,-0.3243128064377648,0.40997260015117154,0.30952380952380953,0.5238095238095238,0.16666666666666666
2017-05,2017-05,2017-05-01,2017,5,True,46,91,124,3.840326965438878,4.706691331854919,-0.8663643664160413,0.570328333629249,0.41304347826086957,0.32608695652173914,0.2608695652173913
2017-06,2017-06,2017-06-01,2017,6,True,41,90,109,2.7121926088689965,3.359477346010199,-0.6472847371412028,0.5464049500634867,0.4878048780487805,0.24390243902439024,0.2682926829268293
2017-07,2017-07,2017-07-01,2017,7,True,48,171,158,4.768667931072703,4.138423913919946,0.6302440171527565,0.46421611446282496,0.3541666666666667,0.5,0.14583333333333334
2017-08,2017-08,2017-08-01,2017,8,True,45,101,140,4.088674824301833,5.3566221781969965,-1.267947353895163,0.5467805034471701,0.5111111111111111,0.3111111111111111,0.17777777777777778
2017-09,2017-09,2017-09-01,2017,9,True,45,99,99,4.214261377341716,3.644290997669148,0.5699703796725677,0.54347035680369,0.4888888888888889,0.37777777777777777,0.13333333333333333
2017-10,2017-10,2017-10-01,2017,10,True,43,75,111,2.024143571091295,2.7356349940174836,-0.711491422926188,0.5549640965509638,0.5116279069767442,0.37209302325581395,0.11627906976744186
2017-11,2017-11,2017-11-01,2017,11,True,45,77,123,3.1364168867557427,4.689363218104584,-1.5529463313488412,0.5504814814814816,0.4666666666666667,0.3111111111111111,0.2222222222222222
2017-12,2017-12,2017-12-01,2017,12,True,45,79,116,3.2640690189804005,4.354475355976807,-1.0904063369964063,0.5455731922398589,0.4444444444444444,0.28888888888888886,0.26666666666666666
2018-01,2018-01,2018-01-01,2018,1,True,45,98,184,2.980821428673994,6.133816081204072,-3.152994652530077,0.6059446000622472,0.5111111111111111,0.24444444444444444,0.24444444444444444
2018-02,2018-02,2018-02-01,2018,2,True,44,117,192,4.16027256012653,6.943549106290425,-2.7832765461638944,0.5911525512241457,0.5454545454545454,0.36363636363636365,0.09090909090909091
2018-03,2018-03,2018-03-01,2018,3,True,81,156,224,3.2588606688834365,4.42439026393391,-1.165529595050474,0.5229142942105905,0.49382716049382713,0.30864197530864196,0.19753086419753085
2018-04,2018-04,2018-04-01,2018,4,True,83,128,193,2.954332003439863,3.7883515822719134,-0.8340195788320506,0.5386659190876057,0.43373493975903615,0.3132530120481928,0.25301204819277107
2018-05,2018-05,2018-05-01,2018,5,True,44,114,189,3.4438086578616987,5.8541110998159445,-2.410302441954246,0.6298102781057326,0.5681818181818182,0.25,0.18181818181818182
2018-06,2018-06,2018-06-01,2018,6,True,84,188,256,3.853664524695173,4.969035847805539,-1.115371323110367,0.534047457366785,0.4166666666666667,0.40476190476190477,0.17857142857142858
2018-07,2018-07,2018-07-01,2018,7,True,45,133,184,3.1593555674954787,4.613805515868527,-1.4544499483730482,0.6403438406846996,0.6,0.17777777777777778,0.2222222222222222
2018-08,2018-08,2018-08-01,2018,8,True,158,267,609,2.288746630082167,5.706419105490759,-3.4176724754085916,0.6457556032946948,0.6075949367088608,0.25316455696202533,0.13924050632911392
2018-09,2018-09,2018-09-01,2018,9,True,247,413,1075,2.0180952800685446,5.550669350370908,-3.5325740703023643,0.6975009353349458,0.6720647773279352,0.19433198380566802,0.13360323886639677
2018-10,2018-10,2018-10-01,2018,10,True,64,100,112,3.0548693475699826,3.3641996211952345,-0.309330273625252,0.46363720914502166,0.359375,0.390625,0.25
2018-11,2018-11,2018-11-01,2018,11,True,40,84,112,2.770410816650576,3.528761501812794,-0.7583506851622177,0.5445983877233878,0.475,0.35,0.175
2018-12,2018-12,2018-12-01,2018,12,True,48,103,78,4.244110108395729,3.013291767713382,1.2308183406823472,0.40227723665223664,0.20833333333333334,0.5625,0.22916666666666666
2019-01,2019-01,2019-01-01,2019,1,True,42,63,71,2.56820229063388,3.0264672789824325,-0.45826498834855256,0.48591269841269835,0.40476190476190477,0.38095238095238093,0.21428571428571427
2019-02,2019-02,2019-02-01,2019,2,True,75,158,189,3.44975630769189,3.25688225478889,0.19287405290299972,0.5057193449252273,0.4,0.44,0.16
2019-03,2019-03,2019-03-01,2019,3,True,76,169,207,2.9963427669062535,3.8325527985321224,-0.836210031625869,0.5410231216152269,0.4605263157894737,0.3684210526315789,0.17105263157894737
2019-04,2019-04,2019-04-01,2019,4,True,78,172,230,3.363503945779986,4.0180850956337855,-0.6545811498537997,0.5064275600663233,0.3974358974358974,0.38461538461538464,0.21794871794871795
2019-05,2019-05,2019-05-01,2019,5,True,54,104,167,2.9618601049696953,3.9073365240495463,-0.9454764190798515,0.5832751096639985,0.48148148148148145,0.3148148148148148,0.2037037037037037
2019-06,2019-06,2019-06-01,2019,6,True,57,114,142,3.610806270191559,3.635366224789169,-0.02455995459760935,0.5152768284347231,0.38596491228070173,0.3684210526315789,0.24561403508771928
2019-07,2019-07,2019-07-01,2019,7,True,48,143,157,4.670015824737523,4.415481373344856,0.25453445139266717,0.5174693362193362,0.4583333333333333,0.3958333333333333,0.14583333333333334
2019-08,2019-08,2019-08-01,2019,8,True,42,118,121,4.586118076464989,4.32205224210483,0.264065834360158,0.42933931148216864,0.35714285714285715,0.5238095238095238,0.11904761904761904
2019-09,2019-09,2019-09-01,2019,9,True,43,94,84,4.060601010261901,3.1035083799793584,0.9570926302825429,0.4456164636397195,0.3488372093023256,0.5116279069767442,0.13953488372093023
2019-10,2019-10,2019-10-01,2019,10,True,46,89,99,3.293577001151506,3.1350002281533436,0.15857677299816203,0.5173500412630847,0.41304347826086957,0.34782608695652173,0.2391304347826087
2019-11,2019-11,2019-11-01,2019,11,True,46,90,86,3.850497592022579,3.508931416173845,0.3415661758487338,0.4870115995115995,0.41304347826086957,0.41304347826086957,0.17391304347826086
2019-12,2019-12,2019-12-01,2019,12,True,41,146,75,5.8751460123370425,2.6890321941906614,3.186113818146381,0.37648389192506837,0.3170731707317073,0.5853658536585366,0.0975609756097561
2020-01,2020-01,2020-01-01,2020,1,True,41,100,100,4.736778164948938,3.6875770477439613,1.0492011172049769,0.46961250131981835,0.34146341463414637,0.4146341463414634,0.24390243902439024
2020-02,2020-02,2020-02-01,2020,2,True,45,104,99,3.6292532447906125,2.8449168016819013,0.7843364431087113,0.4473152156485489,0.3333333333333333,0.4666666666666667,0.2
2020-03,2020-03,2020-03-01,2020,3,True,43,154,139,5.518879589484887,4.570152451236088,0.9487271382487986,0.4845487132206839,0.3953488372093023,0.4418604651162791,0.16279069767441862
2020-04,2020-04,2020-04-01,2020,4,True,45,119,119,4.182287358003952,4.165664436113994,0.01662292188995844,0.5410352414470061,0.4888888888888889,0.4222222222222222,0.08888888888888889
2020-05,2020-05,2020-05-01,2020,5,True,44,80,106,2.8861157472627474,3.9336576901673115,-1.0475419429045645,0.5708255311006325,0.36363636363636365,0.25,0.38636363636363635
2020-06,2020-06,2020-06-01,2020,6,True,43,68,138,2.3093770126823387,3.579544332521264,-1.2701673198389254,0.5879748923047576,0.5813953488372093,0.27906976744186046,0.13953488372093023
2020-07,2020-07,2020-07-01,2020,7,True,41,133,111,4.435371087403512,3.4829117847589615,0.9524593026445503,0.46001016260162597,0.3902439024390244,0.5121951219512195,0.0975609756097561
2020-08,2020-08,2020-08-01,2020,8,True,42,126,135,3.949844971063048,3.935078511979946,0.014766459083102288,0.49146271880485126,0.42857142857142855,0.42857142857142855,0.14285714285714285
2020-09,2020-09,2020-09-01,2020,9,True,82,346,209,7.0412835511529055,3.550564393874504,3.4907191572784013,0.37306689216377353,0.25609756097560976,0.6219512195121951,0.12195121951219512
2020-10,2020-10,2020-10-01,2020,10,True,44,102,157,3.375466046346604,5.035369630688965,-1.6599035843423613,0.5651853499957216,0.5,0.29545454545454547,0.20454545454545456
2020-11,2020-11,2020-11-01,2020,11,True,45,87,148,2.5401618155432852,4.139389607943806,-1.5992277924005203,0.5529040404040404,0.4888888888888889,0.28888888888888886,0.2222222222222222
2020-12,2020-12,2020-12-01,2020,12,True,43,91,97,3.53389055608292,3.498867067807899,0.035023488275021095,0.5391377645941001,0.3953488372093023,0.3953488372093023,0.20930232558139536
2021-01,2021-01,2021-01-01,2021,1,True,43,127,158,4.028830160240304,4.684730836189476,-0.6559006759491729,0.48895815197114784,0.3953488372093023,0.4418604651162791,0.16279069767441862
2021-02,2021-02,2021-02-01,2021,2,True,39,68,105,2.5015393315007644,4.741099548552197,-2.239560217051433,0.6538054538054537,0.5897435897435898,0.28205128205128205,0.1282051282051282
2021-03,2021-03,2021-03-01,2021,3,True,44,132,137,4.148192096599505,3.6004273554455466,0.5477647411539582,0.502110532199465,0.4318181818181818,0.4090909090909091,0.1590909090909091
2021-04,2021-04,2021-04-01,2021,4,True,42,90,100,3.8927314412308496,3.2588158698476297,0.6339155713832204,0.48904878190592477,0.4523809523809524,0.42857142857142855,0.11904761904761904
2021-05,2021-05,2021-05-01,2021,5,True,41,86,154,2.8073025881001357,4.0451931862853385,-1.2378905981852029,0.6123783647532043,0.5121951219512195,0.34146341463414637,0.14634146341463414
2021-06,2021-06,2021-06-01,2021,6,True,42,93,140,3.2957204115218017,4.863236776777687,-1.5675163652558861,0.5788617171006334,0.4523809523809524,0.30952380952380953,0.23809523809523808
2021-07,2021-07,2021-07-01,2021,7,True,43,171,140,5.132739512164761,4.05416120510585,1.0785783070589108,0.4433197409146002,0.37209302325581395,0.4883720930232558,0.13953488372093023
2021-08,2021-08,2021-08-01,2021,8,True,42,86,117,3.1485993272853894,5.024795986508943,-1.8761966592235537,0.5831349206349207,0.47619047619047616,0.2619047619047619,0.2619047619047619
2021-09,2021-09,2021-09-01,2021,9,True,63,142,149,3.69011006540248,3.654192478149853,0.035917587252626886,0.5013472197996007,0.38095238095238093,0.38095238095238093,0.23809523809523808
2021-10,2021-10,2021-10-01,2021,10,True,45,97,112,3.818214732727207,4.219397639008065,-0.401182906280858,0.5555379188712523,0.4888888888888889,0.3333333333333333,0.17777777777777778
2021-11,2021-11,2021-11-01,2021,11,True,48,124,115,4.594390740968657,4.054144233664654,0.5402465073040033,0.48505510693010695,0.375,0.4375,0.1875
2021-12,2021-12,2021-12-01,2021,12,True,44,108,107,3.9735471241735287,3.4030811535150742,0.5704659706584545,0.5268998211932995,0.4318181818181818,0.38636363636363635,0.18181818181818182
2022-01,2022-01,2022-01-01,2022,1,True,44,125,94,4.435661503488438,3.5290525207775785,0.9066089827108595,0.43289456755365846,0.2727272727272727,0.5,0.22727272727272727
2022-02,2022-02,2022-02-01,2022,2,True,42,97,87,3.470922815176947,2.9842768265187636,0.486645988658184,0.45172730708444997,0.35714285714285715,0.4523809523809524,0.19047619047619047
2022-03,2022-03,2022-03-01,2022,3,True,43,165,68,6.9074203312224185,2.5631575033627496,4.344262827859669,0.3053881518997798,0.13953488372093023,0.7209302325581395,0.13953488372093023
2022-04,2022-04,2022-04-01,2022,4,True,48,123,61,5.285893535111485,2.366011151279337,2.9198823838321477,0.3461801508676509,0.14583333333333334,0.5833333333333334,0.2708333333333333
2022-05,2022-05,2022-05-01,2022,5,True,43,118,64,5.981885409731396,2.420227821646916,3.56165758808448,0.32578042492543174,0.23255813953488372,0.6046511627906976,0.16279069767441862
2022-06,2022-06,2022-06-01,2022,6,True,43,124,82,4.834405535390386,3.397228581530267,1.4371769538601176,0.40795718998449026,0.23255813953488372,0.5348837209302325,0.23255813953488372
2022-07,2022-07,2022-07-01,2022,7,True,57,115,125,3.8748413024205335,3.1508266048497644,0.7240146975707689,0.48896546922862716,0.3508771929824561,0.43859649122807015,0.21052631578947367
2022-08,2022-08,2022-08-01,2022,8,True,72,194,153,4.378452052922966,3.428001922360892,0.9504501305620734,0.4644016227962306,0.3888888888888889,0.4444444444444444,0.16666666666666666
2022-09,2022-09,2022-09-01,2022,9,True,42,74,96,3.818460061433483,3.653639454739228,0.16482060669425505,0.5010582010582011,0.42857142857142855,0.38095238095238093,0.19047619047619047
2022-10,2022-10,2022-10-01,2022,10,True,78,190,189,4.044261051548479,3.6428757475263334,0.4013853040221452,0.4845262924210293,0.3333333333333333,0.4358974358974359,0.23076923076923078
2022-11,2022-11,2022-11-01,2022,11,True,43,87,64,4.0475388057174095,2.68988794361529,1.3576508621021197,0.4488613453729733,0.3023255813953488,0.4883720930232558,0.20930232558139536
2022-12,2022-12,2022-12-01,2022,12,True,45,92,101,3.1261007065467163,3.2371774126464605,-0.1110767060997443,0.4485095405683641,0.3333333333333333,0.4444444444444444,0.2222222222222222
2023-01,2023-01,2023-01-01,2023,1,True,84,131,181,2.9326153593412547,3.834894725953836,-0.9022793666125812,0.5483321737786023,0.39285714285714285,0.27380952380952384,0.3333333333333333
2023-02,2023-02,2023-02-01,2023,2,True,41,133,116,5.838160203437793,5.051882821628298,0.7862773818094955,0.4278468482736775,0.36585365853658536,0.4878048780487805,0.14634146341463414
2023-03,2023-03,2023-03-01,2023,3,True,43,84,76,4.105531213409197,3.598059027407595,0.5074721860016016,0.5269315955362467,0.37209302325581395,0.3488372093023256,0.27906976744186046
2023-04,2023-04,2023-04-01,2023,4,True,46,104,139,4.28401218514715,5.258194629471911,-0.9741824443247604,0.5670648777905811,0.5434782608695652,0.32608695652173914,0.13043478260869565
2023-05,2023-05,2023-05-01,2023,5,True,42,136,75,5.458180437981498,2.7848281335273746,2.673352304454123,0.37376314162028446,0.23809523809523808,0.6190476190476191,0.14285714285714285
2023-06,2023-06,2023-06-01,2023,6,True,46,122,107,4.46122355304916,3.8105706858828245,0.6506528671663356,0.48031714662149444,0.34782608695652173,0.45652173913043476,0.1956521739130435
2023-07,2023-07,2023-07-01,2023,7,True,41,81,114,3.288957394773472,4.144454204621966,-0.8554968098484937,0.5361493599657158,0.4878048780487805,0.36585365853658536,0.14634146341463414
2023-08,2023-08,2023-08-01,2023,8,True,79,190,281,3.115073140104803,5.09812497982858,-1.9830518397237769,0.6006911436878415,0.5949367088607594,0.22784810126582278,0.17721518987341772
2023-09,2023-09,2023-09-01,2023,9,True,81,177,242,3.455383483040465,5.241030276492248,-1.7856467934517832,0.575531278973308,0.5308641975308642,0.30864197530864196,0.16049382716049382
2023-10,2023-10,2023-10-01,2023,10,True,76,232,217,4.0509691084332475,3.8906284669601483,0.1603406414730996,0.46876153816943295,0.34210526315789475,0.4342105263157895,0.2236842105263158
2023-11,2023-11,2023-11-01,2023,11,True,44,133,115,5.080091204029791,4.250415371146945,0.8296758328828456,0.451691254651781,0.3409090909090909,0.4090909090909091,0.25
2023-12,2023-12,2023-12-01,2023,12,True,46,95,113,3.5756441073199388,3.9214828848607577,-0.34583877754081965,0.497411200975779,0.3695652173913043,0.34782608695652173,0.2826086956521739
2024-01,2024-01,2024-01-01,2024,1,True,201,293,618,1.9048005178762972,3.801459468410705,-1.896658950534408,0.6242781524916582,0.5472636815920398,0.20398009950248755,0.24875621890547264
2024-02,2024-02,2024-02-01,2024,2,True,117,251,336,2.7851197942882298,3.6903509474571212,-0.9052311531688914,0.5900479652742096,0.49572649572649574,0.26495726495726496,0.23931623931623933
2024-03,2024-03,2024-03-01,2024,3,True,41,76,100,3.049060130951129,4.12191577298976,-1.0728556420386302,0.5758130081300813,0.4634146341463415,0.2682926829268293,0.2682926829268293
2024-04,2024-04,2024-04-01,2024,4,True,43,87,164,2.6494310694489416,5.248559524361886,-2.5991284549129436,0.5670601804016737,0.4883720930232558,0.32558139534883723,0.18604651162790697
2024-05,2024-05,2024-05-01,2024,5,True,66,194,164,4.696342705551491,3.4026552119906377,1.293687493560853,0.4547734474873512,0.4090909090909091,0.45454545454545453,0.13636363636363635
2024-06,2024-06,2024-06-01,2024,6,True,81,167,244,2.9670393384384743,4.405425951754649,-1.4383866133161733,0.5555370333692774,0.48148148148148145,0.2962962962962963,0.2222222222222222
2024-07,2024-07,2024-07-01,2024,7,True,45,69,121,2.4342579482904703,4.312337322968181,-1.8780793746777107,0.5687566137566138,0.5333333333333333,0.28888888888888886,0.17777777777777778
2024-08,2024-08,2024-08-01,2024,8,True,75,139,280,2.4427660835593965,4.170375866898173,-1.727609783338777,0.6383166086636675,0.6,0.2,0.2
2024-09,2024-09,2024-09-01,2024,9,True,42,108,171,3.2986509525251457,4.596790387136147,-1.2981394346110005,0.5667208044834096,0.5,0.35714285714285715,0.14285714285714285
2024-10,2024-10,2024-10-01,2024,10,True,48,109,191,3.0690560679716814,5.423614587058292,-2.354558519086611,0.5543983489707174,0.5625,0.3125,0.125
2024-11,2024-11,2024-11-01,2024,11,True,43,120,97,4.208813381375855,3.89631419668409,0.31249918469176424,0.5335404259822865,0.4186046511627907,0.37209302325581395,0.20930232558139536
2024-12,2024-12,2024-12-01,2024,12,True,44,96,50,3.5453430033318507,1.9109628677457513,1.634380135586099,0.41017643972189427,0.2727272727272727,0.5909090909090909,0.13636363636363635
2025-01,2025-01,2025-01-01,2025,1,True,78,158,342,2.857923849539429,3.974714872666676,-1.1167910231272462,0.5806101306101307,0.5128205128205128,0.28205128205128205,0.20512820512820512
2025-02,2025-02,2025-02-01,2025,2,True,75,199,362,3.397836780405091,5.792809579165443,-2.394972798760352,0.6018930167298588,0.52,0.25333333333333335,0.22666666666666666
2025-03,2025-03,2025-03-01,2025,3,True,81,213,277,3.995594570506262,5.0105505775937305,-1.0149560070874686,0.5147044646227653,0.43209876543209874,0.38271604938271603,0.18518518518518517
2025-04,2025-04,2025-04-01,2025,4,True,66,141,254,2.972455435698687,4.699722141568422,-1.7272667058697353,0.5558461616107329,0.5,0.3181818181818182,0.18181818181818182
2025-05,2025-05,2025-05-01,2025,5,True,45,107,175,2.979379422681205,3.8207596923390863,-0.8413802696578815,0.5946742470049778,0.4888888888888889,0.24444444444444444,0.26666666666666666
2025-06,2025-06,2025-06-01,2025,6,True,44,82,192,2.434916780141329,5.176520926612185,-2.7416041464708565,0.675998458612095,0.6590909090909091,0.18181818181818182,0.1590909090909091
2025-07,2025-07,2025-07-01,2025,7,True,73,253,227,4.08173662694923,4.004018500812272,0.07771812613695772,0.5139524469368703,0.3835616438356164,0.3835616438356164,0.2328767123287671
2025-08,2025-08,2025-08-01,2025,8,True,72,147,226,2.412096899193979,4.08328723183001,-1.671190332636031,0.5942971240862108,0.4444444444444444,0.2777777777777778,0.2777777777777778
2025-09,2025-09,2025-09-01,2025,9,True,76,227,254,4.028360466971443,4.5420423626286235,-0.5136818956571808,0.5254385987010549,0.4342105263157895,0.34210526315789475,0.2236842105263158
2025-10,2025-10,2025-10-01,2025,10,True,72,134,237,2.3940751912355736,4.646976357129722,-2.2529011658941482,0.601818580897332,0.5416666666666666,0.2916666666666667,0.16666666666666666
2025-11,2025-11,2025-11-01,2025,11,True,73,217,235,4.273648839913527,4.094845149570956,0.1788036903425708,0.489919988809737,0.410958904109589,0.4794520547945205,0.1095890410958904
2025-12,2025-12,2025-12-01,2025,12,True,88,178,246,3.023820591145832,3.824516133649212,-0.8006955425033809,0.5315986601977314,0.5,0.26136363636363635,0.23863636363636365
