month,year_month,month_dt,year,month_num,text_indicator_month_has_articles,n_articles_text_indicators,mean_word_count,median_word_count,total_word_count,migration_terms_per_1000_mean,migration_terms_total,share_articles_with_migration_terms,security_terms_per_1000_mean,security_terms_total,share_articles_with_security_terms,afd_far_right_terms_per_1000_mean,afd_far_right_terms_total,share_articles_with_afd_far_right_terms,remigration_democracy_terms_per_1000_mean,remigration_democracy_terms_total,share_articles_with_remigration_democracy_terms,negative_threat_terms_per_1000_mean,negative_threat_terms_total,share_articles_with_negative_threat_terms,security_share_of_migration_context_mean,migration_terms_per_1000_median,security_terms_per_1000_median,afd_far_right_terms_per_1000_median,remigration_democracy_terms_per_1000_median,negative_threat_terms_per_1000_median
2013-01,2013-01,2013-01-01,2013,1,True,38,456.4736842105263,342.0,17346,17.669471221643725,273,1.0,2.2840954681424397,46,0.39473684210526316,0.221223672539169,3,0.07894736842105263,0.46495642102063783,7,0.13157894736842105,3.279072906845686,68,0.6052631578947368,0.27877258936815724,11.739822386959428,0.0,0.0,0.0,1.688034188034188
2013-02,2013-02,2013-02-01,2013,2,True,41,502.8292682926829,451.0,20616,16.714324514222895,313,1.0,2.7256419922366204,49,0.4146341463414634,0.18286952393782516,3,0.07317073170731707,0.03593600881551373,2,0.04878048780487805,3.010953493364887,64,0.6341463414634146,0.2406207563233917,14.970059880239521,0.0,0.0,0.0,2.0833333333333335
2013-03,2013-03,2013-03-01,2013,3,True,61,537.0983606557377,479.0,32763,19.864797029871976,560,1.0,4.025286658285459,125,0.4918032786885246,0.5793578775354932,20,0.16393442622950818,0.3167072690810028,11,0.08196721311475409,3.068297013774136,107,0.5901639344262295,0.5943625270047642,17.073170731707318,0.0,0.0,0.0,2.262443438914027
2013-04,2013-04,2013-04-01,2013,4,True,55,520.0727272727273,514.0,28604,19.367191295560456,467,1.0,4.274658676534225,114,0.4727272727272727,0.4630362481675712,14,0.14545454545454545,0.5091352633428393,20,0.10909090909090909,3.6879062815427934,118,0.6545454545454545,0.6564053290737782,14.084507042253522,0.0,0.0,0.0,3.1397174254317113
2013-05,2013-05,2013-05-01,2013,5,True,54,471.51851851851853,392.5,25462,24.64977855548625,559,1.0,3.3999714379282406,73,0.4444444444444444,0.10505788460026447,3,0.05555555555555555,0.27402681480400914,6,0.09259259259259259,2.7578773153315757,75,0.5740740740740741,0.2894181381754481,24.31846090871879,0.0,0.0,0.0,2.2149725274725274
2013-06,2013-06,2013-06-01,2013,6,True,71,563.9718309859155,398.0,40042,20.611533568711785,674,1.0,5.547244459218329,178,0.6056338028169014,0.24768469687139832,11,0.11267605633802817,0.18551732000489585,8,0.08450704225352113,3.366252611646116,139,0.6901408450704225,0.5644105403345093,18.099547511312217,2.6954177897574123,0.0,0.0,2.785515320334262
2013-07,2013-07,2013-07-01,2013,7,True,91,500.35164835164835,434.0,45532,25.813679600526974,1010,1.0,4.747216231945727,190,0.5824175824175825,0.6573371125845279,24,0.2087912087912088,0.44548789245907167,25,0.16483516483516483,2.8011973615910826,134,0.6153846153846154,0.36672883756658975,25.229357798165136,2.0242914979757085,0.0,0.0,2.1413276231263385
2013-08,2013-08,2013-08-01,2013,8,True,130,573.8,456.5,74594,20.643483160921143,1359,1.0,6.477456030551816,433,0.6846153846153846,2.34748737523983,158,0.3384615384615385,0.734984810899187,48,0.24615384615384617,4.477239738038663,344,0.7230769230769231,0.7126888301662299,18.87840670859539,3.2765413808281534,0.0,0.0,3.300473830401394
2013-09,2013-09,2013-09-01,2013,9,True,80,582.1,501.5,46568,21.745414679542744,881,1.0,3.8123202211424854,164,0.5,0.8384949511152264,36,0.1625,0.34427080366569496,13,0.1,3.0347879732416674,152,0.6875,0.5087086879874225,18.71657754010695,0.29515938606847697,0.0,0.0,2.9382831106969034
2013-10,2013-10,2013-10-01,2013,10,True,125,547.04,491.0,68380,25.383122074927485,1614,1.0,6.346637947511348,360,0.576,0.6305898541211843,40,0.16,0.5068008390217882,32,0.176,3.793329211873116,273,0.688,0.4115695279356847,23.923444976076556,1.763668430335097,0.0,0.0,2.6315789473684212
2013-11,2013-11,2013-11-01,2013,11,True,117,557.2649572649573,483.0,65200,19.63049242535283,1197,0.9914529914529915,4.365137572128211,298,0.6239316239316239,0.4045716150246101,32,0.13675213675213677,0.5210132628491216,26,0.1794871794871795,2.99607747596543,200,0.6495726495726496,0.4551775711444208,17.167381974248926,2.0876826722338206,0.0,0.0,2.127659574468085
2013-12,2013-12,2013-12-01,2013,12,True,45,525.0888888888888,483.0,23629,25.83236676318672,582,1.0,3.9161910868895555,95,0.4888888888888889,0.1900529358459948,4,0.08888888888888889,0.20385637698788123,4,0.044444444444444446,3.3431387536592423,78,0.6666666666666666,0.21479158491093697,24.351924587588375,0.0,0.0,0.0,2.5
2014-01,2014-01,2014-01-01,2014,1,True,45,540.4888888888889,425.0,24322,22.624274249822026,518,1.0,7.460328858550879,135,0.5777777777777777,0.9588669892948991,22,0.28888888888888886,0.6249140043740735,16,0.2,3.884310104029456,89,0.7111111111111111,0.42974137339511026,21.314387211367674,2.5109855618330195,0.0,0.0,3.1298904538341157
2014-02,2014-02,2014-02-01,2014,2,True,46,571.3478260869565,380.5,26282,18.93833126129791,496,1.0,5.360898578042984,111,0.5652173913043478,1.0894492512621692,22,0.17391304347826086,0.35759612589861783,13,0.15217391304347827,2.165841692080384,63,0.4782608695652174,0.7103818829650032,18.158266603862458,2.911530480853611,0.0,0.0,0.0
2014-03,2014-03,2014-03-01,2014,3,True,46,555.1304347826087,481.5,25536,27.361965651693733,639,1.0,4.529441017435084,125,0.6304347826086957,0.6666679758414105,22,0.17391304347826086,0.40242829677273617,12,0.1956521739130435,3.917390792202588,104,0.717391304347826,0.39399665967711983,27.731929425156515,1.7728140139001078,0.0,0.0,3.1975318731611635
2014-04,2014-04,2014-04-01,2014,4,True,48,580.0208333333334,520.0,27841,26.359753092710093,697,1.0,7.80853307624929,189,0.6458333333333334,0.1120621590522332,4,0.0625,0.28849441154122946,10,0.125,5.095112325283742,141,0.8333333333333334,0.4300866316661154,24.44652839070315,3.771829195094491,0.0,0.0,3.926809210526316
2014-05,2014-05,2014-05-01,2014,5,True,45,487.8888888888889,380.0,21955,33.38992099003754,672,1.0,8.367292843125448,155,0.6,0.6842036859734322,14,0.15555555555555556,0.2626118175982739,5,0.08888888888888889,3.007139834854162,63,0.6444444444444445,0.31510381861198555,32.098765432098766,2.735978112175103,0.0,0.0,1.9305019305019304
2014-06,2014-06,2014-06-01,2014,6,True,49,631.9591836734694,530.0,30966,29.512863947133987,854,1.0,6.282109981995689,196,0.7551020408163265,0.20363276368365368,8,0.08163265306122448,0.08592557257589764,4,0.061224489795918366,3.261594465176197,106,0.7346938775510204,0.28231329373293407,26.829268292682926,4.149377593360996,0.0,0.0,2.785515320334262
2014-07,2014-07,2014-07-01,2014,7,True,44,636.4090909090909,472.0,28002,31.423523760918627,811,1.0,7.289569003169876,179,0.75,0.386266153829021,10,0.18181818181818182,0.539265900124102,12,0.22727272727272727,3.7297698806880404,112,0.7272727272727273,0.3111981902625786,32.14880698324407,3.714296889514702,0.0,0.0,3.571474125945484
2014-08,2014-08,2014-08-01,2014,8,True,45,517.9555555555555,458.0,23308,33.878701303086466,758,1.0,4.143391061342559,100,0.4666666666666667,0.2228366055826991,4,0.06666666666666667,0.27328915331358544,6,0.1111111111111111,3.6490846527775647,87,0.6444444444444445,0.12189467214613414,33.248081841432224,0.0,0.0,0.0,2.6041666666666665
2014-09,2014-09,2014-09-01,2014,9,True,80,490.7,452.0,39256,34.87320357868216,1356,1.0,6.161400230852026,211,0.6375,0.4522812218142257,12,0.0875,0.36852285867306045,11,0.0625,3.1599618114262595,142,0.7,0.2072339957707529,34.25631786069888,3.048157640591338,0.0,0.0,2.8912757806583813
2014-10,2014-10,2014-10-01,2014,10,True,45,637.6666666666666,464.0,28695,37.683976759737625,983,1.0,3.8807116452744386,103,0.6,0.21457267896176688,8,0.1111111111111111,0.4725206850222051,10,0.2222222222222222,3.1686830545946547,100,0.6444444444444445,0.11873420698313814,37.634408602150536,2.032520325203252,0.0,0.0,2.1739130434782608
2014-11,2014-11,2014-11-01,2014,11,True,84,512.5119047619048,419.0,43051,27.67521389143089,1132,1.0,5.624190945501377,205,0.4880952380952381,1.5109909684615677,50,0.20238095238095238,0.41690376260412404,15,0.16666666666666666,3.1635634411748663,139,0.6785714285714286,0.29427617501110964,25.091287874451986,0.0,0.0,0.0,2.057926829268293
2014-12,2014-12,2014-12-01,2014,12,True,47,602.2978723404256,434.0,28308,32.11612882727,858,1.0,2.1097858018647964,55,0.3617021276595745,0.6095007273277233,22,0.1702127659574468,0.1928969538132318,7,0.10638297872340426,2.9193018361945366,90,0.6808510638297872,0.07610969156076369,26.845637583892618,0.0,0.0,0.0,2.272727272727273
2015-01,2015-01,2015-01-01,2015,1,True,47,610.9787234042553,540.0,28716,34.890442846797846,963,1.0,1.768575485826665,52,0.44680851063829785,2.045322040159079,69,0.2553191489361702,0.4596961931687735,10,0.19148936170212766,3.204226015301363,89,0.7872340425531915,0.06900119933813101,32.68945022288261,0.0,0.0,0.0,2.719238613188307
2015-02,2015-02,2015-02-01,2015,2,True,46,670.6521739130435,537.0,30850,32.12813238862186,904,1.0,2.039902901942605,84,0.5,0.5801346279300333,21,0.17391304347826086,0.14334452008160847,3,0.06521739130434782,3.653440234013638,111,0.8260869565217391,0.10287576068119136,32.02993252703414,0.3238341968911917,0.0,0.0,3.337917239654957
2015-03,2015-03,2015-03-01,2015,3,True,48,661.75,514.5,31764,32.79050488523172,983,1.0,2.666597357826705,75,0.5208333333333334,0.9126201464707658,22,0.14583333333333334,0.30414916629405303,9,0.14583333333333334,2.9824073613887943,103,0.625,0.09918263987637682,32.73959646910467,0.7043696479977603,0.0,0.0,2.1823887409661467
2015-04,2015-04,2015-04-01,2015,4,True,45,543.8444444444444,482.0,24473,38.58649649763382,899,1.0,2.418697534835777,56,0.4,1.7240143984899148,37,0.28888888888888886,0.2558461586482086,6,0.13333333333333333,3.689222788341606,97,0.6222222222222222,0.08532461695569041,36.94581280788177,0.0,0.0,0.0,2.5477707006369426
2015-05,2015-05,2015-05-01,2015,5,True,83,548.566265060241,431.0,45531,33.28279020792117,1459,1.0,1.6042609379839614,74,0.3253012048192771,0.4883157302151754,24,0.1686746987951807,0.09203591021835943,6,0.04819277108433735,3.1624702370036615,154,0.6385542168674698,0.07117902519034211,31.78484107579462,0.0,0.0,0.0,2.444987775061125
2015-06,2015-06,2015-06-01,2015,6,True,84,539.8095238095239,408.0,45344,32.73361027213818,1364,1.0,1.8210191680275523,86,0.35714285714285715,0.8318742797908383,45,0.20238095238095238,0.5461232480523193,24,0.21428571428571427,3.1167313245548236,143,0.7023809523809523,0.08369088445373786,30.740024744819053,0.0,0.0,0.0,2.460475026027165
2015-07,2015-07,2015-07-01,2015,7,True,78,585.6410256410256,511.5,45680,36.74428973453413,1599,1.0,2.0190998755179916,96,0.44871794871794873,0.7740195562745197,43,0.24358974358974358,0.28760789652409435,13,0.15384615384615385,3.04578229183167,165,0.6923076923076923,0.0712812323355511,36.61873806643443,0.0,0.0,0.0,2.2702908858515265
2015-08,2015-08,2015-08-01,2015,8,True,88,679.6931818181819,558.5,59813,35.92400873753789,2013,1.0,2.9896918125650918,170,0.5681818181818182,0.6416631168687017,40,0.25,0.3800436479903577,21,0.18181818181818182,4.0790309950203145,256,0.7954545454545454,0.0893414107168903,35.563184124546424,1.1292296808637876,0.0,0.0,2.8759379855211398
2015-09,2015-09,2015-09-01,2015,9,True,86,699.6976744186046,555.0,60174,36.58263415670966,2006,1.0,3.4280236839342195,197,0.6046511627906976,0.6612892133534771,47,0.26744186046511625,0.3374811929461245,22,0.1511627906976744,3.826830136568915,276,0.7325581395348837,0.102729151116919,35.465612506176726,1.3774758040493236,0.0,0.0,2.577593537414966
2015-10,2015-10,2015-10-01,2015,10,True,85,705.964705882353,593.0,60007,34.50466239782618,1924,1.0,2.912464893298956,159,0.4823529411764706,1.0193842952292023,74,0.2235294117647059,0.27449101946648696,21,0.16470588235294117,4.300401509801054,276,0.788235294117647,0.09895448899984795,34.5489443378119,0.0,0.0,0.0,3.3003300330033003
2015-11,2015-11,2015-11-01,2015,11,True,90,666.5444444444445,555.5,59989,33.05974527494433,1814,1.0,2.812117998196643,149,0.4777777777777778,1.0753107962361639,51,0.24444444444444444,0.43007029261668506,25,0.15555555555555556,4.101325534836247,269,0.8111111111111111,0.11333034563441943,31.54976516475333,0.0,0.0,0.0,3.571474125945484
2015-12,2015-12,2015-12-01,2015,12,True,91,593.7472527472528,492.0,54031,30.541767219944827,1559,1.0,2.9232293793353286,185,0.45054945054945056,0.6683269359987113,53,0.16483516483516483,0.3989173938375338,22,0.12087912087912088,3.6763473962807525,244,0.6043956043956044,0.10871025713668328,30.434782608695652,0.0,0.0,0.0,2.1739130434782608
2016-01,2016-01,2016-01-01,2016,1,True,160,665.84375,604.5,106535,20.690985758945416,2129,0.8625,16.113944918402456,1600,0.825,1.0616179886829322,115,0.26875,0.24402731565222918,26,0.1125,5.323650417243142,581,0.84375,2.3883915367542756,16.969352239331517,13.022912394400004,0.0,0.0,4.573170731707317
2016-02,2016-02,2016-02-01,2016,2,True,85,734.0588235294117,587.0,62395,31.628856618367685,1858,1.0,3.375920495371801,162,0.5647058823529412,1.0571936735412693,64,0.2235294117647059,0.5247127750181315,39,0.11764705882352941,3.855342957835168,263,0.8,0.12373832646422843,30.555555555555557,1.0706638115631693,0.0,0.0,3.003003003003003
2016-03,2016-03,2016-03-01,2016,3,True,87,604.0689655172414,544.0,52554,32.62485238999021,1584,1.0,2.008038802188909,105,0.3563218390804598,1.2205156791331349,69,0.20689655172413793,0.8902546411760378,29,0.1724137931034483,3.3839509325716706,181,0.6781609195402298,0.06969659503162262,30.952380952380953,0.0,0.0,0.0,2.865329512893983
2016-04,2016-04,2016-04-01,2016,4,True,48,616.1041666666666,481.5,29573,38.53513683778865,1045,1.0,4.28837919220382,113,0.625,0.5872848237626315,17,0.14583333333333334,0.6008848965877576,13,0.14583333333333334,2.99596995141648,87,0.7916666666666666,0.12257521613670762,37.73589554077359,2.2027393538307773,0.0,0.0,2.8777514616493036
2016-05,2016-05,2016-05-01,2016,5,True,47,702.5531914893617,508.0,33020,29.783843403670332,908,1.0,1.1276597789822966,38,0.3617021276595745,0.9007541025692485,22,0.1276595744680851,0.6186948397642232,21,0.1702127659574468,2.4762534855950853,90,0.574468085106383,0.04302458403562227,27.86377708978328,0.0,0.0,0.0,1.697792869269949
2016-06,2016-06,2016-06-01,2016,6,True,44,572.4772727272727,458.0,25189,34.0585354339763,794,1.0,5.879610439577771,132,0.5681818181818182,1.5093850232401385,38,0.22727272727272727,0.22439809534728192,7,0.06818181818181818,3.6684250476845506,96,0.7272727272727273,0.19863562349243463,35.993436110031524,2.455492380109055,0.0,0.0,2.389489671238195
2016-07,2016-07,2016-07-01,2016,7,True,46,660.0652173913044,595.5,30363,30.536023961916527,905,1.0,3.776113570391631,112,0.5652173913043478,0.3933060699013783,12,0.10869565217391304,0.15481325716176444,5,0.08695652173913043,4.2998497394562145,133,0.7608695652173914,0.15778437220473557,29.580024229371382,1.4600977061040958,0.0,0.0,2.8492103963802076
2016-08,2016-08,2016-08-01,2016,8,True,44,612.4318181818181,523.0,26947,33.74081161467159,852,1.0,3.35163787973125,79,0.5,1.4095103852046784,34,0.20454545454545456,1.142105852790072,24,0.20454545454545456,3.4759101893694453,102,0.7954545454545454,0.10477722666910813,31.629665106579044,0.2730748225013654,0.0,0.0,2.6585302009030825
2016-09,2016-09,2016-09-01,2016,9,True,46,748.9130434782609,627.5,34450,33.94457779235552,1084,1.0,2.545911783775449,84,0.5869565217391305,1.9921141273281389,71,0.391304347826087,0.2587799812649338,11,0.15217391304347827,3.663078327448698,122,0.8478260869565217,0.10757609927539497,30.426964707541515,1.2453609142779154,0.0,0.0,3.1311778064600455
2016-10,2016-10,2016-10-01,2016,10,True,45,696.1555555555556,483.0,31327,31.27014614974747,893,1.0,5.308977624645431,128,0.5555555555555556,0.7745459386977267,29,0.2222222222222222,0.7748495048828438,26,0.2,3.072947347973852,117,0.6666666666666666,0.24634008244865097,29.209621993127147,1.1911852293031566,0.0,0.0,2.849002849002849
2016-11,2016-11,2016-11-01,2016,11,True,49,550.0408163265306,483.0,26952,33.142123928927,867,1.0,4.106156751791152,91,0.5102040816326531,1.099329244242908,29,0.24489795918367346,0.3111284795737898,8,0.12244897959183673,4.174856198957376,119,0.7959183673469388,0.14154634372792804,33.222591362126245,1.3440860215053763,0.0,0.0,2.9761904761904763
2016-12,2016-12,2016-12-01,2016,12,True,47,651.6170212765958,589.0,30626,30.093581136299164,848,1.0,5.183599942079419,160,0.723404255319149,0.7763149831900235,33,0.23404255319148937,0.32260837518826274,11,0.1702127659574468,4.69317701173475,154,0.7872340425531915,0.23233343099682227,28.61230329041488,3.179650238473768,0.0,0.0,3.5906642728904847
2017-01,2017-01,2017-01-01,2017,1,True,43,570.0232558139535,599.0,24511,30.81737160196226,747,1.0,5.8386667806000325,154,0.627906976744186,0.19244655203442929,6,0.09302325581395349,0.5227164501736606,12,0.18604651162790697,3.6295244975691507,99,0.7674418604651163,0.2184762572922747,30.47091412742382,4.3478260869565215,0.0,0.0,2.9197080291970803
2017-02,2017-02,2017-02-01,2017,2,True,45,662.8222222222222,574.0,29827,30.844262832087512,889,1.0,3.8200273860707847,103,0.6666666666666666,0.5668333239881745,21,0.2,0.1855848038371209,5,0.1111111111111111,3.9693018970317553,131,0.7555555555555555,0.15803381037174136,30.150753768844222,2.074688796680498,0.0,0.0,3.1104199066874028
2017-03,2017-03,2017-03-01,2017,3,True,45,657.4,615.0,29583,28.994503605299435,831,1.0,3.023864128361671,88,0.4222222222222222,0.7680459223943246,22,0.2,0.18833685921570253,5,0.06666666666666667,3.4170049059074783,110,0.6666666666666666,0.15882397248987407,27.972027972027973,0.0,0.0,0.0,3.1695721077654517
2017-04,2017-04,2017-04-01,2017,4,True,42,598.5238095238095,499.5,25138,32.351482300022205,792,1.0,4.134844491500396,136,0.38095238095238093,1.0084181893868058,19,0.16666666666666666,0.2102247163376755,6,0.07142857142857142,3.6173635934881254,120,0.6190476190476191,0.1518868728532594,28.888950706576164,0.0,0.0,0.0,1.8448371664385326
2017-05,2017-05,2017-05-01,2017,5,True,46,530.0434782608696,456.0,24382,31.341374120516043,734,1.0,3.119175627607401,95,0.5217391304347826,0.2107839911018651,5,0.08695652173913043,0.7092150178352216,19,0.10869565217391304,4.482997031261689,121,0.8478260869565217,0.11582854350853024,30.568515749858225,1.2904313750682554,0.0,0.0,3.781510603946297
2017-06,2017-06,2017-06-01,2017,6,True,41,766.8048780487804,591.0,31439,32.388649804617785,944,1.0,5.879422403273123,166,0.7073170731707317,0.28733253547584314,9,0.14634146341463414,0.10073429924120829,6,0.04878048780487805,3.2396383718388195,109,0.8048780487804879,0.22857964496538263,31.685678073510772,2.1052631578947367,0.0,0.0,3.4153005464480874
2017-07,2017-07,2017-07-01,2017,7,True,48,751.6458333333334,584.0,36079,26.94640322203387,990,1.0,3.504454263094909,95,0.5,0.988238855232281,45,0.2916666666666667,0.20714204195555294,11,0.10416666666666667,3.875051600834636,156,0.8125,0.18928565784880258,25.94997594997595,0.3259452411994785,0.0,0.0,2.779709473033534
2017-08,2017-08,2017-08-01,2017,8,True,45,588.9777777777778,507.0,26504,31.422262544153618,800,1.0,2.5805804032437165,71,0.6222222222222222,3.2274651155794407,102,0.26666666666666666,0.4709060610227133,10,0.17777777777777778,4.906595124393598,136,0.8,0.08513602901629426,32.200357781753134,1.7889087656529516,0.0,0.0,4.1208791208791204
2017-09,2017-09,2017-09-01,2017,9,True,45,592.6666666666666,498.0,26670,32.3909646630359,840,1.0,3.1653861967408616,74,0.5333333333333333,1.315570924017899,39,0.37777777777777777,0.4624645172573349,11,0.17777777777777778,3.136376387188329,86,0.6666666666666666,0.14224329750607792,30.501089324618736,0.9900990099009901,0.0,0.0,3.028009084027252
2017-10,2017-10,2017-10-01,2017,10,True,43,771.4651162790698,671.0,33173,28.074464192535025,891,1.0,2.078985252174641,63,0.5581395348837209,1.1578196702304788,40,0.32558139534883723,0.4457029024717581,11,0.13953488372093023,2.7712010719771545,112,0.7209302325581395,0.09886841973783476,28.890959925442683,0.9694619486185168,0.0,0.0,2.1739130434782608
2017-11,2017-11,2017-11-01,2017,11,True,45,575.7777777777778,508.0,25910,32.0897789932588,807,1.0,3.2555732147965215,74,0.4666666666666667,0.7067251548672513,16,0.24444444444444444,0.053036329885971886,2,0.022222222222222223,4.124332467747367,104,0.7555555555555555,0.10872228791433437,32.03883495145631,0.0,0.0,0.0,2.2522522522522523
2017-12,2017-12,2017-12-01,2017,12,True,45,583.9555555555555,539.0,26278,32.47134758183124,843,1.0,3.202134218250834,92,0.5333333333333333,0.5918604688523946,23,0.2,0.15946159685494377,5,0.08888888888888889,4.15609643053322,113,0.7111111111111111,0.13202167192169803,33.80782918149466,1.335113484646195,0.0,0.0,3.597122302158273
2018-01,2018-01,2018-01-01,2018,1,True,45,707.6,632.0,31842,32.81687011663309,1001,1.0,7.717854774142256,206,0.6,0.7442196688633161,28,0.2222222222222222,0.2762527515140237,10,0.15555555555555556,5.2754729329787775,161,0.7333333333333333,0.2689388252907387,33.13253012048193,1.5797788309636651,0.0,0.0,3.0120481927710845
2018-02,2018-02,2018-02-01,2018,2,True,44,670.6818181818181,567.0,29510,21.739395091976306,680,1.0,6.094171354738811,139,0.6363636363636364,1.6592234634038001,43,0.3409090909090909,0.2761970797401553,6,0.13636363636363635,6.132502094369355,178,0.8409090909090909,0.4887251006569188,19.71383147853736,1.972564917704475,0.0,0.0,4.65913887716336
2018-03,2018-03,2018-03-01,2018,3,True,81,648.7037037037037,510.0,52545,20.209753364575445,1045,1.0,6.528591307974939,297,0.6666666666666666,1.7576679269783932,72,0.2839506172839506,0.4076013862460838,20,0.16049382716049382,3.557194462329568,190,0.654320987654321,0.5576726642194284,17.982799061767004,2.109704641350211,0.0,0.0,2.336448598130841
2018-04,2018-04,2018-04-01,2018,4,True,83,551.6626506024096,488.0,45788,25.305152616579967,1113,1.0,3.688402824401452,157,0.40963855421686746,0.4015995280580638,23,0.1927710843373494,0.20700022458054515,12,0.12048192771084337,3.2225214267004874,167,0.6385542168674698,0.24150268717373072,23.80952380952381,0.0,0.0,0.0,2.197802197802198
2018-05,2018-05,2018-05-01,2018,5,True,44,774.3863636363636,650.0,34073,28.712572736305678,942,1.0,9.979394697681029,291,0.7727272727272727,1.2893969164089591,48,0.25,0.17656544536430646,6,0.11363636363636363,5.349287695238485,178,0.9772727272727273,0.4209494760087713,27.663038727161464,4.62243050378102,0.0,0.0,4.699552493670141
2018-06,2018-06,2018-06-01,2018,6,True,84,587.5595238095239,484.0,49355,32.093095597249764,1545,1.0,2.8855740930243146,131,0.5119047619047619,2.72518321035304,132,0.39285714285714285,1.1674074898750182,49,0.30952380952380953,4.594193275349355,237,0.75,0.11856604374869006,31.394966817793545,1.0444880378245618,0.0,0.0,3.3302294301751116
2018-07,2018-07,2018-07-01,2018,7,True,45,755.6,608.0,34002,29.965238619376986,934,1.0,2.69608431192157,97,0.6444444444444445,1.3014662578417142,56,0.37777777777777777,0.8161042263869536,29,0.2222222222222222,4.206995413774646,174,0.8444444444444444,0.09985505269151604,29.16346891788181,1.5584415584415585,0.0,0.0,3.257328990228013
2018-08,2018-08,2018-08-01,2018,8,True,158,694.4050632911392,538.0,109716,16.69712663333129,1752,0.9177215189873418,14.12861791247431,1322,0.7341772151898734,7.60462078757623,758,0.6075949367088608,1.4725518470734458,152,0.3987341772151899,7.337937318768238,769,0.8481012658227848,3.0382797440768425,11.855164111863688,7.9432947237457725,3.6290994570604074,0.0,4.811560091446651
2018-09,2018-09,2018-09-01,2018,9,True,247,786.7813765182186,643.0,194335,8.346200579308263,1435,0.8178137651821862,11.872022709898681,1919,0.8947368421052632,10.611414311839027,1994,0.8178137651821862,4.220916065237973,749,0.6396761133603239,7.374901923270306,1399,0.8785425101214575,2.9516286558319056,4.016064257028113,8.771929824561404,6.369426751592357,1.9841269841269842,5.390835579514825
2018-10,2018-10,2018-10-01,2018,10,True,64,507.875,405.5,32504,26.85945505952926,829,1.0,5.464897476563514,165,0.5,0.49119802941648816,16,0.1875,0.45970898659812504,15,0.09375,3.150977051749331,107,0.59375,0.37118508490701185,25.923852183650617,0.6527415143603134,0.0,0.0,2.37990129493797
2018-11,2018-11,2018-11-01,2018,11,True,40,766.975,589.5,30679,34.8924912402374,1043,1.0,4.876096256928129,155,0.65,1.221995367799694,36,0.375,0.6271835013081739,15,0.175,3.0200495552412057,104,0.725,0.1950217509472055,34.91655680728667,2.489697802197802,0.0,0.0,2.4408983451536646
2018-12,2018-12,2018-12-01,2018,12,True,48,557.5,498.0,26760,30.947139390250282,756,1.0,5.019103634337241,97,0.4791666666666667,0.5825790805187215,17,0.14583333333333334,0.14870511921027044,4,0.041666666666666664,3.1824138934628095,81,0.5833333333333334,0.16944242942861057,26.14490772385509,0.0,0.0,0.0,1.5105878057685287
2019-01,2019-01,2019-01-01,2019,1,True,42,551.0,407.5,23142,25.80962648298714,509,1.0,4.48724125319152,94,0.6190476190476191,0.9930308785852301,16,0.11904761904761904,0.11162182994002971,2,0.047619047619047616,3.530687322824707,78,0.6190476190476191,0.3423838931092577,25.751466275659823,2.5725872500066047,0.0,0.0,2.53911788209213
2019-02,2019-02,2019-02-01,2019,2,True,75,675.4666666666667,537.0,50660,20.0786531982808,917,1.0,2.8889162619855107,154,0.56,0.43716838563464194,27,0.13333333333333333,0.24412480558604183,16,0.16,2.9977535045664125,185,0.6533333333333333,0.6054621237959148,17.857142857142858,1.288659793814433,0.0,0.0,2.207505518763797
2019-03,2019-03,2019-03-01,2019,3,True,76,675.7894736842105,518.0,51360,22.483041416652735,1090,1.0,3.579925586740586,148,0.4868421052631579,1.0412652756432947,78,0.15789473684210525,0.25726949813745154,28,0.10526315789473684,3.0535811025692188,184,0.6447368421052632,0.4197407966209905,21.21925902267646,0.0,0.0,0.0,2.5001406329106013
2019-04,2019-04,2019-04-01,2019,4,True,78,664.4358974358975,630.0,51826,17.21386586192155,874,1.0,4.993201271143795,246,0.6923076923076923,1.0083300806908777,59,0.2564102564102564,0.6037742512846486,39,0.16666666666666666,4.031818141151348,231,0.7435897435897436,0.7051380442818582,12.834943992971667,2.187697251391519,0.0,0.0,2.978606375947587
2019-05,2019-05,2019-05-01,2019,5,True,54,784.2222222222222,615.0,42348,17.534916726192655,596,1.0,4.7562196471821725,235,0.6111111111111112,1.475338929030575,99,0.3333333333333333,0.5787719994428823,32,0.2222222222222222,3.605761820957255,149,0.7407407407407407,0.5397302875967047,12.684630453122097,1.3631290311198274,0.0,0.0,2.715791333019312
2019-06,2019-06,2019-06-01,2019,6,True,57,634.719298245614,573.0,36179,19.06321871985311,631,1.0,4.423334982130579,176,0.5263157894736842,2.43840880466457,98,0.2631578947368421,0.6866142656678581,26,0.21052631578947367,3.638970058315923,143,0.7543859649122807,0.6503189953250708,16.091954022988507,1.1001100110011002,0.0,0.0,2.6595744680851063
2019-07,2019-07,2019-07-01,2019,7,True,48,701.625,646.0,33678,21.934761600837778,707,1.0,3.710846788723684,132,0.4583333333333333,0.9525938739819075,35,0.375,0.7222669294735836,25,0.25,3.8228686268154473,138,0.8541666666666666,0.247129837933824,20.603850268819013,0.0,0.0,0.0,3.2699611658771817
2019-08,2019-08,2019-08-01,2019,8,True,42,648.5952380952381,567.0,27241,27.611668077069485,683,1.0,4.278886769974567,110,0.40476190476190477,0.24565518792607335,5,0.11904761904761904,0.0505510059650187,1,0.023809523809523808,3.3301864430936856,102,0.6428571428571429,0.21545429856911877,23.8940859362613,0.0,0.0,0.0,2.259110837780467
2019-09,2019-09,2019-09-01,2019,9,True,43,570.2325581395348,473.0,24520,25.24352945780363,620,1.0,4.540158266693254,97,0.5348837209302325,0.4239731248420623,8,0.13953488372093023,0.11231555567621081,4,0.06976744186046512,2.707420067664751,74,0.627906976744186,0.2992949829588742,24.253731343283583,1.0460251046025104,0.0,0.0,2.092050209205021
2019-10,2019-10,2019-10-01,2019,10,True,46,610.4130434782609,509.5,28079,20.435921461666453,533,1.0,4.639954067821385,107,0.5434782608695652,0.8160503286340957,63,0.13043478260869565,0.3349882528257277,14,0.17391304347826086,2.9783768132961894,96,0.6521739130434783,0.35461129831447874,16.400681985745884,1.248689070975331,0.0,0.0,2.219996552572051
2019-11,2019-11,2019-11-01,2019,11,True,46,540.9565217391304,525.0,24884,22.94629937940591,559,1.0,3.6955307952436285,83,0.5869565217391305,0.17732436594416245,6,0.13043478260869565,0.21016039554280092,6,0.08695652173913043,3.2408839121146586,78,0.6956521739130435,0.17287533111584127,21.782263630089716,1.9206075503540374,0.0,0.0,2.8701553260529393
2019-12,2019-12,2019-12-01,2019,12,True,41,669.1219512195122,606.0,27434,25.805348112129025,631,1.0,2.1911171254400075,61,0.4878048780487805,0.5281877096460138,13,0.24390243902439024,0.26853651610447615,9,0.17073170731707318,2.4884755640928153,73,0.5853658536585366,0.12349359743431837,26.252983293556085,0.0,0.0,0.0,1.392757660167131
2020-01,2020-01,2020-01-01,2020,1,True,41,672.170731707317,527.0,27559,27.50345992361855,716,1.0,2.377145791745859,47,0.5609756097560976,0.2988438874631817,5,0.12195121951219512,0.34538826260987876,8,0.12195121951219512,3.6937764580975005,92,0.8048780487804879,0.1325926484543568,25.69593147751606,0.819672131147541,0.0,0.0,3.125
2020-02,2020-02,2020-02-01,2020,2,True,45,709.8,600.0,31941,23.67119275519424,732,1.0,2.586694954612695,74,0.5111111111111111,0.7195109347714971,15,0.2,0.7518115732960547,15,0.24444444444444444,2.829466451347951,96,0.6888888888888889,0.2389224187405302,24.150943396226417,1.4814814814814814,0.0,0.0,2.0161290322580645
2020-03,2020-03,2020-03-01,2020,3,True,43,693.8372093023256,626.0,29835,36.45519448336856,1037,1.0,2.3866801640267554,76,0.6744186046511628,1.1044599982457814,27,0.2558139534883721,0.3871463870788736,12,0.23255813953488372,5.047311565083286,150,0.813953488372093,0.07146728562606436,37.704918032786885,2.3837902264600714,0.0,0.0,4.101161995898838
2020-04,2020-04,2020-04-01,2020,4,True,45,624.1333333333333,570.0,28086,21.316196988977957,604,1.0,4.64061021016159,111,0.5555555555555556,0.3164056634514391,8,0.08888888888888889,0.04188920305791182,2,0.022222222222222223,3.921245120452351,111,0.7777777777777778,0.42397142171580526,21.904761904761905,1.5797788309636651,0.0,0.0,3.1746031746031744
2020-05,2020-05,2020-05-01,2020,5,True,44,577.9090909090909,510.0,25428,23.049244160618354,562,1.0,4.890448990363239,87,0.6363636363636364,0.7019403890908994,14,0.11363636363636363,0.39359238183584533,12,0.1590909090909091,3.544543924670205,97,0.7727272727272727,0.9964586112422371,25.68222928177934,1.7096533470144468,0.0,0.0,2.6144192913385824
2020-06,2020-06,2020-06-01,2020,6,True,43,783.3255813953489,582.0,33683,14.191465314330475,368,1.0,6.203201887783296,172,0.6976744186046512,1.9215337315958132,100,0.3023255813953488,1.1917870127180763,41,0.20930232558139536,3.489880275940708,139,0.6976744186046512,1.2038354735833727,7.194244604316546,2.237136465324385,0.0,0.0,3.319502074688797
2020-07,2020-07,2020-07-01,2020,7,True,41,794.6341463414634,558.0,32580,21.096634503461278,654,1.0,2.510685311075698,77,0.4878048780487805,0.34697945673503594,9,0.12195121951219512,0.1873030291920173,6,0.12195121951219512,3.4775600900099235,112,0.8048780487804879,0.1349182143540796,19.09307875894988,0.0,0.0,0.0,3.0303030303030303
2020-08,2020-08,2020-08-01,2020,8,True,42,883.4047619047619,534.5,37103,26.1856459598268,923,1.0,3.2018906253999377,101,0.5238095238095238,2.325777722240815,82,0.2857142857142857,0.1551670590979999,9,0.16666666666666666,4.200705418739169,142,0.8095238095238095,0.16430543442448203,25.863991081382387,0.9020276902464841,0.0,0.0,3.452168746286393
2020-09,2020-09,2020-09-01,2020,9,True,82,668.6829268292682,589.0,54832,30.166303090475107,1583,1.0,1.9721160229549792,117,0.43902439024390244,0.9966324441762142,54,0.36585365853658536,0.3391234879276091,19,0.17073170731707318,3.438981820670805,202,0.7682926829268293,0.08534920386353487,30.103220906548835,0.0,0.0,0.0,2.9001101201234016
2020-10,2020-10,2020-10-01,2020,10,True,44,683.5454545454545,572.5,30076,19.84480488914299,611,1.0,5.792293165253452,159,0.5454545454545454,1.0314183256892873,32,0.13636363636363635,1.2649182221057698,34,0.2727272727272727,4.73899743278944,152,0.75,1.0361480876520983,20.300997260743024,0.7616256676550979,0.0,0.0,3.136769029568227
2020-11,2020-11,2020-11-01,2020,11,True,45,756.2666666666667,615.0,34032,11.144147139848863,293,1.0,5.856794277804553,198,0.6222222222222222,1.4940452315834112,44,0.3111111111111111,0.980771466194702,34,0.3111111111111111,3.838418920771566,139,0.7555555555555555,1.8943501683501685,5.524861878453039,2.6246719160104988,0.0,0.0,2.4154589371980677
2020-12,2020-12,2020-12-01,2020,12,True,43,594.9767441860465,471.0,25584,18.566977096498043,484,0.9767441860465116,4.508840446576943,92,0.6511627906976745,1.4923221658652344,33,0.23255813953488372,0.4999104042934602,15,0.16279069767441862,3.510487965820533,99,0.7674418604651163,0.5392413107638672,14.8619957537155,2.8957528957528957,0.0,0.0,3.1847133757961785
2021-01,2021-01,2021-01-01,2021,1,True,43,816.8372093023256,687.0,35124,22.246678253124024,694,1.0,3.7076137535853047,124,0.5813953488372093,0.7900912689299054,31,0.18604651162790697,0.36081323974594176,16,0.16279069767441862,4.2440181262022545,147,0.8372093023255814,0.2415780518795147,20.2020202020202,1.7688679245283019,0.0,0.0,2.7247956403269753
2021-02,2021-02,2021-02-01,2021,2,True,39,632.9230769230769,476.0,24684,15.43268386759292,298,1.0,7.27994573711183,151,0.6153846153846154,1.5544035174453437,22,0.15384615384615385,0.3531901156025475,12,0.15384615384615385,4.418686331060089,104,0.7948717948717948,1.030564035207998,10.882708585247883,3.508771929824561,0.0,0.0,3.508771929824561
2021-03,2021-03,2021-03-01,2021,3,True,44,843.4772727272727,906.5,37113,19.013837446389523,641,1.0,5.855779444228545,147,0.7272727272727273,0.202377934950241,10,0.13636363636363635,0.2969573684437239,11,0.1590909090909091,3.2289913175723486,128,0.75,0.47488658605679146,16.88823563823564,2.2015011556669677,0.0,0.0,2.9433805342701325
2021-04,2021-04,2021-04-01,2021,4,True,42,689.1428571428571,666.0,28944,20.447180226884875,551,1.0,2.0311997710251095,58,0.35714285714285715,1.0950097153832359,34,0.14285714285714285,0.6051613781808394,18,0.16666666666666666,2.967078215096121,90,0.7857142857142857,0.2698501473954813,17.016014717857466,0.0,0.0,0.0,2.517666444845834
2021-05,2021-05,2021-05-01,2021,5,True,41,946.9756097560976,658.0,38826,15.273913080222563,459,1.0,5.781175668753956,141,0.7073170731707317,1.1278399744723868,83,0.2926829268292683,0.8979054783824758,35,0.34146341463414637,4.121565786787439,164,0.7804878048780488,0.7288835240592773,14.112903225806452,2.387267904509284,0.0,0.0,3.0120481927710845
2021-06,2021-06,2021-06-01,2021,6,True,42,692.0714285714286,564.5,29067,15.648234577386106,413,1.0,6.0124318542289155,138,0.7142857142857143,2.1198432057539915,51,0.23809523809523808,0.5600509781343121,18,0.2619047619047619,4.168359877579038,127,0.7619047619047619,0.6924044964861291,14.119436216527841,2.8632916581266654,0.0,0.0,2.6616170512594683
2021-07,2021-07,2021-07-01,2021,7,True,43,811.8604651162791,698.0,34910,20.741385831204287,709,1.0,3.8213555284477536,113,0.5581395348837209,0.33276481018564646,17,0.18604651162790697,0.4037895223634326,17,0.13953488372093023,4.013075614768634,141,0.6976744186046512,0.3755475114137922,18.753781004234725,0.8818342151675485,0.0,0.0,2.5728987993138936
2021-08,2021-08,2021-08-01,2021,8,True,42,651.4047619047619,547.5,27359,25.45356558104626,735,1.0,4.756802840923459,133,0.7619047619047619,1.6735039053700695,42,0.2619047619047619,0.5999304707730362,11,0.21428571428571427,4.724231888594811,112,0.7857142857142857,0.22431436588086823,24.68233707082868,3.164683465028582,0.0,0.0,3.2522474881015335
2021-09,2021-09,2021-09-01,2021,9,True,63,672.2698412698413,547.0,42353,16.725717567683706,556,1.0,2.957226760930533,103,0.47619047619047616,1.2067790262418479,54,0.2698412698412698,0.45243294883438256,25,0.19047619047619047,3.8901555292865226,169,0.6507936507936508,0.2862230640426129,13.409961685823754,0.0,0.0,0.0,2.5316455696202533
2021-10,2021-10,2021-10-01,2021,10,True,45,642.0444444444445,604.0,28892,25.899363889836998,749,1.0,4.586524294181069,104,0.5777777777777777,0.3103377836363663,10,0.1111111111111111,0.2586944399011535,7,0.13333333333333333,3.9407104250684775,107,0.7777777777777778,0.33539852249882424,26.881720430107528,1.597444089456869,0.0,0.0,3.3632286995515694
2021-11,2021-11,2021-11-01,2021,11,True,48,566.2916666666666,591.0,27182,29.81118958132414,790,1.0,4.895207958056916,127,0.6666666666666666,0.514406126237204,12,0.16666666666666666,0.2714807150696979,6,0.10416666666666667,3.627062772762848,105,0.8333333333333334,0.17808728976703478,30.893956157549294,2.1213959864266614,0.0,0.0,3.1397174254317113
2021-12,2021-12,2021-12-01,2021,12,True,44,660.3863636363636,655.0,29057,21.116658956443413,547,1.0,3.1794697884492398,95,0.5681818181818182,0.46346282674853845,15,0.1590909090909091,1.0039201242353264,25,0.38636363636363635,2.6810756509044213,87,0.6818181818181818,0.8065815046724865,19.216637272192827,1.4145290338586631,0.0,0.0,1.9143822316017791
2022-01,2022-01,2022-01-01,2022,1,True,44,652.3863636363636,564.5,28705,23.03986900094603,586,1.0,1.935172931503371,58,0.4318181818181818,0.20411536006639971,8,0.09090909090909091,0.1228797597362052,6,0.045454545454545456,2.9936646789973493,83,0.7045454545454546,0.20360491715950194,21.028588269967578,0.0,0.0,0.0,1.928961266310664
2022-02,2022-02,2022-02-01,2022,2,True,42,617.6666666666666,587.0,25942,22.27090380774338,591,1.0,2.8281615656186956,66,0.6190476190476191,0.6036391582772784,13,0.14285714285714285,0.9119714775759614,14,0.19047619047619047,3.06385488913538,90,0.6904761904761905,0.17576610199701811,22.886473429951693,1.4348265547899945,0.0,0.0,2.0549636819207526
2022-03,2022-03,2022-03-01,2022,3,True,43,600.0697674418604,584.0,25803,27.153805630848932,671,1.0,1.6856135849634226,35,0.3953488372093023,0.2349863722464998,5,0.11627906976744186,0.2619295751952079,6,0.13953488372093023,2.072979552335032,58,0.6976744186046512,0.06615452725728843,25.735294117647058,0.0,0.0,0.0,1.6
2022-04,2022-04,2022-04-01,2022,4,True,48,530.3958333333334,451.5,25459,24.744312612569463,601,1.0,1.4169576977005844,42,0.3125,0.0743043506201401,2,0.041666666666666664,0.05493712121734059,2,0.041666666666666664,1.7840739838402468,48,0.5416666666666666,0.07030143014808263,22.666178859257183,0.0,0.0,0.0,1.2918926853353083
2022-05,2022-05,2022-05-01,2022,5,True,43,520.9302325581396,441.0,22400,21.490203475973406,455,1.0,2.948675304650463,72,0.3953488372093023,0.22626074545776806,7,0.09302325581395349,0.033461602810774635,1,0.023255813953488372,1.9317428494640627,59,0.46511627906976744,0.2868595874409828,20.14388489208633,0.0,0.0,0.0,0.0
2022-06,2022-06,2022-06-01,2022,6,True,43,542.9767441860465,418.0,23348,22.2591042370588,477,1.0,3.262184424412291,56,0.4883720930232558,0.11036772249079899,4,0.06976744186046512,0.4567164512728856,7,0.13953488372093023,3.2659599254870675,78,0.6511627906976745,0.17614281795423056,17.3697270471464,0.0,0.0,0.0,2.73224043715847
2022-07,2022-07,2022-07-01,2022,7,True,57,648.8070175438596,534.0,36982,19.260316739245766,584,1.0,2.482116988944596,86,0.3333333333333333,0.12035799187199603,5,0.08771929824561403,0.47279616499101246,14,0.17543859649122806,2.6283821605470323,107,0.6491228070175439,0.15005752173342202,14.141414141414142,0.0,0.0,0.0,1.8050541516245486
2022-08,2022-08,2022-08-01,2022,8,True,72,607.7222222222222,616.0,43756,17.608603703274795,730,1.0,3.7927805117599025,160,0.3888888888888889,0.3674258649984891,21,0.125,0.48234491706576704,24,0.1111111111111111,3.277209239771393,142,0.6527777777777778,1.0921530233111116,16.596803838198692,0.0,0.0,0.0,1.718289085545723
2022-09,2022-09,2022-09-01,2022,9,True,42,543.5952380952381,490.5,22831,27.476159130169215,583,1.0,0.9547322653199279,19,0.2857142857142857,0.18744442416432192,5,0.11904761904761904,0.12984408445822182,3,0.07142857142857142,3.1309123463504522,83,0.7142857142857143,0.03410644560854645,25.555555555555557,0.0,0.0,0.0,3.0535772471256344
2022-10,2022-10,2022-10-01,2022,10,True,78,585.5,520.5,45669,27.031954801126748,1192,1.0,1.8719228945537896,82,0.4358974358974359,0.28805680740462136,16,0.1282051282051282,0.4913308026676904,15,0.14102564102564102,3.1875235067424073,166,0.7307692307692307,0.09481304610694896,25.25943438296261,0.0,0.0,0.0,2.4232649090492697
2022-11,2022-11,2022-11-01,2022,11,True,43,507.69767441860466,511.0,21831,27.265952803718328,602,1.0,1.6396752491056752,25,0.3953488372093023,0.1661754823467537,3,0.06976744186046512,0.23797205758399786,8,0.16279069767441862,2.321342483696193,58,0.5348837209302325,0.0693553539483772,25.956284153005466,0.0,0.0,0.0,1.3736263736263736
2022-12,2022-12,2022-12-01,2022,12,True,45,610.6666666666666,530.0,27480,23.82524367799813,637,1.0,2.673828578034058,73,0.4444444444444444,0.12277972640020081,3,0.044444444444444446,0.15067449993794796,7,0.1111111111111111,2.9104225200734066,93,0.6222222222222222,0.13674484143623103,21.67630057803468,0.0,0.0,0.0,2.1141649048625792
2023-01,2023-01,2023-01-01,2023,1,True,84,522.0714285714286,443.0,43854,22.49120730841046,996,1.0,5.409983566910112,224,0.5119047619047619,0.5902217208972551,29,0.15476190476190477,0.39738219185390783,22,0.09523809523809523,3.416503603735278,166,0.6547619047619048,0.4324122111126514,21.906180472026776,1.339590137458278,0.0,0.0,2.415473030135068
2023-02,2023-02,2023-02-01,2023,2,True,41,561.170731707317,554.0,23008,34.34393387464596,771,1.0,3.0436092763458324,57,0.5121951219512195,0.5948346995873689,14,0.12195121951219512,0.23404548937985034,4,0.07317073170731707,4.705769973941421,105,0.6829268292682927,0.10668070416927157,32.327586206896555,0.9532888465204957,0.0,0.0,3.3444816053511706
2023-03,2023-03,2023-03-01,2023,3,True,43,505.4418604651163,445.0,21734,29.221991737156518,609,1.0,2.7828565282276876,50,0.3953488372093023,0.6744917122631932,14,0.13953488372093023,0.3552423569198622,7,0.11627906976744186,2.8991705331117177,69,0.6511627906976745,0.1421980414887689,26.845637583892618,0.0,0.0,0.0,2.237136465324385
2023-04,2023-04,2023-04-01,2023,4,True,46,563.2173913043479,493.0,25908,29.62327016050512,722,1.0,1.9403052804234842,59,0.391304347826087,0.7739517246086187,14,0.13043478260869565,0.17936567552185192,5,0.10869565217391304,4.363266139600685,112,0.7608695652173914,0.07472552026860395,27.798989127668086,0.0,0.0,0.0,3.865671641791045
2023-05,2023-05,2023-05-01,2023,5,True,42,661.9285714285714,518.0,27801,40.70438558549129,966,1.0,1.0919979009888885,43,0.47619047619047616,1.076017154585148,28,0.19047619047619047,0.23524077096779059,6,0.14285714285714285,2.4108071921441057,67,0.6190476190476191,0.033562482487218895,39.81987056130085,0.0,0.0,0.0,1.8193606435905578
2023-06,2023-06,2023-06-01,2023,6,True,46,649.0652173913044,559.0,29857,25.07407801887479,743,1.0,3.467685644972077,92,0.43478260869565216,0.7074573389255205,21,0.21739130434782608,0.46271955612864313,14,0.17391304347826086,3.380069800635634,102,0.6956521739130435,0.2669446594617233,24.025668197338987,0.0,0.0,0.0,2.8957528957528957
2023-07,2023-07,2023-07-01,2023,7,True,41,656.780487804878,678.0,26928,25.83687859747306,625,1.0,2.251176504677261,58,0.4634146341463415,2.6888865085457425,70,0.24390243902439024,0.4381134864306978,14,0.17073170731707318,3.703872975287593,102,0.6585365853658537,0.2122494666330556,25.423728813559322,0.0,0.0,0.0,2.3640661938534278
2023-08,2023-08,2023-08-01,2023,8,True,79,739.493670886076,672.0,58420,23.284618411238785,1275,1.0,2.7254347103183103,133,0.5443037974683544,1.3486085570669581,94,0.3291139240506329,0.47740721213241416,35,0.1518987341772152,4.5868493527145615,256,0.7721518987341772,0.20896247307684881,22.988505747126435,1.0080645161290323,0.0,0.0,3.389830508474576
2023-09,2023-09,2023-09-01,2023,9,True,81,595.9135802469136,566.0,48269,31.212619312230217,1500,1.0,1.568108120094885,78,0.4074074074074074,0.7042207288092611,47,0.2222222222222222,0.3526447977257578,18,0.1728395061728395,4.307350891986626,203,0.7530864197530864,0.07961034054039177,32.18884120171674,0.0,0.0,0.0,3.293084522502744
2023-10,2023-10,2023-10-01,2023,10,True,76,689.1184210526316,576.5,52373,29.60735338773445,1486,1.0,2.530270215165749,104,0.5657894736842105,1.235712086066149,58,0.2236842105263158,0.5296121386636756,25,0.21052631578947367,2.978377156904372,175,0.6710526315789473,0.16103869514323793,28.18603111552466,1.0299625468164795,0.0,0.0,2.6070017782724966
2023-11,2023-11,2023-11-01,2023,11,True,44,653.4318181818181,650.0,28751,31.76479341732886,888,1.0,1.8946472019971339,56,0.5,0.5841370645643019,23,0.25,0.6813639311889761,16,0.22727272727272727,3.861029153795442,103,0.75,0.06466458647585632,29.934308748880262,0.5500550055005501,0.0,0.0,2.1962470934682745
2023-12,2023-12,2023-12-01,2023,12,True,46,593.4565217391304,563.5,27299,25.166725571042004,637,1.0,2.499861074396345,72,0.5869565217391305,0.40337252845774524,13,0.08695652173913043,0.4040351573666577,10,0.1956521739130435,3.3342120024596813,99,0.6956521739130435,0.11316278972338419,24.11424679833231,1.5975460060073856,0.0,0.0,2.922722782944099
2024-01,2024-01,2024-01-01,2024,1,True,201,723.5074626865671,623.0,145425,9.742081881209826,1263,0.8706467661691543,4.1080731501302825,548,0.6318407960199005,18.249245580800878,2555,0.8557213930348259,15.842675140454071,2027,0.8159203980099502,4.0926569708476785,650,0.746268656716418,1.0521144359286871,4.926108374384237,2.159827213822894,16.359918200409,13.986013986013987,3.02571860816944
2024-02,2024-02,2024-02-01,2024,2,True,117,775.3418803418804,632.0,90715,10.489429112302043,765,0.8376068376068376,4.458343688504325,365,0.7350427350427351,12.966649067367625,1192,0.7350427350427351,11.836392380805583,1019,0.6923076923076923,3.3964320435267044,308,0.7777777777777778,1.2514659762590892,4.893964110929853,1.9011406844106464,10.273972602739725,8.333333333333334,2.5380710659898478
2024-03,2024-03,2024-03-01,2024,3,True,41,664.4634146341464,634.0,27243,25.53208438320907,630,1.0,3.2568802333158913,82,0.6585365853658537,1.3613786005384167,34,0.1951219512195122,0.127616992080266,6,0.14634146341463414,3.4979765412838173,86,0.7804878048780488,0.19899681344538184,23.65930599369085,1.466275659824047,0.0,0.0,2.6525198938992043
2024-04,2024-04,2024-04-01,2024,4,True,43,778.5813953488372,708.0,33479,18.50932743100709,597,1.0,8.696476072175225,292,0.5581395348837209,0.2048001776098882,5,0.09302325581395349,0.08673095431756317,3,0.06976744186046512,3.842647889226425,124,0.7209302325581395,0.8070008279611326,15.536723163841808,1.408450704225352,0.0,0.0,2.6560424966799467
2024-05,2024-05,2024-05-01,2024,5,True,66,707.8787878787879,622.0,46720,20.674006897720197,939,1.0,2.9832411229877445,122,0.48484848484848486,1.3132626623518933,77,0.24242424242424243,1.1320322926147612,57,0.3333333333333333,2.9738766301710666,149,0.7272727272727273,0.24211415423594707,17.84267191479509,0.0,0.0,0.0,2.5252887581605568
2024-06,2024-06,2024-06-01,2024,6,True,81,713.5555555555555,690.0,57798,21.148359522203926,1149,1.0,4.550622787541143,242,0.5432098765432098,0.9641124620818105,52,0.24691358024691357,0.6668398527366656,31,0.1728395061728395,3.8907508600309715,230,0.7283950617283951,0.30368857852990183,19.157088122605366,1.0787486515641855,0.0,0.0,2.8011204481792715
2024-07,2024-07,2024-07-01,2024,7,True,45,682.5111111111111,679.0,30713,25.65781168611038,736,1.0,4.496735382621517,104,0.4666666666666667,0.49694336200203443,19,0.2,0.059550927687208696,3,0.044444444444444446,3.943955930242804,112,0.7555555555555555,0.24406167536363826,25.089605734767026,0.0,0.0,0.0,2.347417840375587
2024-08,2024-08,2024-08-01,2024,8,True,75,773.6933333333334,715.0,58027,25.182300509125366,1290,1.0,9.547449576652943,519,0.7066666666666667,1.2759389888928596,64,0.24,0.5251719181000079,27,0.18666666666666668,4.21646657313115,274,0.84,0.6399924764757485,23.448275862068964,5.787037037037037,0.0,0.0,3.861003861003861
2024-09,2024-09,2024-09-01,2024,9,True,42,779.8571428571429,763.5,32754,38.5447352686933,1239,1.0,4.564707468996621,127,0.7857142857142857,1.4258840795817622,55,0.38095238095238093,0.5239895516661941,18,0.23809523809523808,4.097121800883961,149,0.8571428571428571,0.1469711257568119,41.40971231319138,2.7685376226367424,0.0,0.0,3.232700064789851
2024-10,2024-10,2024-10-01,2024,10,True,48,799.6041666666666,753.5,38381,26.480836317757447,969,1.0,2.2722832341355477,101,0.6666666666666666,0.7579720310725412,28,0.2708333333333333,0.3449249033543313,14,0.25,4.978317724379838,174,0.7708333333333334,0.1090282794297981,24.732892912486747,1.3792226234276104,0.0,0.0,3.259854598812779
2024-11,2024-11,2024-11-01,2024,11,True,43,578.3720930232558,602.0,24870,23.349300635057805,549,1.0,4.158065821205005,86,0.4883720930232558,0.2919279606069347,6,0.11627906976744186,0.4731008998435407,8,0.11627906976744186,3.6840842175718294,90,0.6976744186046512,0.3630424979004131,22.22222222222222,0.0,0.0,0.0,2.5284450063211126
2024-12,2024-12,2024-12-01,2024,12,True,44,612.5,592.5,26950,29.091896603424832,728,1.0,1.625420783727021,36,0.45454545454545453,0.6314153094630981,18,0.29545454545454547,0.4357862317150019,10,0.13636363636363635,1.86776116800919,46,0.5681818181818182,0.08503785086602424,28.200730577334284,0.0,0.0,0.0,1.3345940305630046
2025-01,2025-01,2025-01-01,2025,1,True,78,820.4487179487179,644.0,63995,21.63202912405566,1273,0.9871794871794872,5.039366561571273,369,0.6923076923076923,1.5347923943952635,90,0.3717948717948718,0.6738806823290803,34,0.32051282051282054,3.925516631899343,349,0.717948717948718,0.2988418546552107,18.706544531508662,2.5715204114432657,0.0,0.0,2.9433805342701325
2025-02,2025-02,2025-02-01,2025,2,True,75,762.76,739.0,57207,22.381644981008726,1184,1.0,6.4455147496192025,343,0.76,2.1470734997797454,148,0.38666666666666666,0.5912201503210921,39,0.25333333333333335,5.826529454939576,353,0.84,0.6486765965499006,18.840579710144926,3.464203233256351,0.0,0.0,3.937007874015748
2025-03,2025-03,2025-03-01,2025,3,True,81,704.5308641975308,621.0,57067,16.436086361365696,811,1.0,4.680225551875054,244,0.5432098765432098,1.3472866651659892,89,0.24691358024691357,0.43827515250866855,26,0.14814814814814814,4.006698333264549,233,0.7160493827160493,0.867918948726291,11.82033096926714,1.5748031496062993,0.0,0.0,2.805049088359046
2025-04,2025-04,2025-04-01,2025,4,True,66,716.2424242424242,666.5,47272,21.476414810352942,937,1.0,4.30408046331389,229,0.5909090909090909,0.745299686648384,38,0.21212121212121213,0.22567565547404786,15,0.13636363636363635,4.2101111016271515,218,0.696969696969697,0.4220868938527909,19.18989135569202,2.140376321514446,0.0,0.0,3.374697336561743
2025-05,2025-05,2025-05-01,2025,5,True,45,693.0222222222222,616.0,31186,26.251734616185622,812,1.0,5.065443003490094,158,0.6444444444444445,0.37253690802094186,16,0.2,0.1719483062380873,6,0.13333333333333333,2.987738257248694,145,0.6888888888888889,0.4812714541032174,30.76923076923077,3.257328990228013,0.0,0.0,2.207505518763797
2025-06,2025-06,2025-06-01,2025,6,True,44,843.2045454545455,537.0,37101,24.793538817343627,891,1.0,4.0970131953483815,123,0.7954545454545454,0.6697493848156163,18,0.25,0.39594723959094863,15,0.25,4.935551503814186,185,0.8181818181818182,0.24246986205465246,25.02406490649065,3.6306865927402745,0.0,0.0,4.453838438935126
2025-07,2025-07,2025-07-01,2025,7,True,73,798.2328767123288,650.0,58271,23.551572689575437,1248,1.0,5.321151741974545,234,0.684931506849315,1.4091933905224,89,0.3013698630136986,0.8218797764100149,51,0.2191780821917808,3.8259340933685086,214,0.821917808219178,0.5382518633115211,23.696682464454977,2.944888514934792,0.0,0.0,3.289473684210526
2025-08,2025-08,2025-08-01,2025,8,True,72,801.875,729.0,57735,21.707033092747775,1188,1.0,4.589854810811549,226,0.5277777777777778,1.2033476088821076,65,0.3055555555555556,0.36270079592274435,24,0.19444444444444445,3.5149524397793535,198,0.7222222222222222,0.26073562548023443,20.008551320954055,1.0425810938140545,0.0,0.0,2.387301153197502
2025-09,2025-09,2025-09-01,2025,9,True,76,684.421052631579,676.0,52016,18.498949365770603,908,1.0,4.962146575514789,225,0.6052631578947368,1.7429023594791384,97,0.32894736842105265,0.6121848022410734,31,0.17105263157894737,4.016571115489813,225,0.7236842105263158,0.33040140452273514,17.062762278727288,1.3884619817881432,0.0,0.0,2.870770041846519
2025-10,2025-10,2025-10-01,2025,10,True,72,728.3472222222222,649.5,52441,20.43930744014535,949,1.0,3.04463675063222,149,0.5694444444444444,0.8889677062251747,45,0.2361111111111111,0.34358880945304726,19,0.20833333333333334,3.9199870756928856,206,0.7361111111111112,0.31571416695094456,20.563950771148154,1.5135382677886542,0.0,0.0,2.4447240160292134
2025-11,2025-11,2025-11-01,2025,11,True,73,755.6849315068494,683.0,55165,18.071712047636797,896,1.0,4.7701654575270265,244,0.6986301369863014,0.7549701869805184,42,0.2602739726027397,0.32010025177553747,17,0.136986301369863,3.331184655003453,187,0.7945205479452054,0.6123571943241178,16.304347826086957,2.242152466367713,0.0,0.0,2.4906600249066004
2025-12,2025-12,2025-12-01,2025,12,True,88,662.0795454545455,603.0,58263,18.763366402700196,994,1.0,5.218022067269971,223,0.5681818181818182,1.3876190037220841,97,0.2727272727272727,0.5516192451120017,31,0.22727272727272727,3.116630014826754,215,0.6704545454545454,0.4634046470205939,17.83743475018643,1.1605162331115144,0.0,0.0,2.7825508134800847
