month,year_month,year,month_num,nexis_total_results,media_salience_volume_raw,media_salience_volume_log1p,media_salience_volume_z,raw_article_count,download_fraction,retrieval_mismatch_flag,high_download_sample_flag,kept_article_count,cleaned_sample_size,cleaned_sample_fraction,cleaned_sample_log1p,cleaned_sample_z
2013-01,2013-01,2013,1,42,42,3.7612001156935624,-0.9099411283390894,42,1.0,False,False,38,38,0.9047619047619048,3.6635616461296463,-0.9733381032416775
2013-02,2013-02,2013,2,55,55,4.02535169073515,-0.8242498997218768,55,1.0,False,True,41,41,0.7454545454545455,3.7376696182833684,-0.8131685419487432
2013-03,2013-03,2013,3,67,67,4.219507705176107,-0.745150304075219,67,1.0,False,True,61,61,0.9104477611940298,4.127134385045092,0.25462853333748503
2013-04,2013-04,2013,4,63,63,4.1588830833596715,-0.7715168359574383,63,1.0,False,True,55,55,0.873015873015873,4.02535169073515,-0.06571058924838342
2013-05,2013-05,2013,5,64,64,4.174387269895637,-0.7649252029868834,64,1.0,False,True,54,54,0.84375,4.007333185232471,-0.11910044301269483
2013-06,2013-06,2013,6,83,83,4.430816798843313,-0.6396841765463419,83,1.0,False,True,71,71,0.8554216867469879,4.276666119016055,0.7885270709805992
2013-07,2013-07,2013,7,104,104,4.653960350157523,-0.5012598841646908,104,1.0,False,True,91,91,0.875,4.5217885770490405,1.8563241462668274
2013-08,2013-08,2013,8,146,146,4.990432586778736,-0.2244112994013886,146,1.0,False,True,130,130,0.8904109589041096,4.875197323201151,3.938528443074973
2013-09,2013-09,2013,9,95,95,4.564348191467836,-0.5605845808996841,91,0.9578947368421052,False,True,80,80,0.8421052631578947,4.394449154672439,1.2690357548594018
2013-10,2013-10,2013,10,151,151,5.0238805208462765,-0.19145313454861454,141,0.9337748344370861,False,True,125,125,0.8278145695364238,4.836281906951478,3.6715791742534156
2013-11,2013-11,2013,11,146,146,4.990432586778736,-0.2244112994013886,136,0.9315068493150684,False,True,117,117,0.8013698630136986,4.770684624465665,3.244460344138924
2013-12,2013-12,2013,12,131,131,4.882801922586371,-0.3232857939597108,50,0.3816793893129771,False,False,45,45,0.3435114503816794,3.828641396489095,-0.5996091268914975
2014-01,2014-01,2014,1,165,165,5.111987788356544,-0.09917027296084711,50,0.30303030303030304,False,False,45,45,0.2727272727272727,3.828641396489095,-0.5996091268914975
2014-02,2014-02,2014,2,106,106,4.672828834461906,-0.48807661822358117,50,0.4716981132075472,False,False,46,46,0.4339622641509434,3.8501476017100584,-0.5462192731271861
2014-03,2014-03,2014,3,85,85,4.454347296253507,-0.6265009106052323,50,0.5882352941176471,False,False,46,46,0.5411764705882353,3.8501476017100584,-0.5462192731271861
2014-04,2014-04,2014,4,102,102,4.634728988229636,-0.5144431501058004,50,0.49019607843137253,False,False,48,48,0.47058823529411764,3.8918202981106265,-0.4394395655985633
2014-05,2014-05,2014,5,143,143,4.969813299576001,-0.24418619831305305,50,0.34965034965034963,False,False,45,45,0.3146853146853147,3.828641396489095,-0.5996091268914975
2014-06,2014-06,2014,6,119,119,4.787491742782046,-0.4023853896063686,50,0.42016806722689076,False,False,49,49,0.4117647058823529,3.912023005428146,-0.3860497118342519
2014-07,2014-07,2014,7,155,155,5.049856007249537,-0.16508660266639527,50,0.3225806451612903,False,False,44,44,0.2838709677419355,3.8066624897703196,-0.652998980655809
2014-08,2014-08,2014,8,171,171,5.147494476813453,-0.05962047513751823,50,0.29239766081871343,False,False,45,45,0.2631578947368421,3.828641396489095,-0.5996091268914975
2014-09,2014-09,2014,9,217,217,5.384495062789089,0.24359464150800325,89,0.41013824884792627,False,True,80,80,0.3686635944700461,4.394449154672439,1.2690357548594018
2014-10,2014-10,2014,10,268,268,5.594711379601839,0.5797679230062988,50,0.1865671641791045,False,False,45,45,0.16791044776119404,3.828641396489095,-0.5996091268914975
2014-11,2014-11,2014,11,188,188,5.241747015059643,0.05243728536191362,95,0.5053191489361702,False,True,84,84,0.44680851063829785,4.442651256490317,1.4825951699166475
2014-12,2014-12,2014,12,221,221,5.402677381872279,0.2699611733902225,50,0.22624434389140272,False,False,47,47,0.21266968325791855,3.871201010907891,-0.4928294193628747
2015-01,2015-01,2015,1,221,221,5.402677381872279,0.2699611733902225,50,0.22624434389140272,False,False,47,47,0.21266968325791855,3.871201010907891,-0.4928294193628747
2015-02,2015-02,2015,2,215,215,5.375278407684165,0.23041137556689362,50,0.23255813953488372,False,False,46,46,0.21395348837209302,3.8501476017100584,-0.5462192731271861
2015-03,2015-03,2015,3,202,202,5.313205979041787,0.14472014694968102,50,0.24752475247524752,False,False,48,48,0.2376237623762376,3.8918202981106265,-0.4394395655985633
2015-04,2015-04,2015,4,269,269,5.598421958998375,0.5863595559768536,50,0.18587360594795538,False,False,45,45,0.16728624535315986,3.828641396489095,-0.5996091268914975
2015-05,2015-05,2015,5,257,257,5.552959584921617,0.5072599603301958,91,0.3540856031128405,False,True,83,83,0.3229571984435798,4.430816798843313,1.4292053161523361
2015-06,2015-06,2015,6,256,256,5.54907608489522,0.5006683273596411,96,0.375,False,True,84,84,0.328125,4.442651256490317,1.4825951699166475
2015-07,2015-07,2015,7,438,438,6.0844994130751715,1.700345528000617,90,0.2054794520547945,False,True,78,78,0.1780821917808219,4.3694478524670215,1.162256047330779
2015-08,2015-08,2015,8,687,687,6.5337888379333435,3.341662137668766,100,0.14556040756914118,False,True,88,88,0.12809315866084425,4.48863636973214,1.696154584973893
2015-09,2015-09,2015,9,1007,1007,6.915723448631314,5.450984688246307,96,0.09533267130089375,False,True,86,86,0.08540218470705065,4.465908118654584,1.5893748774452703
2015-10,2015-10,2015,10,891,891,6.79346613258001,4.686355263661948,100,0.1122334455667789,False,True,85,85,0.09539842873176206,4.454347296253507,1.535985023680959
2015-11,2015-11,2015,11,665,665,6.501289670540389,3.19664621231656,97,0.14586466165413534,False,True,90,90,0.13533834586466165,4.51085950651685,1.802934292502516
2015-12,2015-12,2015,12,581,581,6.366470447731438,2.642949042789956,97,0.16695352839931152,False,True,91,91,0.1566265060240964,4.5217885770490405,1.8563241462668274
2016-01,2016-01,2016,1,766,766,6.642486801367256,3.862401142342596,94,0.1227154046997389,False,True,79,79,0.1031331592689295,4.382026634673881,1.2156459010950904
2016-02,2016-02,2016,2,659,659,6.492239835020471,3.157096414493231,96,0.1456752655538695,False,True,85,85,0.12898330804248861,4.454347296253507,1.535985023680959
2016-03,2016-03,2016,3,496,496,6.208590026096629,2.0826602402927965,97,0.19556451612903225,False,True,87,87,0.17540322580645162,4.477336814478207,1.6427647312095817
2016-04,2016-04,2016,4,383,383,5.950642552587727,1.3378057146201026,50,0.13054830287206268,False,False,48,48,0.12532637075718014,3.8918202981106265,-0.4394395655985633
2016-05,2016-05,2016,5,260,260,5.564520407322694,0.5270348592418602,50,0.19230769230769232,False,False,47,47,0.18076923076923077,3.871201010907891,-0.4928294193628747
2016-06,2016-06,2016,6,269,269,5.598421958998375,0.5863595559768536,50,0.18587360594795538,False,False,44,44,0.16356877323420074,3.8066624897703196,-0.652998980655809
2016-07,2016-07,2016,7,334,334,5.814130531825066,1.0148156990629165,50,0.1497005988023952,False,False,46,46,0.1377245508982036,3.8501476017100584,-0.5462192731271861
2016-08,2016-08,2016,8,338,338,5.82600010738045,1.0411822309451357,50,0.14792899408284024,False,False,44,44,0.1301775147928994,3.8066624897703196,-0.652998980655809
2016-09,2016-09,2016,9,381,381,5.945420608606575,1.3246224486789928,50,0.13123359580052493,False,False,46,46,0.12073490813648294,3.8501476017100584,-0.5462192731271861
2016-10,2016-10,2016,10,299,299,5.703782474656201,0.784108545093498,50,0.16722408026755853,False,False,45,45,0.1505016722408027,3.828641396489095,-0.5996091268914975
2016-11,2016-11,2016,11,243,243,5.497168225293202,0.41497709874242844,50,0.205761316872428,False,False,49,49,0.20164609053497942,3.912023005428146,-0.3860497118342519
2016-12,2016-12,2016,12,326,326,5.7899601708972535,0.962082635298478,50,0.15337423312883436,False,False,47,47,0.1441717791411043,3.871201010907891,-0.4928294193628747
2017-01,2017-01,2017,1,255,255,5.545177444479562,0.4940766943890862,50,0.19607843137254902,False,False,43,43,0.16862745098039217,3.784189633918261,-0.7063888344201203
2017-02,2017-02,2017,2,239,239,5.480638923341991,0.3886105668602092,50,0.20920502092050208,False,False,45,45,0.18828451882845187,3.828641396489095,-0.5996091268914975
2017-03,2017-03,2017,3,239,239,5.480638923341991,0.3886105668602092,50,0.20920502092050208,False,False,45,45,0.18828451882845187,3.828641396489095,-0.5996091268914975
2017-04,2017-04,2017,4,179,179,5.19295685089021,-0.006887411373079715,50,0.27932960893854747,False,False,42,42,0.2346368715083799,3.7612001156935624,-0.7597786881844317
2017-05,2017-05,2017,5,171,171,5.147494476813453,-0.05962047513751823,50,0.29239766081871343,False,False,46,46,0.26900584795321636,3.8501476017100584,-0.5462192731271861
2017-06,2017-06,2017,6,203,203,5.318119993844216,0.15131177992023584,50,0.24630541871921183,False,False,41,41,0.2019704433497537,3.7376696182833684,-0.8131685419487432
2017-07,2017-07,2017,7,188,188,5.241747015059643,0.05243728536191362,50,0.26595744680851063,False,False,48,48,0.2553191489361702,3.8918202981106265,-0.4394395655985633
2017-08,2017-08,2017,8,230,230,5.442417710521793,0.3292858701252158,50,0.21739130434782608,False,False,45,45,0.1956521739130435,3.828641396489095,-0.5996091268914975
2017-09,2017-09,2017,9,183,183,5.214935757608986,0.019479120509139542,50,0.273224043715847,False,False,45,45,0.2459016393442623,3.828641396489095,-0.5996091268914975
2017-10,2017-10,2017,10,142,142,4.962844630259907,-0.25077783128360787,50,0.352112676056338,False,False,43,43,0.3028169014084507,3.784189633918261,-0.7063888344201203
2017-11,2017-11,2017,11,164,164,5.10594547390058,-0.10576190593140193,50,0.3048780487804878,False,False,45,45,0.27439024390243905,3.828641396489095,-0.5996091268914975
2017-12,2017-12,2017,12,159,159,5.075173815233827,-0.138720070784176,50,0.31446540880503143,False,False,45,45,0.2830188679245283,3.828641396489095,-0.5996091268914975
2018-01,2018-01,2018,1,226,226,5.424950017481403,0.30291933824299655,50,0.22123893805309736,False,False,45,45,0.19911504424778761,3.828641396489095,-0.5996091268914975
2018-02,2018-02,2018,2,124,124,4.8283137373023015,-0.3694272247535945,50,0.4032258064516129,False,False,44,44,0.3548387096774194,3.8066624897703196,-0.652998980655809
2018-03,2018-03,2018,3,160,160,5.081404364984463,-0.13212843781362119,97,0.60625,False,True,81,81,0.50625,4.406719247264253,1.3224256086237132
2018-04,2018-04,2018,4,164,164,5.10594547390058,-0.10576190593140193,95,0.5792682926829268,False,True,83,83,0.5060975609756098,4.430816798843313,1.4292053161523361
2018-05,2018-05,2018,5,212,212,5.3612921657094255,0.21063647665522917,50,0.2358490566037736,False,False,44,44,0.20754716981132076,3.8066624897703196,-0.652998980655809
2018-06,2018-06,2018,6,295,295,5.69035945432406,0.7577420132112788,98,0.33220338983050846,False,True,84,84,0.2847457627118644,4.442651256490317,1.4825951699166475
2018-07,2018-07,2018,7,225,225,5.420534999272286,0.2963277052724418,50,0.2222222222222222,False,False,45,45,0.2,3.828641396489095,-0.5996091268914975
2018-08,2018-08,2018,8,209,209,5.3471075307174685,0.19086157774356471,98,0.4688995215311005,False,True,82,82,0.3923444976076555,4.418840607796598,1.3758154623880248
2018-09,2018-09,2018,9,125,125,4.836281906951478,-0.3628355917830397,50,0.4,False,False,45,45,0.36,3.828641396489095,-0.5996091268914975
2018-10,2018-10,2018,10,157,157,5.062595033026967,-0.15190333672528564,94,0.5987261146496815,False,True,64,64,0.40764331210191085,4.174387269895637,0.4147980946304193
2018-11,2018-11,2018,11,349,349,5.857933154483459,1.1136901936212389,90,0.25787965616045844,False,True,40,40,0.11461318051575932,3.713572066704308,-0.8665583957130546
2018-12,2018-12,2018,12,183,183,5.214935757608986,0.019479120509139542,98,0.5355191256830601,False,True,48,48,0.26229508196721313,3.8918202981106265,-0.4394395655985633
2019-01,2019-01,2019,1,293,293,5.683579767338681,0.7445587472701691,150,0.5119453924914675,False,True,42,42,0.14334470989761092,3.7612001156935624,-0.7597786881844317
2019-02,2019-02,2019,2,97,97,4.584967478670572,-0.5474013149585745,95,0.979381443298969,False,True,75,75,0.7731958762886598,4.330733340286331,1.002086486037845
2019-03,2019-03,2019,3,118,118,4.77912349311153,-0.4089770225769234,99,0.8389830508474576,False,True,76,76,0.6440677966101694,4.343805421853684,1.0554763398021563
2019-04,2019-04,2019,4,97,97,4.584967478670572,-0.5474013149585745,94,0.9690721649484536,False,True,78,78,0.8041237113402062,4.3694478524670215,1.162256047330779
2019-05,2019-05,2019,5,66,66,4.204692619390966,-0.7517419370457737,64,0.9696969696969697,False,True,54,54,0.8181818181818182,4.007333185232471,-0.11910044301269483
2019-06,2019-06,2019,6,74,74,4.31748811353631,-0.6990088732813352,73,0.9864864864864865,False,True,57,57,0.7702702702702703,4.060443010546419,0.0410691182802394
2019-07,2019-07,2019,7,101,101,4.624972813284271,-0.5210347830763553,50,0.49504950495049505,False,False,48,48,0.4752475247524752,3.8918202981106265,-0.4394395655985633
2019-08,2019-08,2019,8,99,99,4.605170185988092,-0.534218049017465,50,0.5050505050505051,False,False,42,42,0.42424242424242425,3.7612001156935624,-0.7597786881844317
2019-09,2019-09,2019,9,104,104,4.653960350157523,-0.5012598841646908,50,0.4807692307692308,False,False,42,42,0.40384615384615385,3.7612001156935624,-0.7597786881844317
2019-10,2019-10,2019,10,103,103,4.6443908991413725,-0.5078515171352457,50,0.4854368932038835,False,False,46,46,0.44660194174757284,3.8501476017100584,-0.5462192731271861
2019-11,2019-11,2019,11,112,112,4.727387818712341,-0.4485268204002523,50,0.44642857142857145,False,False,46,46,0.4107142857142857,3.8501476017100584,-0.5462192731271861
2019-12,2019-12,2019,12,104,104,4.653960350157523,-0.5012598841646908,50,0.4807692307692308,False,False,41,41,0.3942307692307692,3.7376696182833684,-0.8131685419487432
2020-01,2020-01,2020,1,90,90,4.51085950651685,-0.5935427457524582,50,0.5555555555555556,False,False,41,41,0.45555555555555555,3.7376696182833684,-0.8131685419487432
2020-02,2020-02,2020,2,87,87,4.477336814478207,-0.6133176446641226,50,0.5747126436781609,False,False,45,45,0.5172413793103449,3.828641396489095,-0.5996091268914975
2020-03,2020-03,2020,3,145,145,4.983606621708336,-0.23100293237194341,50,0.3448275862068966,False,False,43,43,0.296551724137931,3.784189633918261,-0.7063888344201203
2020-04,2020-04,2020,4,92,92,4.532599493153256,-0.5803594798113486,50,0.5434782608695652,False,False,45,45,0.4891304347826087,3.828641396489095,-0.5996091268914975
2020-05,2020-05,2020,5,72,72,4.290459441148391,-0.7121921392224448,50,0.6944444444444444,False,False,44,44,0.6111111111111112,3.8066624897703196,-0.652998980655809
2020-06,2020-06,2020,6,54,54,4.007333185232471,-0.8308415326924316,50,0.9259259259259259,False,False,43,43,0.7962962962962963,3.784189633918261,-0.7063888344201203
2020-07,2020-07,2020,7,75,75,4.330733340286331,-0.6924172403107804,50,0.6666666666666666,False,False,41,41,0.5466666666666666,3.7376696182833684,-0.8131685419487432
2020-08,2020-08,2020,8,69,69,4.248495242049359,-0.7319670381341093,50,0.7246376811594203,False,False,42,42,0.6086956521739131,3.7612001156935624,-0.7597786881844317
2020-09,2020-09,2020,9,178,178,5.187385805840755,-0.01347904434363453,99,0.5561797752808989,False,True,82,82,0.4606741573033708,4.418840607796598,1.3758154623880248
2020-10,2020-10,2020,10,75,75,4.330733340286331,-0.6924172403107804,50,0.6666666666666666,False,False,44,44,0.5866666666666667,3.8066624897703196,-0.652998980655809
2020-11,2020-11,2020,11,48,48,3.8918202981106265,-0.8703913305157605,48,1.0,False,False,45,45,0.9375,3.828641396489095,-0.5996091268914975
2020-12,2020-12,2020,12,74,74,4.31748811353631,-0.6990088732813352,50,0.6756756756756757,False,False,43,43,0.581081081081081,3.784189633918261,-0.7063888344201203
2021-01,2021-01,2021,1,67,67,4.219507705176107,-0.745150304075219,50,0.746268656716418,False,False,43,43,0.6417910447761194,3.784189633918261,-0.7063888344201203
2021-02,2021-02,2021,2,44,44,3.8066624897703196,-0.8967578623979797,44,1.0,False,False,39,39,0.8863636363636364,3.6888794541139363,-0.919948249477366
2021-03,2021-03,2021,3,51,51,3.9512437185814275,-0.850616431604096,50,0.9803921568627451,False,False,44,44,0.8627450980392157,3.8066624897703196,-0.652998980655809
2021-04,2021-04,2021,4,75,75,4.330733340286331,-0.6924172403107804,50,0.6666666666666666,False,False,42,42,0.56,3.7612001156935624,-0.7597786881844317
2021-05,2021-05,2021,5,55,55,4.02535169073515,-0.8242498997218768,55,1.0,False,True,41,41,0.7454545454545455,3.7376696182833684,-0.8131685419487432
2021-06,2021-06,2021,6,57,57,4.060443010546419,-0.8110666337807672,50,0.8771929824561403,False,False,42,42,0.7368421052631579,3.7612001156935624,-0.7597786881844317
2021-07,2021-07,2021,7,75,75,4.330733340286331,-0.6924172403107804,50,0.6666666666666666,False,False,43,43,0.5733333333333334,3.784189633918261,-0.7063888344201203
2021-08,2021-08,2021,8,115,115,4.7535901911063645,-0.4287519214885879,50,0.43478260869565216,False,False,42,42,0.3652173913043478,3.7612001156935624,-0.7597786881844317
2021-09,2021-09,2021,9,75,75,4.330733340286331,-0.6924172403107804,75,1.0,False,True,63,63,0.84,4.1588830833596715,0.36140824086610784
2021-10,2021-10,2021,10,80,80,4.394449154672439,-0.6594590754580064,50,0.625,False,False,45,45,0.5625,3.828641396489095,-0.5996091268914975
2021-11,2021-11,2021,11,97,97,4.584967478670572,-0.5474013149585745,50,0.5154639175257731,False,False,48,48,0.4948453608247423,3.8918202981106265,-0.4394395655985633
2021-12,2021-12,2021,12,58,58,4.07753744390572,-0.8044750008102123,50,0.8620689655172413,False,False,44,44,0.7586206896551724,3.8066624897703196,-0.652998980655809
2022-01,2022-01,2022,1,63,63,4.1588830833596715,-0.7715168359574383,58,0.9206349206349206,False,True,44,44,0.6984126984126984,3.8066624897703196,-0.652998980655809
2022-02,2022-02,2022,2,71,71,4.276666119016055,-0.7187837721929997,50,0.704225352112676,False,False,42,42,0.5915492957746479,3.7612001156935624,-0.7597786881844317
2022-03,2022-03,2022,3,353,353,5.869296913133774,1.140056725503458,50,0.141643059490085,False,False,43,43,0.12181303116147309,3.784189633918261,-0.7063888344201203
2022-04,2022-04,2022,4,154,154,5.043425116919247,-0.1716782356369501,50,0.3246753246753247,False,False,48,48,0.3116883116883117,3.8918202981106265,-0.4394395655985633
2022-05,2022-05,2022,5,79,79,4.382026634673881,-0.6660507084285612,50,0.6329113924050633,False,False,43,43,0.5443037974683544,3.784189633918261,-0.7063888344201203
2022-06,2022-06,2022,6,81,81,4.406719247264253,-0.6528674424874515,50,0.6172839506172839,False,False,43,43,0.5308641975308642,3.784189633918261,-0.7063888344201203
2022-07,2022-07,2022,7,80,80,4.394449154672439,-0.6594590754580064,78,0.975,False,True,57,57,0.7125,4.060443010546419,0.0410691182802394
2022-08,2022-08,2022,8,130,130,4.875197323201151,-0.3298774269302656,94,0.7230769230769231,False,True,72,72,0.5538461538461539,4.290459441148391,0.8419169247449105
2022-09,2022-09,2022,9,110,110,4.709530201312334,-0.4617100863413619,50,0.45454545454545453,False,False,42,42,0.38181818181818183,3.7612001156935624,-0.7597786881844317
2022-10,2022-10,2022,10,181,181,5.204006687076795,0.006295854568029914,99,0.5469613259668509,False,True,78,78,0.430939226519337,4.3694478524670215,1.162256047330779
2022-11,2022-11,2022,11,151,151,5.0238805208462765,-0.19145313454861454,50,0.33112582781456956,False,False,43,43,0.2847682119205298,3.784189633918261,-0.7063888344201203
2022-12,2022-12,2022,12,150,150,5.017279836814924,-0.19804476751916933,50,0.3333333333333333,False,False,45,45,0.3,3.828641396489095,-0.5996091268914975
2023-01,2023-01,2023,1,134,134,4.90527477843843,-0.3035108950480464,100,0.746268656716418,False,True,84,84,0.6268656716417911,4.442651256490317,1.4825951699166475
2023-02,2023-02,2023,2,205,205,5.327876168789581,0.16449504586134547,50,0.24390243902439024,False,False,41,41,0.2,3.7376696182833684,-0.8131685419487432
2023-03,2023-03,2023,3,121,121,4.804021044733257,-0.38920212366525897,50,0.4132231404958678,False,False,43,43,0.35537190082644626,3.784189633918261,-0.7063888344201203
2023-04,2023-04,2023,4,98,98,4.59511985013459,-0.5408096819880197,50,0.5102040816326531,False,False,46,46,0.46938775510204084,3.8501476017100584,-0.5462192731271861
2023-05,2023-05,2023,5,187,187,5.236441962829949,0.0458456523913588,50,0.26737967914438504,False,False,42,42,0.22459893048128343,3.7612001156935624,-0.7597786881844317
2023-06,2023-06,2023,6,130,130,4.875197323201151,-0.3298774269302656,50,0.38461538461538464,False,False,46,46,0.35384615384615387,3.8501476017100584,-0.5462192731271861
2023-07,2023-07,2023,7,99,99,4.605170185988092,-0.534218049017465,50,0.5050505050505051,False,False,41,41,0.41414141414141414,3.7376696182833684,-0.8131685419487432
2023-08,2023-08,2023,8,128,128,4.859812404361672,-0.34306069287137525,100,0.78125,False,True,79,79,0.6171875,4.382026634673881,1.2156459010950904
2023-09,2023-09,2023,9,202,202,5.313205979041787,0.14472014694968102,100,0.49504950495049505,False,True,81,81,0.400990099009901,4.406719247264253,1.3224256086237132
2023-10,2023-10,2023,10,284,284,5.652489180268651,0.6852340505351758,99,0.3485915492957746,False,True,76,76,0.2676056338028169,4.343805421853684,1.0554763398021563
2023-11,2023-11,2023,11,231,231,5.44673737166631,0.33587750309577064,50,0.21645021645021645,False,False,44,44,0.19047619047619047,3.8066624897703196,-0.652998980655809
2023-12,2023-12,2023,12,172,172,5.153291594497779,-0.053028842166963415,50,0.29069767441860467,False,False,46,46,0.26744186046511625,3.8501476017100584,-0.5462192731271861
2024-01,2024-01,2024,1,114,114,4.74493212836325,-0.4353435544591427,50,0.43859649122807015,False,False,42,42,0.3684210526315789,3.7612001156935624,-0.7597786881844317
2024-02,2024-02,2024,2,124,124,4.8283137373023015,-0.3694272247535945,50,0.4032258064516129,False,False,41,41,0.33064516129032256,3.7376696182833684,-0.8131685419487432
2024-03,2024-03,2024,3,104,104,4.653960350157523,-0.5012598841646908,50,0.4807692307692308,False,False,41,41,0.3942307692307692,3.7376696182833684,-0.8131685419487432
2024-04,2024-04,2024,4,90,90,4.51085950651685,-0.5935427457524582,50,0.5555555555555556,False,False,43,43,0.4777777777777778,3.784189633918261,-0.7063888344201203
2024-05,2024-05,2024,5,82,82,4.418840607796598,-0.6462758095168968,82,1.0,False,True,66,66,0.8048780487804879,4.204692619390966,0.5215778021590421
2024-06,2024-06,2024,6,149,149,5.0106352940962555,-0.20463640048972415,99,0.6644295302013423,False,True,81,81,0.5436241610738255,4.406719247264253,1.3224256086237132
2024-07,2024-07,2024,7,91,91,4.5217885770490405,-0.5869511127819034,50,0.5494505494505495,False,False,45,45,0.4945054945054945,3.828641396489095,-0.5996091268914975
2024-08,2024-08,2024,8,151,151,5.0238805208462765,-0.19145313454861454,100,0.6622516556291391,False,True,75,75,0.4966887417218543,4.330733340286331,1.002086486037845
2024-09,2024-09,2024,9,168,168,5.1298987149230735,-0.07939537404918268,50,0.2976190476190476,False,False,42,42,0.25,3.7612001156935624,-0.7597786881844317
2024-10,2024-10,2024,10,136,136,4.919980925828125,-0.29032762910693677,50,0.36764705882352944,False,False,48,48,0.35294117647058826,3.8918202981106265,-0.4394395655985633
2024-11,2024-11,2024,11,109,109,4.700480365792417,-0.4683017193119167,50,0.45871559633027525,False,False,43,43,0.3944954128440367,3.784189633918261,-0.7063888344201203
2024-12,2024-12,2024,12,140,140,4.948759890378168,-0.2639610972247175,50,0.35714285714285715,False,False,44,44,0.3142857142857143,3.8066624897703196,-0.652998980655809
2025-01,2025-01,2025,1,186,186,5.231108616854587,0.03925401942080399,98,0.5268817204301075,False,True,78,78,0.41935483870967744,4.3694478524670215,1.162256047330779
2025-02,2025-02,2025,2,154,154,5.043425116919247,-0.1716782356369501,97,0.6298701298701299,False,True,75,75,0.487012987012987,4.330733340286331,1.002086486037845
2025-03,2025-03,2025,3,100,100,4.61512051684126,-0.5276264160469101,99,0.99,False,True,81,81,0.81,4.406719247264253,1.3224256086237132
2025-04,2025-04,2025,4,78,78,4.3694478524670215,-0.672642341399116,78,1.0,False,True,66,66,0.8461538461538461,4.204692619390966,0.5215778021590421
2025-05,2025-05,2025,5,100,100,4.61512051684126,-0.5276264160469101,50,0.5,False,False,45,45,0.45,3.828641396489095,-0.5996091268914975
2025-06,2025-06,2025,6,118,118,4.77912349311153,-0.4089770225769234,50,0.423728813559322,False,False,44,44,0.3728813559322034,3.8066624897703196,-0.652998980655809
2025-07,2025-07,2025,7,138,138,4.9344739331306915,-0.27714436316582713,100,0.7246376811594203,False,True,73,73,0.5289855072463768,4.30406509320417,0.895306778509222
2025-08,2025-08,2025,8,136,136,4.919980925828125,-0.29032762910693677,94,0.6911764705882353,False,True,72,72,0.5294117647058824,4.290459441148391,0.8419169247449105
2025-09,2025-09,2025,9,105,105,4.663439094112067,-0.494668251194136,99,0.9428571428571428,False,True,76,76,0.7238095238095238,4.343805421853684,1.0554763398021563
2025-10,2025-10,2025,10,105,105,4.663439094112067,-0.494668251194136,86,0.819047619047619,False,True,72,72,0.6857142857142857,4.290459441148391,0.8419169247449105
2025-11,2025-11,2025,11,113,113,4.736198448394496,-0.4419351874296975,83,0.7345132743362832,False,True,73,73,0.6460176991150443,4.30406509320417,0.895306778509222
2025-12,2025-12,2025,12,115,115,4.7535901911063645,-0.4287519214885879,113,0.9826086956521739,False,True,88,88,0.7652173913043478,4.48863636973214,1.696154584973893
